[install] Full transcript log: /home/leesihun/home_dir/install-all-20260519T120810Z.log

[install] Diagnostics summary: /home/leesihun/home_dir/install-diagnostics-20260519T120810Z.log

[1;32m[install][0m Extracting /home/leesihun/home_dir/all-airgap-bundle-ubuntu24.04.bin -> /home/leesihun/home_dir

[1;32m[install][0m Using bundle: /home/leesihun/home_dir/GPU_server_downloads

[1;32m[install][0m Generating requirements.txt for wheel directories under /home/leesihun/home_dir/GPU_server_downloads/wheels

generated: /home/leesihun/home_dir/GPU_server_downloads/wheels/inference/requirements.txt (351 packages, 404 archives)

generated: /home/leesihun/home_dir/GPU_server_downloads/wheels/jupyter/requirements.txt (151 packages, 151 archives)

generated: /home/leesihun/home_dir/GPU_server_downloads/wheels/llamacpp/requirements.txt (100 packages, 109 archives)

generated: /home/leesihun/home_dir/GPU_server_downloads/wheels/training/requirements.txt (152 packages, 163 archives)



[1;35m== Sanity checks ==[0m

[1;32m[install][0m Install identity: leesihun:leesihun (running uid=0)

[1;32m[install][0m /scratch ready (owner leesihun:leesihun)

[1;32m[install][0m Bundle built on : ubuntu 24.04 / amd64 / py3.12

[1;32m[install][0m This host       : ubuntu 24.04 / amd64

[1;32m[install][0m Verifying SHA256 checksums



[1;35m== Purging existing CUDA toolkit ==[0m

[1;32m[install][0m Removing 39 existing CUDA packages: cuda-cccl-13-0 cuda-command-line-tools-13-0 cuda-compiler-13-0 cuda-crt-13-0 cuda-cudart-13-0 cuda-cudart-dev-13-0 cuda-culibos-dev-13-0 cuda-cuobjdump-13-0 cuda-cupti-13-0 cuda-cupti-dev-13-0 cuda-cuxxfilt-13-0 cuda-documentation-13-0 cuda-driver-dev-13-0 cuda-gdb-13-0 cuda-keyring cuda-libraries-13-0 cuda-libraries-dev-13-0 cuda-nsight-13-0 cuda-nsight-compute-13-0 cuda-nsight-systems-13-0 cuda-nvcc-13-0 cuda-nvdisasm-13-0 cuda-nvml-dev-13-0 cuda-nvprune-13-0 cuda-nvrtc-13-0 cuda-nvrtc-dev-13-0 cuda-nvtx-13-0 cuda-opencl-13-0 cuda-profiler-api-13-0 cuda-sandbox-dev-13-0 cuda-sanitizer-13-0 cuda-toolkit-13-0 cuda-toolkit-13-0-config-common cuda-toolkit-13-config-common cuda-toolkit-config-common cuda-tools-13-0 cuda-visual-tools-13-0 libnccl-dev libnccl2

Reading package lists...

Building dependency tree...

Reading state information...

You might want to run 'apt --fix-broken install' to correct these.

The following packages have unmet dependencies:

 doca-ofed : Depends: libibverbs1 (= 2510.0.11-1) but 50.0-2ubuntu0.2 is to be installed

             Depends: ibverbs-providers (= 2510.0.11-1) but 50.0-2ubuntu0.2 is to be installed

 doca-openvswitch-common : Depends: ibverbs-providers (>= 54) but 50.0-2ubuntu0.2 is to be installed

 doca-openvswitch-switch : Depends: ibverbs-providers (>= 54) but 50.0-2ubuntu0.2 is to be installed

 doca-perftest : Depends: ibverbs-providers (>= 54) but 50.0-2ubuntu0.2 is to be installed

 doca-sdk-common : Depends: ibverbs-providers (>= 54) but 50.0-2ubuntu0.2 is to be installed

 ibverbs-utils : Depends: libibverbs1 (>= 57) but 50.0-2ubuntu0.2 is to be installed

 libcublas-13-0 : Depends: cuda-toolkit-config-common but it is not going to be installed or

                           cuda-cudart-11-2 but it is not installable

                  Depends: cuda-toolkit-13-config-common but it is not going to be installed or

                           cuda-cudart-11-2 but it is not installable

                  Depends: cuda-toolkit-13-0-config-common but it is not going to be installed

 libcublas-dev-13-0 : Depends: cuda-culibos-dev-13-0 but it is not going to be installed

 libcufft-13-0 : Depends: cuda-toolkit-config-common but it is not going to be installed or

                          cuda-cudart-11-2 but it is not installable

                 Depends: cuda-toolkit-13-config-common but it is not going to be installed or

                          cuda-cudart-11-2 but it is not installable

                 Depends: cuda-toolkit-13-0-config-common but it is not going to be installed

 libcufft-dev-13-0 : Depends: cuda-culibos-dev-13-0 but it is not going to be installed

 libcufile-13-0 : Depends: cuda-toolkit-config-common but it is not going to be installed or

                           cuda-cudart-11-2 but it is not installable

                  Depends: cuda-toolkit-13-config-common but it is not going to be installed or

                           cuda-cudart-11-2 but it is not installable

                  Depends: cuda-toolkit-13-0-config-common but it is not going to be installed

 libcurand-13-0 : Depends: cuda-toolkit-config-common but it is not going to be installed or

                           cuda-cudart-11-2 but it is not installable

                  Depends: cuda-toolkit-13-config-common but it is not going to be installed or

                           cuda-cudart-11-2 but it is not installable

                  Depends: cuda-toolkit-13-0-config-common but it is not going to be installed

 libcurand-dev-13-0 : Depends: cuda-culibos-dev-13-0 but it is not going to be installed

 libcusolver-13-0 : Depends: cuda-toolkit-config-common but it is not going to be installed or

                             cuda-cudart-11-2 but it is not installable

                    Depends: cuda-toolkit-13-config-common but it is not going to be installed or

                             cuda-cudart-11-2 but it is not installable

                    Depends: cuda-toolkit-13-0-config-common but it is not going to be installed

 libcusolver-dev-13-0 : Depends: cuda-culibos-dev-13-0 but it is not going to be installed

 libcusparse-13-0 : Depends: cuda-toolkit-config-common but it is not going to be installed or

                             cuda-cudart-11-2 but it is not installable

                    Depends: cuda-toolkit-13-config-common but it is not going to be installed or

                             cuda-cudart-11-2 but it is not installable

                    Depends: cuda-toolkit-13-0-config-common but it is not going to be installed

 libcusparse-dev-13-0 : Depends: cuda-culibos-dev-13-0 but it is not going to be installed

 libenchant-2-2 : Depends: hunspell-en-us but it is not installable or

                           hunspell-dictionary but it is not installable or

                           myspell-dictionary but it is not installable or

                           aspell-dictionary but it is not installable or

                           ispell-dictionary but it is not installable

                  Depends: libaspell15 (>= 0.60.8.1) but it is not installable

                  Depends: libhunspell-1.7-0 but it is not installable

 libibverbs-dev : Depends: ibverbs-providers (= 2510.0.11-1) but 50.0-2ubuntu0.2 is to be installed

                  Depends: libibverbs1 (= 2510.0.11-1) but 50.0-2ubuntu0.2 is to be installed

 libnpp-13-0 : Depends: cuda-toolkit-config-common but it is not going to be installed or

                        cuda-cudart-11-2 but it is not installable

               Depends: cuda-toolkit-13-config-common but it is not going to be installed or

                        cuda-cudart-11-2 but it is not installable

               Depends: cuda-toolkit-13-0-config-common but it is not going to be installed

 libnpp-dev-13-0 : Depends: cuda-culibos-dev-13-0 but it is not going to be installed

 libnss-systemd : Depends: systemd (= 255.4-1ubuntu8.14) but 255.4-1ubuntu8.15 is to be installed

 libnvfatbin-13-0 : Depends: cuda-toolkit-config-common but it is not going to be installed

                    Depends: cuda-toolkit-13-config-common but it is not going to be installed

                    Depends: cuda-toolkit-13-0-config-common but it is not going to be installed

 libnvidia-compute-580 : Depends: libnvidia-cfg1-580 (= 580.159.04-1ubuntu1) but it is not going to be installed

 libnvjitlink-13-0 : Depends: cuda-toolkit-config-common but it is not going to be installed

                     Depends: cuda-toolkit-13-config-common but it is not going to be installed

                     Depends: cuda-toolkit-13-0-config-common but it is not going to be installed

 libnvjpeg-13-0 : Depends: cuda-toolkit-config-common but it is not going to be installed

                  Depends: cuda-toolkit-13-config-common but it is not going to be installed

                  Depends: cuda-toolkit-13-0-config-common but it is not going to be installed

 libnvvm-13-0 : Depends: cuda-toolkit-config-common but it is not going to be installed or

                         cuda-toolkit-13-config-common but it is not going to be installed or

                         cuda-cudart-11-2 but it is not installable

                Depends: cuda-toolkit-13-0-config-common but it is not going to be installed

 nvidia-driver-580-open : Depends: nvidia-dkms-580-open (= 580.159.04-1ubuntu1) but it is not going to be installed

                          Depends: nvidia-kernel-common-580 (= 580.159.04-1ubuntu1) but it is not going to be installed

                          Depends: nvidia-kernel-source-580-open (= 580.159.04-1ubuntu1) but it is not going to be installed

                          Depends: xserver-xorg-video-nvidia-580 (= 580.159.04-1ubuntu1) but it is not going to be installed

                          Recommends: libnvidia-compute-580:i386 (= 580.159.04-1ubuntu1)

                          Recommends: libnvidia-decode-580:i386 (= 580.159.04-1ubuntu1)

                          Recommends: libnvidia-encode-580:i386 (= 580.159.04-1ubuntu1)

                          Recommends: libnvidia-fbc1-580:i386 (= 580.159.04-1ubuntu1)

                          Recommends: libnvidia-gl-580:i386 (= 580.159.04-1ubuntu1)

 nvidia-kernel-common : Depends: nvidia-firmware (= 595.58.03-1ubuntu1)

                        Depends: nvidia-modprobe (= 595.58.03-1ubuntu1) but 580.159.04-1ubuntu1 is to be installed

 perftest : Depends: ibverbs-providers (>= 2510.0.11-1) but 50.0-2ubuntu0.2 is to be installed

 sharp : Depends: ibverbs-providers (>= 54) but 50.0-2ubuntu0.2 is to be installed

 systemd-resolved : Depends: libsystemd-shared (= 255.4-1ubuntu8.14) but 255.4-1ubuntu8.15 is to be installed

                    Depends: systemd (= 255.4-1ubuntu8.14) but 255.4-1ubuntu8.15 is to be installed

 systemd-sysv : Depends: systemd (= 255.4-1ubuntu8.14) but 255.4-1ubuntu8.15 is to be installed

Reading package lists...

Building dependency tree...

Reading state information...

You might want to run 'apt --fix-broken install' to correct these.

The following packages have unmet dependencies:

 doca-ofed : Depends: libibverbs1 (= 2510.0.11-1) but 50.0-2ubuntu0.2 is installed

             Depends: ibverbs-providers (= 2510.0.11-1) but 50.0-2ubuntu0.2 is installed

 doca-openvswitch-common : Depends: ibverbs-providers (>= 54) but 50.0-2ubuntu0.2 is installed

 doca-openvswitch-switch : Depends: ibverbs-providers (>= 54) but 50.0-2ubuntu0.2 is installed

 doca-perftest : Depends: ibverbs-providers (>= 54) but 50.0-2ubuntu0.2 is installed

 doca-sdk-common : Depends: ibverbs-providers (>= 54) but 50.0-2ubuntu0.2 is installed

 ibverbs-utils : Depends: libibverbs1 (>= 57) but 50.0-2ubuntu0.2 is installed

 libenchant-2-2 : Depends: hunspell-en-us but it is not installable or

                           hunspell-dictionary but it is not installable or

                           myspell-dictionary but it is not installable or

                           aspell-dictionary but it is not installable or

                           ispell-dictionary but it is not installable

                  Depends: libaspell15 (>= 0.60.8.1) but it is not installable

                  Depends: libhunspell-1.7-0 but it is not installable

 libibverbs-dev : Depends: ibverbs-providers (= 2510.0.11-1) but 50.0-2ubuntu0.2 is installed

                  Depends: libibverbs1 (= 2510.0.11-1) but 50.0-2ubuntu0.2 is installed

 libnss-systemd : Depends: systemd (= 255.4-1ubuntu8.14) but 255.4-1ubuntu8.15 is installed

 libnvidia-compute-580 : Depends: libnvidia-cfg1-580 (= 580.159.04-1ubuntu1) but it is not installed

 nvidia-driver-580-open : Depends: nvidia-dkms-580-open (= 580.159.04-1ubuntu1) but it is not installed

                          Depends: nvidia-kernel-common-580 (= 580.159.04-1ubuntu1) but it is not installed

                          Depends: nvidia-kernel-source-580-open (= 580.159.04-1ubuntu1) but it is not installed

                          Depends: xserver-xorg-video-nvidia-580 (= 580.159.04-1ubuntu1) but it is not installed

                          Recommends: libnvidia-compute-580:i386 (= 580.159.04-1ubuntu1)

                          Recommends: libnvidia-decode-580:i386 (= 580.159.04-1ubuntu1)

                          Recommends: libnvidia-encode-580:i386 (= 580.159.04-1ubuntu1)

                          Recommends: libnvidia-fbc1-580:i386 (= 580.159.04-1ubuntu1)

                          Recommends: libnvidia-gl-580:i386 (= 580.159.04-1ubuntu1)

 nvidia-kernel-common : Depends: nvidia-firmware (= 595.58.03-1ubuntu1)

                        Depends: nvidia-modprobe (= 595.58.03-1ubuntu1) but 580.159.04-1ubuntu1 is installed

 perftest : Depends: ibverbs-providers (>= 2510.0.11-1) but 50.0-2ubuntu0.2 is installed

 sharp : Depends: ibverbs-providers (>= 54) but 50.0-2ubuntu0.2 is installed

 systemd-resolved : Depends: libsystemd-shared (= 255.4-1ubuntu8.14) but 255.4-1ubuntu8.15 is installed

                    Depends: systemd (= 255.4-1ubuntu8.14) but 255.4-1ubuntu8.15 is installed

 systemd-sysv : Depends: systemd (= 255.4-1ubuntu8.14) but 255.4-1ubuntu8.15 is installed

[1;32m[install][0m Removing leftover directory: /usr/local/cuda-13.0/

[1;32m[install][0m CUDA purge complete.

[1;32m[install][0m Existing NVIDIA driver branch on host: 580



[1;35m== Pre-purging packages that conflict with bundle versions ==[0m

[1;32m[install][0m Pre-purging: vim vim-common vim-runtime

Reading package lists...

Building dependency tree...

Reading state information...

You might want to run 'apt --fix-broken install' to correct these.

The following packages have unmet dependencies:

 doca-ofed : Depends: libibverbs1 (= 2510.0.11-1) but 50.0-2ubuntu0.2 is to be installed

             Depends: ibverbs-providers (= 2510.0.11-1) but 50.0-2ubuntu0.2 is to be installed

 doca-openvswitch-common : Depends: ibverbs-providers (>= 54) but 50.0-2ubuntu0.2 is to be installed

 doca-openvswitch-switch : Depends: ibverbs-providers (>= 54) but 50.0-2ubuntu0.2 is to be installed

 doca-perftest : Depends: ibverbs-providers (>= 54) but 50.0-2ubuntu0.2 is to be installed

 doca-sdk-common : Depends: ibverbs-providers (>= 54) but 50.0-2ubuntu0.2 is to be installed

 ibverbs-utils : Depends: libibverbs1 (>= 57) but 50.0-2ubuntu0.2 is to be installed

 libenchant-2-2 : Depends: hunspell-en-us but it is not installable or

                           hunspell-dictionary but it is not installable or

                           myspell-dictionary but it is not installable or

                           aspell-dictionary but it is not installable or

                           ispell-dictionary but it is not installable

                  Depends: libaspell15 (>= 0.60.8.1) but it is not installable

                  Depends: libhunspell-1.7-0 but it is not installable

 libibverbs-dev : Depends: ibverbs-providers (= 2510.0.11-1) but 50.0-2ubuntu0.2 is to be installed

                  Depends: libibverbs1 (= 2510.0.11-1) but 50.0-2ubuntu0.2 is to be installed

 libnss-systemd : Depends: systemd (= 255.4-1ubuntu8.14) but 255.4-1ubuntu8.15 is to be installed

 libnvidia-compute-580 : Depends: libnvidia-cfg1-580 (= 580.159.04-1ubuntu1) but it is not going to be installed

 nvidia-driver-580-open : Depends: nvidia-dkms-580-open (= 580.159.04-1ubuntu1) but it is not going to be installed

                          Depends: nvidia-kernel-common-580 (= 580.159.04-1ubuntu1) but it is not going to be installed

                          Depends: nvidia-kernel-source-580-open (= 580.159.04-1ubuntu1) but it is not going to be installed

                          Depends: xserver-xorg-video-nvidia-580 (= 580.159.04-1ubuntu1) but it is not going to be installed

                          Recommends: libnvidia-compute-580:i386 (= 580.159.04-1ubuntu1)

                          Recommends: libnvidia-decode-580:i386 (= 580.159.04-1ubuntu1)

                          Recommends: libnvidia-encode-580:i386 (= 580.159.04-1ubuntu1)

                          Recommends: libnvidia-fbc1-580:i386 (= 580.159.04-1ubuntu1)

                          Recommends: libnvidia-gl-580:i386 (= 580.159.04-1ubuntu1)

 nvidia-kernel-common : Depends: nvidia-firmware (= 595.58.03-1ubuntu1)

                        Depends: nvidia-modprobe (= 595.58.03-1ubuntu1) but 580.159.04-1ubuntu1 is to be installed

 perftest : Depends: ibverbs-providers (>= 2510.0.11-1) but 50.0-2ubuntu0.2 is to be installed

 sharp : Depends: ibverbs-providers (>= 54) but 50.0-2ubuntu0.2 is to be installed

 systemd-resolved : Depends: libsystemd-shared (= 255.4-1ubuntu8.14) but 255.4-1ubuntu8.15 is to be installed

                    Depends: systemd (= 255.4-1ubuntu8.14) but 255.4-1ubuntu8.15 is to be installed

 systemd-sysv : Depends: systemd (= 255.4-1ubuntu8.14) but 255.4-1ubuntu8.15 is to be installed

(Reading database ... 273287 files and directories currently installed.)

Removing vim (2:9.1.0016-1ubuntu7.13) ...

Removing vim-common (2:9.1.0016-1ubuntu7.13) ...

Removing vim-runtime (2:9.1.0016-1ubuntu7.13) ...

Removing 'diversion of /usr/share/vim/vim91/doc/help.txt to /usr/share/vim/vim91/doc/help.txt.vim-tiny by vim-runtime'

Removing 'diversion of /usr/share/vim/vim91/doc/tags to /usr/share/vim/vim91/doc/tags.vim-tiny by vim-runtime'

Processing triggers for man-db (2.12.0-4build2) ...

Processing triggers for hicolor-icon-theme (0.17-2) ...

Processing triggers for desktop-file-utils (0.27-2build1) ...



[1;35m== Bundle cleanup (pruning conflict-causing debs and deduping versions) ==[0m

[1;32m[install][0m NVIDIA driver branch in bundle: 580 (off-branch debs will be pruned)

[1;32m[install][0m systemd anchor version: 255.4-1ubuntu8.15 (other versions in family will be pruned)

[1;32m[install][0m Regenerating bundled apt repo metadata



[1;35m== APT packages ==[0m

[1;32m[install][0m Installing from bundled local apt repository

[1;32m[install][0m Staged local apt repo with hardlinks: /var/tmp/airgap-bundle-debs

Get:1 file:/var/tmp/airgap-bundle-debs ./ InRelease

Ign:1 file:/var/tmp/airgap-bundle-debs ./ InRelease

Get:2 file:/var/tmp/airgap-bundle-debs ./ Release

Ign:2 file:/var/tmp/airgap-bundle-debs ./ Release

Get:3 file:/var/tmp/airgap-bundle-debs ./ Packages

Err:3 file:/var/tmp/airgap-bundle-debs ./ Packages

  Method gave a blank filename

Get:3 file:/var/tmp/airgap-bundle-debs ./ Packages

Err:3 file:/var/tmp/airgap-bundle-debs ./ Packages

  Method gave a blank filename

Get:3 file:/var/tmp/airgap-bundle-debs ./ Packages

Err:3 file:/var/tmp/airgap-bundle-debs ./ Packages

  Method gave a blank filename

Get:3 file:/var/tmp/airgap-bundle-debs ./ Packages [404 kB]

Reading package lists...

Reading package lists...

Building dependency tree...

Reading state information...

E: Unable to locate package nvidia-container-toolkit

E: Unable to locate package nvidia-container-toolkit-base

E: Unable to locate package libnvidia-container1

E: Unable to locate package libnvidia-container-tools

[1;33m[install:WARN][0m Local apt install failed; falling back to dpkg multi-pass.

[1;33m[install:WARN][0m ALLOW_DPKG_FALLBACK=1 set; force-installing all bundled .debs.

[1;32m[install][0m Installing 1247 .deb packages (multi-pass for dependency ordering)

[1;32m[install][0m dpkg pass 1

(Reading database ... 271077 files and directories currently installed.)

dpkg: warning: overriding problem because --force enabled:

dpkg: warning: trying to overwrite '/usr/local/cuda-13.0/include', which is also in package libcublas-dev-13-0 13.1.1.3-1

dpkg: warning: overriding problem because --force enabled:

dpkg: warning: trying to overwrite '/usr/local/cuda-13.0/include', which is also in package libnvjpeg-dev-13-0 13.0.1.86-1

dpkg: warning: overriding problem because --force enabled:

dpkg: warning: trying to overwrite '/usr/local/cuda-13.0/include', which is also in package libnvjitlink-dev-13-0 13.0.88-1

dpkg: warning: overriding problem because --force enabled:

dpkg: warning: trying to overwrite '/usr/local/cuda-13.0/include', which is also in package libnpp-dev-13-0 13.0.1.2-1

dpkg: warning: overriding problem because --force enabled:

dpkg: warning: trying to overwrite '/usr/local/cuda-13.0/include', which is also in package libnvptxcompiler-13-0 13.0.88-1

dpkg: warning: overriding problem because --force enabled:

dpkg: warning: trying to overwrite '/usr/local/cuda-13.0/include', which is also in package libcurand-dev-13-0 10.4.0.35-1

dpkg: warning: overriding problem because --force enabled:

dpkg: warning: trying to overwrite '/usr/local/cuda-13.0/include', which is also in package libcusparse-dev-13-0 12.6.3.3-1

dpkg: warning: overriding problem because --force enabled:

dpkg: warning: trying to overwrite '/usr/local/cuda-13.0/include', which is also in package libcusolver-dev-13-0 12.0.4.66-1

dpkg: warning: overriding problem because --force enabled:

dpkg: warning: trying to overwrite '/usr/local/cuda-13.0/include', which is also in package libnvfatbin-dev-13-0 13.0.85-1

dpkg: warning: overriding problem because --force enabled:

dpkg: warning: trying to overwrite '/usr/local/cuda-13.0/include', which is also in package libcufft-dev-13-0 12.0.0.61-1

dpkg: warning: overriding problem because --force enabled:

dpkg: warning: trying to overwrite '/usr/local/cuda-13.0/include', which is also in package cuda-sandbox-dev-13-0 13.0.85-1

dpkg: warning: overriding problem because --force enabled:

dpkg: warning: trying to overwrite '/usr/local/cuda-13.0/include', which is also in package cuda-profiler-api-13-0 13.0.85-1

dpkg: warning: overriding problem because --force enabled:

dpkg: warning: trying to overwrite '/usr/local/cuda-13.0/include', which is also in package cuda-nvtx-13-0 13.0.85-1

dpkg: warning: overriding problem because --force enabled:

dpkg: warning: trying to overwrite '/usr/local/cuda-13.0/include', which is also in package cuda-nvrtc-dev-13-0 13.0.88-1

dpkg: warning: overriding problem because --force enabled:

dpkg: warning: trying to overwrite '/usr/local/cuda-13.0/include', which is also in package cuda-nvcc-13-0 13.0.88-1

dpkg: warning: overriding problem because --force enabled:

dpkg: warning: trying to overwrite '/usr/local/cuda-13.0/include', which is also in package cuda-cudart-dev-13-0 13.0.96-1

dpkg: warning: overriding problem because --force enabled:

dpkg: warning: trying to overwrite '/usr/local/cuda-13.0/include', which is also in package cuda-cuxxfilt-13-0 13.0.85-1

dpkg: warning: overriding problem because --force enabled:

dpkg: warning: trying to overwrite '/usr/local/cuda-13.0/include', which is also in package cuda-cupti-dev-13-0 13.0.85-1

dpkg: warning: overriding problem because --force enabled:

dpkg: warning: trying to overwrite '/usr/local/cuda-13.0/include', which is also in package cuda-nvml-dev-13-0 13.0.87-1

dpkg: warning: overriding problem because --force enabled:

dpkg: warning: trying to overwrite '/usr/local/cuda-13.0/include', which is also in package cuda-crt-13-0 13.0.88-1

dpkg: warning: overriding problem because --force enabled:

dpkg: warning: trying to overwrite '/usr/local/cuda-13.0/lib64', which is also in package libcufft-13-0 12.0.0.61-1

dpkg: warning: overriding problem because --force enabled:

dpkg: warning: trying to overwrite '/usr/local/cuda-13.0/lib64', which is also in package libcublas-dev-13-0 13.1.1.3-1

dpkg: warning: overriding problem because --force enabled:

dpkg: warning: trying to overwrite '/usr/local/cuda-13.0/lib64', which is also in package libcusolver-13-0 12.0.4.66-1

dpkg: warning: overriding problem because --force enabled:

dpkg: warning: trying to overwrite '/usr/local/cuda-13.0/lib64', which is also in package libcublas-13-0 13.1.1.3-1

dpkg: warning: overriding problem because --force enabled:

dpkg: warning: trying to overwrite '/usr/local/cuda-13.0/lib64', which is also in package libnvjpeg-dev-13-0 13.0.1.86-1

dpkg: warning: overriding problem because --force enabled:

dpkg: warning: trying to overwrite '/usr/local/cuda-13.0/lib64', which is also in package libnvjpeg-13-0 13.0.1.86-1

dpkg: warning: overriding problem because --force enabled:

dpkg: warning: trying to overwrite '/usr/local/cuda-13.0/lib64', which is also in package libnvjitlink-dev-13-0 13.0.88-1

dpkg: warning: overriding problem because --force enabled:

dpkg: warning: trying to overwrite '/usr/local/cuda-13.0/lib64', which is also in package libcusparse-13-0 12.6.3.3-1

dpkg: warning: overriding problem because --force enabled:

dpkg: warning: trying to overwrite '/usr/local/cuda-13.0/lib64', which is also in package libnpp-dev-13-0 13.0.1.2-1

dpkg: warning: overriding problem because --force enabled:

dpkg: warning: trying to overwrite '/usr/local/cuda-13.0/lib64', which is also in package libnpp-13-0 13.0.1.2-1

dpkg: warning: overriding problem because --force enabled:

dpkg: warning: trying to overwrite '/usr/local/cuda-13.0/lib64', which is also in package libnvptxcompiler-13-0 13.0.88-1

dpkg: warning: overriding problem because --force enabled:

dpkg: warning: trying to overwrite '/usr/local/cuda-13.0/lib64', which is also in package libcurand-13-0 10.4.0.35-1

dpkg: warning: overriding problem because --force enabled:

dpkg: warning: trying to overwrite '/usr/local/cuda-13.0/lib64', which is also in package libcurand-dev-13-0 10.4.0.35-1

dpkg: warning: overriding problem because --force enabled:

dpkg: warning: trying to overwrite '/usr/local/cuda-13.0/lib64', which is also in package libcusparse-dev-13-0 12.6.3.3-1

dpkg: warning: overriding problem because --force enabled:

dpkg: warning: trying to overwrite '/usr/local/cuda-13.0/lib64', which is also in package libcusolver-dev-13-0 12.0.4.66-1

dpkg: warning: overriding problem because --force enabled:

dpkg: warning: trying to overwrite '/usr/local/cuda-13.0/lib64', which is also in package libnvfatbin-dev-13-0 13.0.85-1

dpkg: warning: overriding problem because --force enabled:

dpkg: warning: trying to overwrite '/usr/local/cuda-13.0/lib64', which is also in package libnvfatbin-13-0 13.0.85-1

dpkg: warning: overriding problem because --force enabled:

dpkg: warning: trying to overwrite '/usr/local/cuda-13.0/lib64', which is also in package libcufft-dev-13-0 12.0.0.61-1

dpkg: warning: overriding problem because --force enabled:

dpkg: warning: trying to overwrite '/usr/local/cuda-13.0/lib64', which is also in package cuda-sandbox-dev-13-0 13.0.85-1

dpkg: warning: overriding problem because --force enabled:

dpkg: warning: trying to overwrite '/usr/local/cuda-13.0/lib64', which is also in package cuda-opencl-13-0 13.0.85-1

dpkg: warning: overriding problem because --force enabled:

dpkg: warning: trying to overwrite '/usr/local/cuda-13.0/lib64', which is also in package cuda-nvtx-13-0 13.0.85-1

dpkg: warning: overriding problem because --force enabled:

dpkg: warning: trying to overwrite '/usr/local/cuda-13.0/lib64', which is also in package cuda-nvrtc-dev-13-0 13.0.88-1

dpkg: warning: overriding problem because --force enabled:

dpkg: warning: trying to overwrite '/usr/local/cuda-13.0/lib64', which is also in package cuda-nvrtc-13-0 13.0.88-1

dpkg: warning: overriding problem because --force enabled:

dpkg: warning: trying to overwrite '/usr/local/cuda-13.0/lib64', which is also in package cuda-nvcc-13-0 13.0.88-1

dpkg: warning: overriding problem because --force enabled:

dpkg: warning: trying to overwrite '/usr/local/cuda-13.0/lib64', which is also in package cuda-cupti-13-0 13.0.85-1

dpkg: warning: overriding problem because --force enabled:

dpkg: warning: trying to overwrite '/usr/local/cuda-13.0/lib64', which is also in package cuda-culibos-dev-13-0 13.0.85-1

dpkg: warning: overriding problem because --force enabled:

dpkg: warning: trying to overwrite '/usr/local/cuda-13.0/lib64', which is also in package cuda-cudart-dev-13-0 13.0.96-1

dpkg: warning: overriding problem because --force enabled:

dpkg: warning: trying to overwrite '/usr/local/cuda-13.0/lib64', which is also in package cuda-driver-dev-13-0 13.0.96-1

dpkg: warning: overriding problem because --force enabled:

dpkg: warning: trying to overwrite '/usr/local/cuda-13.0/lib64', which is also in package cuda-cuxxfilt-13-0 13.0.85-1

dpkg: warning: overriding problem because --force enabled:

dpkg: warning: trying to overwrite '/usr/local/cuda-13.0/lib64', which is also in package cuda-nvml-dev-13-0 13.0.87-1

dpkg: warning: overriding problem because --force enabled:

dpkg: warning: trying to overwrite '/usr/local/cuda-13.0/lib64', which is also in package cuda-cudart-13-0 13.0.96-1

dpkg: warning: overriding problem because --force enabled:

dpkg: warning: trying to overwrite '/usr/local/cuda-13.0/lib64', which is also in package libnvjitlink-13-0 13.0.88-1

Adding 'diversion of /lib/udev/hwdb.d/20-libgphoto2-6.hwdb to /lib/udev/hwdb.d/20-libgphoto2-6.hwdb.usr-is-merged by usr-is-merged'

Adding 'diversion of /lib/udev/rules.d/60-libgphoto2-6.rules to /lib/udev/rules.d/60-libgphoto2-6.rules.usr-is-merged by usr-is-merged'

dpkg: regarding .../libnvidia-cfg1-580_580.159.04-1ubuntu1_amd64.deb containing libnvidia-cfg1-580:amd64:

 libnvidia-cfg1:amd64 conflicts with libnvidia-cfg1

  libnvidia-cfg1-580:amd64 provides libnvidia-cfg1 and is to be installed.



dpkg: error processing archive /home/leesihun/home_dir/GPU_server_downloads/debs/libnvidia-cfg1-580_580.159.04-1ubuntu1_amd64.deb (--install):

 conflicting packages - not installing libnvidia-cfg1-580:amd64

Adding 'diversion of /lib/x86_64-linux-gnu/libparted.so.2 to /lib/x86_64-linux-gnu/libparted.so.2.usr-is-merged by libparted2t64'

Adding 'diversion of /lib/x86_64-linux-gnu/libparted.so.2.0.5 to /lib/x86_64-linux-gnu/libparted.so.2.0.5.usr-is-merged by libparted2t64'

Leaving 'diversion of /lib/x86_64-linux-gnu/libhistory.so.8 to /lib/x86_64-linux-gnu/libhistory.so.8.usr-is-merged by libreadline8t64'

Leaving 'diversion of /lib/x86_64-linux-gnu/libhistory.so.8.2 to /lib/x86_64-linux-gnu/libhistory.so.8.2.usr-is-merged by libreadline8t64'

Leaving 'diversion of /lib/x86_64-linux-gnu/libreadline.so.8 to /lib/x86_64-linux-gnu/libreadline.so.8.usr-is-merged by libreadline8t64'

Leaving 'diversion of /lib/x86_64-linux-gnu/libreadline.so.8.2 to /lib/x86_64-linux-gnu/libreadline.so.8.2.usr-is-merged by libreadline8t64'

Adding 'diversion of /lib/udev/hwdb.d/20-sane.hwdb to /lib/udev/hwdb.d/20-sane.hwdb.usr-is-merged by usr-is-merged'

Adding 'diversion of /lib/udev/rules.d/60-libsane1.rules to /lib/udev/rules.d/60-libsane1.rules.usr-is-merged by usr-is-merged'

Adding 'diversion of /lib/udev/rules.d/99-libsane1.rules to /lib/udev/rules.d/99-libsane1.rules.usr-is-merged by usr-is-merged'

/etc/kernel/preinst.d/dkms:

dkms: removing module iser/25.10.OFED.25.10.2.4.1.1-1 for kernel 6.8.0-117-generic (x86_64)

Module iser/25.10.OFED.25.10.2.4.1.1-1 for kernel 6.8.0-117-generic (x86_64):

Before uninstall, this module version was ACTIVE on this kernel.

Deleting /lib/modules/6.8.0-117-generic/updates/dkms/ib_iser.ko.zst

Restoring archived original module /lib/modules/6.8.0-117-generic/kernel/drivers/infiniband/ulp/iser/ib_iser.ko.zst

dkms: removing module isert/25.10.OFED.25.10.2.4.1.1-1 for kernel 6.8.0-117-generic (x86_64)

Module isert/25.10.OFED.25.10.2.4.1.1-1 for kernel 6.8.0-117-generic (x86_64):

Before uninstall, this module version was ACTIVE on this kernel.

Deleting /lib/modules/6.8.0-117-generic/updates/dkms/ib_isert.ko.zst

Restoring archived original module /lib/modules/6.8.0-117-generic/kernel/drivers/infiniband/ulp/isert/ib_isert.ko.zst

dkms: removing module kernel-mft-dkms/4.35.0.159 for kernel 6.8.0-117-generic (x86_64)

Module kernel-mft-dkms/4.35.0.159 for kernel 6.8.0-117-generic (x86_64):

Before uninstall, this module version was ACTIVE on this kernel.

Deleting /lib/modules/6.8.0-117-generic/updates/dkms/mst_pci.ko.zst

Deleting /lib/modules/6.8.0-117-generic/updates/dkms/mst_pciconf.ko.zst

dkms: removing module knem/1.1.4.90mlnx4 for kernel 6.8.0-117-generic (x86_64)

Module knem/1.1.4.90mlnx4 for kernel 6.8.0-117-generic (x86_64):

Before uninstall, this module version was ACTIVE on this kernel.

Deleting /lib/modules/6.8.0-117-generic/updates/dkms/knem.ko.zst

dkms: removing module mlnx-nfsrdma/25.10.OFED.25.10.2.4.1.1-1 for kernel 6.8.0-117-generic (x86_64)

Module mlnx-nfsrdma/25.10.OFED.25.10.2.4.1.1-1 for kernel 6.8.0-117-generic (x86_64):

Before uninstall, this module version was ACTIVE on this kernel.

Deleting /lib/modules/6.8.0-117-generic/updates/dkms/rpcrdma.ko.zst

Restoring archived original module /lib/modules/6.8.0-117-generic/kernel/net/sunrpc/xprtrdma/rpcrdma.ko.zst

Deleting /lib/modules/6.8.0-117-generic/updates/dkms/svcrdma.ko.zst

Deleting /lib/modules/6.8.0-117-generic/updates/dkms/xprtrdma.ko.zst

dkms: removing module mlnx-ofed-kernel/25.10.OFED.25.10.2.4.1.1-1 for kernel 6.8.0-117-generic (x86_64)

Module mlnx-ofed-kernel/25.10.OFED.25.10.2.4.1.1-1 for kernel 6.8.0-117-generic (x86_64):

Before uninstall, this module version was ACTIVE on this kernel.

Deleting /lib/modules/6.8.0-117-generic/updates/dkms/mlx_compat.ko.zst

Deleting /lib/modules/6.8.0-117-generic/updates/dkms/fwctl.ko.zst

Deleting /lib/modules/6.8.0-117-generic/updates/dkms/mlx5_fwctl.ko.zst

Deleting /lib/modules/6.8.0-117-generic/updates/dkms/ib_core.ko.zst

Restoring archived original module /lib/modules/6.8.0-117-generic/kernel/drivers/infiniband/core/ib_core.ko.zst

Deleting /lib/modules/6.8.0-117-generic/updates/dkms/ib_cm.ko.zst

Restoring archived original module /lib/modules/6.8.0-117-generic/kernel/drivers/infiniband/core/ib_cm.ko.zst

Deleting /lib/modules/6.8.0-117-generic/updates/dkms/iw_cm.ko.zst

Restoring archived original module /lib/modules/6.8.0-117-generic/kernel/drivers/infiniband/core/iw_cm.ko.zst

Deleting /lib/modules/6.8.0-117-generic/updates/dkms/ib_umad.ko.zst

Restoring archived original module /lib/modules/6.8.0-117-generic/kernel/drivers/infiniband/core/ib_umad.ko.zst

Deleting /lib/modules/6.8.0-117-generic/updates/dkms/ib_uverbs.ko.zst

Restoring archived original module /lib/modules/6.8.0-117-generic/kernel/drivers/infiniband/core/ib_uverbs.ko.zst

Deleting /lib/modules/6.8.0-117-generic/updates/dkms/rdma_cm.ko.zst

Restoring archived original module /lib/modules/6.8.0-117-generic/kernel/drivers/infiniband/core/rdma_cm.ko.zst

Deleting /lib/modules/6.8.0-117-generic/updates/dkms/rdma_ucm.ko.zst

Restoring archived original module /lib/modules/6.8.0-117-generic/kernel/drivers/infiniband/core/rdma_ucm.ko.zst

Deleting /lib/modules/6.8.0-117-generic/updates/dkms/mlx5_core.ko.zst

Restoring archived original module /lib/modules/6.8.0-117-generic/kernel/drivers/net/ethernet/mellanox/mlx5/core/mlx5_core.ko.zst

Deleting /lib/modules/6.8.0-117-generic/updates/dkms/mlx5_ib.ko.zst

Restoring archived original module /lib/modules/6.8.0-117-generic/kernel/drivers/infiniband/hw/mlx5/mlx5_ib.ko.zst

Deleting /lib/modules/6.8.0-117-generic/updates/dkms/ib_ipoib.ko.zst

Restoring archived original module /lib/modules/6.8.0-117-generic/kernel/drivers/infiniband/ulp/ipoib/ib_ipoib.ko.zst

Deleting /lib/modules/6.8.0-117-generic/updates/dkms/mlxfw.ko.zst

Restoring archived original module /lib/modules/6.8.0-117-generic/kernel/drivers/net/ethernet/mellanox/mlxfw/mlxfw.ko.zst

Deleting /lib/modules/6.8.0-117-generic/updates/dkms/irdma.ko.zst

Restoring archived original module /lib/modules/6.8.0-117-generic/kernel/drivers/infiniband/hw/irdma/irdma.ko.zst

Deleting /lib/modules/6.8.0-117-generic/updates/dkms/mlx5-vfio-pci.ko.zst

Restoring archived original module /lib/modules/6.8.0-117-generic/kernel/drivers/vfio/pci/mlx5/mlx5-vfio-pci.ko.zst

Deleting /lib/modules/6.8.0-117-generic/updates/dkms/mlx5_vdpa.ko.zst

Restoring archived original module /lib/modules/6.8.0-117-generic/kernel/drivers/vdpa/mlx5/mlx5_vdpa.ko.zst

Deleting /lib/modules/6.8.0-117-generic/updates/dkms/mlx5_dpll.ko.zst

Restoring archived original module /lib/modules/6.8.0-117-generic/kernel/drivers/net/ethernet/mellanox/mlx5/core/mlx5_dpll.ko.zst

Deleting /lib/modules/6.8.0-117-generic/updates/dkms/mlxdevm.ko.zst

dkms: removing module nvidia-fs/2.28.4 for kernel 6.8.0-117-generic (x86_64)

Module nvidia-fs/2.28.4 for kernel 6.8.0-117-generic (x86_64):

Before uninstall, this module version was ACTIVE on this kernel.

Deleting /lib/modules/6.8.0-117-generic/updates/dkms/nvidia-fs.ko.zst

dkms: removing module nvidia/595.58.03 for kernel 6.8.0-117-generic (x86_64)

Module nvidia/595.58.03 for kernel 6.8.0-117-generic (x86_64):

Before uninstall, this module version was ACTIVE on this kernel.

Deleting /lib/modules/6.8.0-117-generic/updates/dkms/nvidia.ko.zst

Deleting /lib/modules/6.8.0-117-generic/updates/dkms/nvidia-modeset.ko.zst

Deleting /lib/modules/6.8.0-117-generic/updates/dkms/nvidia-drm.ko.zst

Deleting /lib/modules/6.8.0-117-generic/updates/dkms/nvidia-uvm.ko.zst

Deleting /lib/modules/6.8.0-117-generic/updates/dkms/nvidia-peermem.ko.zst

dkms: removing module srp/25.10.OFED.25.10.2.4.1.1-1 for kernel 6.8.0-117-generic (x86_64)

Module srp/25.10.OFED.25.10.2.4.1.1-1 for kernel 6.8.0-117-generic (x86_64):

Before uninstall, this module version was ACTIVE on this kernel.

Deleting /lib/modules/6.8.0-117-generic/updates/dkms/ib_srp.ko.zst

Restoring archived original module /lib/modules/6.8.0-117-generic/kernel/drivers/infiniband/ulp/srp/ib_srp.ko.zst

Deleting /lib/modules/6.8.0-117-generic/updates/dkms/scsi_transport_srp.ko.zst

Restoring archived original module /lib/modules/6.8.0-117-generic/kernel/drivers/scsi/scsi_transport_srp.ko.zst

dkms: removing module xpmem/2510.0.20 for kernel 6.8.0-117-generic (x86_64)

Module xpmem/2510.0.20 for kernel 6.8.0-117-generic (x86_64):

Before uninstall, this module version was ACTIVE on this kernel.

Deleting /lib/modules/6.8.0-117-generic/updates/dkms/xpmem.ko.zst

Running depmod... done.

Adding 'diversion of /lib/systemd/system-generators/netplan to /lib/systemd/system-generators/netplan.usr-is-merged by netplan-generator'

update-alternatives: removing manually selected alternative - switching nsys to auto mode

update-alternatives: removing manually selected alternative - switching nsys-ui to auto mode

dpkg: regarding .../nvidia-dkms-580-open_580.159.04-1ubuntu1_amd64.deb containing nvidia-dkms-580-open:

 nvidia-dkms-580-open conflicts with nvidia-dkms-kernel

  nvidia-dkms-open provides nvidia-dkms-kernel and is present and installed.



dpkg: error processing archive /home/leesihun/home_dir/GPU_server_downloads/debs/nvidia-dkms-580-open_580.159.04-1ubuntu1_amd64.deb (--install):

 conflicting packages - not installing nvidia-dkms-580-open

dpkg: regarding .../nvidia-kernel-common-580_580.159.04-1ubuntu1_amd64.deb containing nvidia-kernel-common-580:

 nvidia-kernel-common-580 conflicts with nvidia-kernel-common

  nvidia-kernel-common (version 595.58.03-1ubuntu1) is present and installed.

  nvidia-kernel-common provides nvidia-kernel-common and is present and installed.



dpkg: error processing archive /home/leesihun/home_dir/GPU_server_downloads/debs/nvidia-kernel-common-580_580.159.04-1ubuntu1_amd64.deb (--install):

 conflicting packages - not installing nvidia-kernel-common-580

dpkg: regarding .../nvidia-kernel-source-580-open_580.159.04-1ubuntu1_amd64.deb containing nvidia-kernel-source-580-open:

 nvidia-kernel-source-580-open conflicts with nvidia-kernel-source

  nvidia-kernel-source-open provides nvidia-kernel-source and is present and installed.



dpkg: error processing archive /home/leesihun/home_dir/GPU_server_downloads/debs/nvidia-kernel-source-580-open_580.159.04-1ubuntu1_amd64.deb (--install):

 conflicting packages - not installing nvidia-kernel-source-580-open

running python pre-rtupdate hooks for python3.12...

Adding 'diversion of /usr/share/vim/vim91/doc/help.txt to /usr/share/vim/vim91/doc/help.txt.vim-tiny by vim-runtime'

Adding 'diversion of /usr/share/vim/vim91/doc/tags to /usr/share/vim/vim91/doc/tags.vim-tiny by vim-runtime'

dpkg: regarding .../xserver-xorg-video-nvidia-580_580.159.04-1ubuntu1_amd64.deb containing xserver-xorg-video-nvidia-580:

 xserver-xorg-video-nvidia-580 conflicts with nvidia-driver-binary

  xserver-xorg-video-nvidia provides nvidia-driver-binary and is present and installed.



dpkg: error processing archive /home/leesihun/home_dir/GPU_server_downloads/debs/xserver-xorg-video-nvidia-580_580.159.04-1ubuntu1_amd64.deb (--install):

 conflicting packages - not installing xserver-xorg-video-nvidia-580

update-initramfs: deferring update (trigger activated)

amd64-microcode: microcode will be updated at next boot

Setting alternatives

update-alternatives: warning: forcing reinstallation of alternative /usr/local/cuda-13.0 because link group cuda is broken



Current default time zone: 'Etc/UTC'

Local time is now:      Tue May 19 12:13:19 UTC 2026.

Universal Time is now:  Tue May 19 12:13:19 UTC 2026.

Run 'dpkg-reconfigure tzdata' if you wish to change it.



motd-news.service is a disabled or a static unit not running, not starting it.

Updating certificates in /etc/ssl/certs...

0 added, 0 removed; done.

useradd: user 'nvidia-dcgm' already exists

Removing 'diversion of /lib/x86_64-linux-gnu/libparted.so.2 to /lib/x86_64-linux-gnu/libparted.so.2.usr-is-merged by libparted2t64'

Removing 'diversion of /lib/x86_64-linux-gnu/libparted.so.2.0.5 to /lib/x86_64-linux-gnu/libparted.so.2.0.5.usr-is-merged by libparted2t64'

Could not execute systemctl:  at /usr/bin/deb-systemd-invoke line 148.

rsync.service is a disabled or a static unit not running, not starting it.

fstrim.service is a disabled or a static unit not running, not starting it.

update-alternatives: using /usr/share/man/man7/bash-builtins.7.gz to provide /usr/share/man/man7/builtins.7.gz (builtins.7.gz) in auto mode

done.

Updating symlinks in /usr/lib/ccache ...

update-initramfs: deferring update (trigger activated)

intel-microcode: microcode will be updated at next boot

Setting alternatives

Setcap worked! gst-ptp-helper is not suid!

pam_namespace.service is a disabled or a static unit not running, not starting it.

update-alternatives: using /usr/bin/vim.basic to provide /usr/bin/ex (ex) in auto mode

update-alternatives: using /usr/bin/vim.basic to provide /usr/bin/rview (rview) in auto mode

update-alternatives: using /usr/bin/vim.basic to provide /usr/bin/rvim (rvim) in auto mode

update-alternatives: using /usr/bin/vim.basic to provide /usr/bin/vi (vi) in auto mode

update-alternatives: using /usr/bin/vim.basic to provide /usr/bin/view (view) in auto mode

update-alternatives: using /usr/bin/vim.basic to provide /usr/bin/vim (vim) in auto mode

update-alternatives: using /usr/bin/vim.basic to provide /usr/bin/vimdiff (vimdiff) in auto mode

A reboot is required to replace the running dbus-daemon.

Please reboot the system when convenient.

update-initramfs: deferring update (trigger activated)

Removing 'diversion of /lib/udev/hwdb.d/20-libgphoto2-6.hwdb to /lib/udev/hwdb.d/20-libgphoto2-6.hwdb.usr-is-merged by usr-is-merged'

Removing 'diversion of /lib/udev/rules.d/60-libgphoto2-6.rules to /lib/udev/rules.d/60-libgphoto2-6.rules.usr-is-merged by usr-is-merged'

/etc/kernel/header_postinst.d/dkms:

Sign command: /usr/bin/kmodsign

Signing key: /var/lib/shim-signed/mok/MOK.priv

Public certificate (MOK): /var/lib/shim-signed/mok/MOK.der



Autoinstall of module iser/25.10.OFED.25.10.2.4.1.1-1 for kernel 6.8.0-117-generic (x86_64)

Deprecated feature: CLEAN (/var/lib/dkms/iser/25.10.OFED.25.10.2.4.1.1-1/source/dkms.conf)

Building module(s).... done.

Signing module /var/lib/dkms/iser/25.10.OFED.25.10.2.4.1.1-1/build/./ib_iser.ko

Forcing installation of iser

Found pre-existing /lib/modules/6.8.0-117-generic/kernel/drivers/infiniband/ulp/iser/ib_iser.ko.zst, archiving for uninstallation

Installing /lib/modules/6.8.0-117-generic/updates/dkms/ib_iser.ko.zst

Running depmod... done.



Autoinstall of module isert/25.10.OFED.25.10.2.4.1.1-1 for kernel 6.8.0-117-generic (x86_64)

Deprecated feature: CLEAN (/var/lib/dkms/isert/25.10.OFED.25.10.2.4.1.1-1/source/dkms.conf)

Building module(s)... done.

Signing module /var/lib/dkms/isert/25.10.OFED.25.10.2.4.1.1-1/build/./ib_isert.ko

Forcing installation of isert

Found pre-existing /lib/modules/6.8.0-117-generic/kernel/drivers/infiniband/ulp/isert/ib_isert.ko.zst, archiving for uninstallation

Installing /lib/modules/6.8.0-117-generic/updates/dkms/ib_isert.ko.zst

Running depmod... done.



Autoinstall of module kernel-mft-dkms/4.35.0.159 for kernel 6.8.0-117-generic (x86_64)

Deprecated feature: CLEAN (/var/lib/dkms/kernel-mft-dkms/4.35.0.159/source/dkms.conf)

Building module(s)..... done.

Signing module /var/lib/dkms/kernel-mft-dkms/4.35.0.159/build/./mst_backward_compatibility/mst_pci/mst_pci.ko

Signing module /var/lib/dkms/kernel-mft-dkms/4.35.0.159/build/./mst_backward_compatibility/mst_pciconf/mst_pciconf.ko

Installing /lib/modules/6.8.0-117-generic/updates/dkms/mst_pci.ko.zst

Installing /lib/modules/6.8.0-117-generic/updates/dkms/mst_pciconf.ko.zst

Running depmod... done.



Autoinstall of module knem/1.1.4.90mlnx4 for kernel 6.8.0-117-generic (x86_64)

Deprecated feature: CLEAN (/var/lib/dkms/knem/1.1.4.90mlnx4/source/dkms.conf)

Building module(s).... done.

Signing module /var/lib/dkms/knem/1.1.4.90mlnx4/build/driver/linux/knem.ko

Installing /lib/modules/6.8.0-117-generic/updates/dkms/knem.ko.zst

Running depmod... done.



Autoinstall of module mlnx-nfsrdma/25.10.OFED.25.10.2.4.1.1-1 for kernel 6.8.0-117-generic (x86_64)

Deprecated feature: CLEAN (/var/lib/dkms/mlnx-nfsrdma/25.10.OFED.25.10.2.4.1.1-1/source/dkms.conf)

Building module(s)...... done.

Signing module /var/lib/dkms/mlnx-nfsrdma/25.10.OFED.25.10.2.4.1.1-1/build/./rpcrdma.ko

Signing module /var/lib/dkms/mlnx-nfsrdma/25.10.OFED.25.10.2.4.1.1-1/build/./svcrdma.ko

Signing module /var/lib/dkms/mlnx-nfsrdma/25.10.OFED.25.10.2.4.1.1-1/build/./xprtrdma.ko

Forcing installation of mlnx-nfsrdma

Found pre-existing /lib/modules/6.8.0-117-generic/kernel/net/sunrpc/xprtrdma/rpcrdma.ko.zst, archiving for uninstallation

Installing /lib/modules/6.8.0-117-generic/updates/dkms/rpcrdma.ko.zst

Installing /lib/modules/6.8.0-117-generic/updates/dkms/svcrdma.ko.zst

Installing /lib/modules/6.8.0-117-generic/updates/dkms/xprtrdma.ko.zst

Running depmod... done.



Autoinstall of module mlnx-ofed-kernel/25.10.OFED.25.10.2.4.1.1-1 for kernel 6.8.0-117-generic (x86_64)

Running the pre_build script...... done.

Building module(s)..... done.

Signing module /var/lib/dkms/mlnx-ofed-kernel/25.10.OFED.25.10.2.4.1.1-1/build/compat/mlx_compat.ko

Signing module /var/lib/dkms/mlnx-ofed-kernel/25.10.OFED.25.10.2.4.1.1-1/build/drivers/fwctl/fwctl.ko

Signing module /var/lib/dkms/mlnx-ofed-kernel/25.10.OFED.25.10.2.4.1.1-1/build/drivers/fwctl/mlx5/mlx5_fwctl.ko

Signing module /var/lib/dkms/mlnx-ofed-kernel/25.10.OFED.25.10.2.4.1.1-1/build/drivers/infiniband/core/ib_core.ko

Signing module /var/lib/dkms/mlnx-ofed-kernel/25.10.OFED.25.10.2.4.1.1-1/build/drivers/infiniband/core/ib_cm.ko

Signing module /var/lib/dkms/mlnx-ofed-kernel/25.10.OFED.25.10.2.4.1.1-1/build/drivers/infiniband/core/iw_cm.ko

Signing module /var/lib/dkms/mlnx-ofed-kernel/25.10.OFED.25.10.2.4.1.1-1/build/drivers/infiniband/core/ib_umad.ko

Signing module /var/lib/dkms/mlnx-ofed-kernel/25.10.OFED.25.10.2.4.1.1-1/build/drivers/infiniband/core/ib_uverbs.ko

Signing module /var/lib/dkms/mlnx-ofed-kernel/25.10.OFED.25.10.2.4.1.1-1/build/drivers/infiniband/core/rdma_cm.ko

Signing module /var/lib/dkms/mlnx-ofed-kernel/25.10.OFED.25.10.2.4.1.1-1/build/drivers/infiniband/core/rdma_ucm.ko

Signing module /var/lib/dkms/mlnx-ofed-kernel/25.10.OFED.25.10.2.4.1.1-1/build/drivers/net/ethernet/mellanox/mlx5/core/mlx5_core.ko

Signing module /var/lib/dkms/mlnx-ofed-kernel/25.10.OFED.25.10.2.4.1.1-1/build/drivers/infiniband/hw/mlx5/mlx5_ib.ko

Signing module /var/lib/dkms/mlnx-ofed-kernel/25.10.OFED.25.10.2.4.1.1-1/build/drivers/infiniband/ulp/ipoib/ib_ipoib.ko

Signing module /var/lib/dkms/mlnx-ofed-kernel/25.10.OFED.25.10.2.4.1.1-1/build/drivers/net/ethernet/mellanox/mlxfw/mlxfw.ko

Signing module /var/lib/dkms/mlnx-ofed-kernel/25.10.OFED.25.10.2.4.1.1-1/build/drivers/infiniband/hw/irdma/irdma.ko

Signing module /var/lib/dkms/mlnx-ofed-kernel/25.10.OFED.25.10.2.4.1.1-1/build/drivers/vfio/pci/mlx5/mlx5-vfio-pci.ko

Signing module /var/lib/dkms/mlnx-ofed-kernel/25.10.OFED.25.10.2.4.1.1-1/build/drivers/vdpa/mlx5/mlx5_vdpa.ko

Signing module /var/lib/dkms/mlnx-ofed-kernel/25.10.OFED.25.10.2.4.1.1-1/build/drivers/net/ethernet/mellanox/mlx5/core/mlx5_dpll.ko

Signing module /var/lib/dkms/mlnx-ofed-kernel/25.10.OFED.25.10.2.4.1.1-1/build/net/mlxdevm/mlxdevm.ko

Running the post_build script... done.

Forcing installation of mlnx-ofed-kernel

Installing /lib/modules/6.8.0-117-generic/updates/dkms/mlx_compat.ko.zst

Installing /lib/modules/6.8.0-117-generic/updates/dkms/fwctl.ko.zst

Installing /lib/modules/6.8.0-117-generic/updates/dkms/mlx5_fwctl.ko.zst

Found pre-existing /lib/modules/6.8.0-117-generic/kernel/drivers/infiniband/core/ib_core.ko.zst, archiving for uninstallation

Installing /lib/modules/6.8.0-117-generic/updates/dkms/ib_core.ko.zst

Found pre-existing /lib/modules/6.8.0-117-generic/kernel/drivers/infiniband/core/ib_cm.ko.zst, archiving for uninstallation

Installing /lib/modules/6.8.0-117-generic/updates/dkms/ib_cm.ko.zst

Found pre-existing /lib/modules/6.8.0-117-generic/kernel/drivers/infiniband/core/iw_cm.ko.zst, archiving for uninstallation

Installing /lib/modules/6.8.0-117-generic/updates/dkms/iw_cm.ko.zst

Found pre-existing /lib/modules/6.8.0-117-generic/kernel/drivers/infiniband/core/ib_umad.ko.zst, archiving for uninstallation

Installing /lib/modules/6.8.0-117-generic/updates/dkms/ib_umad.ko.zst

Found pre-existing /lib/modules/6.8.0-117-generic/kernel/drivers/infiniband/core/ib_uverbs.ko.zst, archiving for uninstallation

Installing /lib/modules/6.8.0-117-generic/updates/dkms/ib_uverbs.ko.zst

Found pre-existing /lib/modules/6.8.0-117-generic/kernel/drivers/infiniband/core/rdma_cm.ko.zst, archiving for uninstallation

Installing /lib/modules/6.8.0-117-generic/updates/dkms/rdma_cm.ko.zst

Found pre-existing /lib/modules/6.8.0-117-generic/kernel/drivers/infiniband/core/rdma_ucm.ko.zst, archiving for uninstallation

Installing /lib/modules/6.8.0-117-generic/updates/dkms/rdma_ucm.ko.zst

Found pre-existing /lib/modules/6.8.0-117-generic/kernel/drivers/net/ethernet/mellanox/mlx5/core/mlx5_core.ko.zst, archiving for uninstallation

Installing /lib/modules/6.8.0-117-generic/updates/dkms/mlx5_core.ko.zst

Found pre-existing /lib/modules/6.8.0-117-generic/kernel/drivers/infiniband/hw/mlx5/mlx5_ib.ko.zst, archiving for uninstallation

Installing /lib/modules/6.8.0-117-generic/updates/dkms/mlx5_ib.ko.zst

Found pre-existing /lib/modules/6.8.0-117-generic/kernel/drivers/infiniband/ulp/ipoib/ib_ipoib.ko.zst, archiving for uninstallation

Installing /lib/modules/6.8.0-117-generic/updates/dkms/ib_ipoib.ko.zst

Found pre-existing /lib/modules/6.8.0-117-generic/kernel/drivers/net/ethernet/mellanox/mlxfw/mlxfw.ko.zst, archiving for uninstallation

Installing /lib/modules/6.8.0-117-generic/updates/dkms/mlxfw.ko.zst

Found pre-existing /lib/modules/6.8.0-117-generic/kernel/drivers/infiniband/hw/irdma/irdma.ko.zst, archiving for uninstallation

Installing /lib/modules/6.8.0-117-generic/updates/dkms/irdma.ko.zst

Found pre-existing /lib/modules/6.8.0-117-generic/kernel/drivers/vfio/pci/mlx5/mlx5-vfio-pci.ko.zst, archiving for uninstallation

Installing /lib/modules/6.8.0-117-generic/updates/dkms/mlx5-vfio-pci.ko.zst

Found pre-existing /lib/modules/6.8.0-117-generic/kernel/drivers/vdpa/mlx5/mlx5_vdpa.ko.zst, archiving for uninstallation

Installing /lib/modules/6.8.0-117-generic/updates/dkms/mlx5_vdpa.ko.zst

Found pre-existing /lib/modules/6.8.0-117-generic/kernel/drivers/net/ethernet/mellanox/mlx5/core/mlx5_dpll.ko.zst, archiving for uninstallation

Installing /lib/modules/6.8.0-117-generic/updates/dkms/mlx5_dpll.ko.zst

Installing /lib/modules/6.8.0-117-generic/updates/dkms/mlxdevm.ko.zst

Running depmod... done.



Autoinstall of module nvidia/595.58.03 for kernel 6.8.0-117-generic (x86_64)

Building module(s)......... done.

Signing module /var/lib/dkms/nvidia/595.58.03/build/nvidia.ko

Signing module /var/lib/dkms/nvidia/595.58.03/build/nvidia-modeset.ko

Signing module /var/lib/dkms/nvidia/595.58.03/build/nvidia-drm.ko

Signing module /var/lib/dkms/nvidia/595.58.03/build/nvidia-uvm.ko

Signing module /var/lib/dkms/nvidia/595.58.03/build/nvidia-peermem.ko

Installing /lib/modules/6.8.0-117-generic/updates/dkms/nvidia.ko.zst

Installing /lib/modules/6.8.0-117-generic/updates/dkms/nvidia-modeset.ko.zst

Installing /lib/modules/6.8.0-117-generic/updates/dkms/nvidia-drm.ko.zst

Installing /lib/modules/6.8.0-117-generic/updates/dkms/nvidia-uvm.ko.zst

Installing /lib/modules/6.8.0-117-generic/updates/dkms/nvidia-peermem.ko.zst

Running depmod... done.



Autoinstall of module srp/25.10.OFED.25.10.2.4.1.1-1 for kernel 6.8.0-117-generic (x86_64)

Deprecated feature: CLEAN (/var/lib/dkms/srp/25.10.OFED.25.10.2.4.1.1-1/source/dkms.conf)

Building module(s).... done.

Signing module /var/lib/dkms/srp/25.10.OFED.25.10.2.4.1.1-1/build/./ib_srp.ko

Signing module /var/lib/dkms/srp/25.10.OFED.25.10.2.4.1.1-1/build/./scsi/scsi_transport_srp.ko

Forcing installation of srp

Found pre-existing /lib/modules/6.8.0-117-generic/kernel/drivers/infiniband/ulp/srp/ib_srp.ko.zst, archiving for uninstallation

Installing /lib/modules/6.8.0-117-generic/updates/dkms/ib_srp.ko.zst

Found pre-existing /lib/modules/6.8.0-117-generic/kernel/drivers/scsi/scsi_transport_srp.ko.zst, archiving for uninstallation

Installing /lib/modules/6.8.0-117-generic/updates/dkms/scsi_transport_srp.ko.zst

Running depmod... done.



Autoinstall of module xpmem/2510.0.20 for kernel 6.8.0-117-generic (x86_64)

Building module(s)...... done.

Signing module /var/lib/dkms/xpmem/2510.0.20/build/kernel/xpmem.ko

Installing /lib/modules/6.8.0-117-generic/updates/dkms/xpmem.ko.zst

Running depmod... done.



Autoinstall of module nvidia-fs/2.28.4 for kernel 6.8.0-117-generic (x86_64)

Building module(s)........... done.

Signing module /var/lib/dkms/nvidia-fs/2.28.4/build/nvidia-fs.ko

Installing /lib/modules/6.8.0-117-generic/updates/dkms/nvidia-fs.ko.zst

Running depmod... done.



Autoinstall on 6.8.0-117-generic succeeded for module(s) iser isert kernel-mft-dkms knem mlnx-nfsrdma mlnx-ofed-kernel nvidia srp xpmem nvidia-fs.

Removing 'diversion of /lib/systemd/system-generators/netplan to /lib/systemd/system-generators/netplan.usr-is-merged by netplan-generator'

update-initramfs: Generating /boot/initrd.img-6.8.0-117-generic

update-initramfs: Generating /boot/initrd.img-6.8.0-110-generic

update-initramfs: Generating /boot/initrd.img-6.8.0-107-generic

update-rc.d: warning: start and stop actions are no longer supported; falling back to defaults

update-rc.d: warning: start and stop actions are no longer supported; falling back to defaults

running python rtupdate hooks for python3.12...

/usr/lib/x86_64-linux-gnu/gedit/plugins/externaltools/library.py:212: SyntaxWarning: invalid escape sequence '\-'

  RE_KEY = re.compile('^([a-zA-Z_][a-zA-Z0-9_.\-]*)(\[([a-zA-Z_@]+)\])?$')

/usr/lib/x86_64-linux-gnu/gedit/plugins/snippets/substitutionparser.py:162: SyntaxWarning: invalid escape sequence '\s'

  match = re.match('\\\\?%s\s*' % self.REG_GROUP, tokens)

/usr/share/light-locker-settings/light-locker-settings/light-locker-settings.py:514: SyntaxWarning: invalid escape sequence '\d'

  "timeout: *(\d+)", screensaver_output)

/usr/share/light-locker-settings/light-locker-settings/light-locker-settings.py:517: SyntaxWarning: invalid escape sequence '\d'

  '\d+', screenblank_timeout_grep.group(1))

/usr/share/light-locker-settings/light-locker-settings/light-locker-settings.py:522: SyntaxWarning: invalid escape sequence '\d'

  "Standby: *(\d+)", screensaver_output)

/usr/share/light-locker-settings/light-locker-settings/light-locker-settings.py:525: SyntaxWarning: invalid escape sequence '\d'

  '\d+', screenoff_timeout_grep.group(1))

running python post-rtupdate hooks for python3.12...

usbmuxd.service is a disabled or a static unit not running, not starting it.

Regenerating fonts cache... done.

update-rc.d: warning: start and stop actions are no longer supported; falling back to defaults

ipp-usb.service is a disabled or a static unit not running, not starting it.

Your console font configuration will be updated the next time your system

boots. If you want to update it now, run 'setupcon' from a virtual console.

update-initramfs: deferring update (trigger activated)

Removing 'diversion of /lib/udev/hwdb.d/20-sane.hwdb to /lib/udev/hwdb.d/20-sane.hwdb.usr-is-merged by usr-is-merged'

Removing 'diversion of /lib/udev/rules.d/60-libsane1.rules to /lib/udev/rules.d/60-libsane1.rules.usr-is-merged by usr-is-merged'

Removing 'diversion of /lib/udev/rules.d/99-libsane1.rules to /lib/udev/rules.d/99-libsane1.rules.usr-is-merged by usr-is-merged'

update-initramfs: deferring update (trigger activated)

saned.socket is a disabled or a static unit not running, not starting it.

Sourcing file `/etc/default/grub'

Generating grub configuration file ...

Found linux image: /boot/vmlinuz-6.8.0-117-generic

Found initrd image: /boot/initrd.img-6.8.0-117-generic

Found linux image: /boot/vmlinuz-6.8.0-110-generic

Found initrd image: /boot/initrd.img-6.8.0-110-generic

Found linux image: /boot/vmlinuz-6.8.0-107-generic

Found initrd image: /boot/initrd.img-6.8.0-107-generic

Warning: os-prober will not be executed to detect other bootable partitions.

Systems on them will not be added to the GRUB boot configuration.

Check GRUB_DISABLE_OS_PROBER documentation entry.

Adding boot menu entry for UEFI Firmware Settings ...

done

update-alternatives: using /opt/nvidia/nsight-systems/2025.3.2/target-linux-x64/nsys to provide /usr/local/bin/nsys (nsys) in auto mode

update-alternatives: using /opt/nvidia/nsight-systems/2025.3.2/host-linux-x64/nsys-ui to provide /usr/local/bin/nsys-ui (nsys-ui) in auto mode

setting xserver-xorg-legacy/xwrapper/allowed_users from configuration file

geoclue.service is a disabled or a static unit not running, not starting it.

done.

dpkg: gedit: dependency problems, but configuring anyway as you requested:

 gedit depends on libgspell-1-2 (>= 1.8.2).



dpkg: gir1.2-webkit-6.0:amd64: dependency problems, but configuring anyway as you requested:

 gir1.2-webkit-6.0:amd64 depends on libwebkitgtk-6.0-4 (= 2.52.3-0ubuntu0.24.04.1).



dpkg: libenchant-2-2:amd64: dependency problems, but configuring anyway as you requested:

 libenchant-2-2:amd64 depends on hunspell-en-us | hunspell-dictionary | myspell-dictionary | aspell-dictionary | ispell-dictionary; however:

  Package hunspell-en-us is not installed.

  Package hunspell-dictionary is not installed.

  Package myspell-dictionary is not installed.

  Package aspell-dictionary is not installed.

  Package ispell-dictionary is not installed.

 libenchant-2-2:amd64 depends on libaspell15 (>= 0.60.8.1); however:

  Package libaspell15 is not installed.

 libenchant-2-2:amd64 depends on libhunspell-1.7-0; however:

  Package libhunspell-1.7-0 is not installed.



dpkg: libevview3-3t64:amd64: dependency problems, but configuring anyway as you requested:

 libevview3-3t64:amd64 depends on libgspell-1-2 (>= 1.8.2).



dpkg: libnvidia-compute-580:amd64: dependency problems, but configuring anyway as you requested:

 libnvidia-compute-580:amd64 depends on libnvidia-cfg1-580 (= 580.159.04-1ubuntu1); however:

  Package libnvidia-cfg1-580 is not installed.



dpkg: nvidia-driver-580-open: dependency problems, but configuring anyway as you requested:

 nvidia-driver-580-open depends on nvidia-dkms-580-open (= 580.159.04-1ubuntu1); however:

  Package nvidia-dkms-580-open is not installed.

 nvidia-driver-580-open depends on nvidia-kernel-common-580 (= 580.159.04-1ubuntu1); however:

  Package nvidia-kernel-common-580 is not installed.

 nvidia-driver-580-open depends on nvidia-kernel-source-580-open (= 580.159.04-1ubuntu1); however:

  Package nvidia-kernel-source-580-open is not installed.

 nvidia-driver-580-open depends on xserver-xorg-video-nvidia-580 (= 580.159.04-1ubuntu1); however:

  Package xserver-xorg-video-nvidia-580 is not installed.



update-initramfs: Generating /boot/initrd.img-6.8.0-117-generic

Updating certificates in /etc/ssl/certs...

0 added, 0 removed; done.

Running hooks in /etc/ca-certificates/update.d...

done.

/etc/kernel/postinst.d/initramfs-tools:

update-initramfs: Generating /boot/initrd.img-6.8.0-117-generic

/etc/kernel/postinst.d/zz-update-grub:

Sourcing file `/etc/default/grub'

Generating grub configuration file ...

Found linux image: /boot/vmlinuz-6.8.0-117-generic

Found initrd image: /boot/initrd.img-6.8.0-117-generic

Found linux image: /boot/vmlinuz-6.8.0-110-generic

Found initrd image: /boot/initrd.img-6.8.0-110-generic

Found linux image: /boot/vmlinuz-6.8.0-107-generic

Found initrd image: /boot/initrd.img-6.8.0-107-generic

Warning: os-prober will not be executed to detect other bootable partitions.

Systems on them will not be added to the GRUB boot configuration.

Check GRUB_DISABLE_OS_PROBER documentation entry.

Adding boot menu entry for UEFI Firmware Settings ...

done

done.

Errors were encountered while processing:

 /home/leesihun/home_dir/GPU_server_downloads/debs/libnvidia-cfg1-580_580.159.04-1ubuntu1_amd64.deb

 /home/leesihun/home_dir/GPU_server_downloads/debs/nvidia-dkms-580-open_580.159.04-1ubuntu1_amd64.deb

 /home/leesihun/home_dir/GPU_server_downloads/debs/nvidia-kernel-common-580_580.159.04-1ubuntu1_amd64.deb

 /home/leesihun/home_dir/GPU_server_downloads/debs/nvidia-kernel-source-580-open_580.159.04-1ubuntu1_amd64.deb

 /home/leesihun/home_dir/GPU_server_downloads/debs/xserver-xorg-video-nvidia-580_580.159.04-1ubuntu1_amd64.deb

Reading package lists...

Building dependency tree...

Reading state information...

Correcting dependencies... failed.

The following packages have unmet dependencies:

 doca-ofed : Depends: libibverbs1 (= 2510.0.11-1) but 50.0-2ubuntu0.2 is installed

             Depends: ibverbs-providers (= 2510.0.11-1) but 50.0-2ubuntu0.2 is installed

 doca-openvswitch-common : Depends: ibverbs-providers (>= 54) but 50.0-2ubuntu0.2 is installed

 doca-openvswitch-switch : Depends: ibverbs-providers (>= 54) but 50.0-2ubuntu0.2 is installed

 doca-perftest : Depends: ibverbs-providers (>= 54) but 50.0-2ubuntu0.2 is installed

 doca-sdk-common : Depends: ibverbs-providers (>= 54) but 50.0-2ubuntu0.2 is installed

 ibverbs-utils : Depends: libibverbs1 (>= 57) but 50.0-2ubuntu0.2 is installed

 libenchant-2-2 : Depends: hunspell-en-us but it is not installable or

                           hunspell-dictionary but it is not installable or

                           myspell-dictionary but it is not installable or

                           aspell-dictionary but it is not installable or

                           ispell-dictionary but it is not installable

                  Depends: libaspell15 (>= 0.60.8.1) but it is not installable

                  Depends: libhunspell-1.7-0 but it is not installable

 libibverbs-dev : Depends: ibverbs-providers (= 2510.0.11-1) but 50.0-2ubuntu0.2 is installed

                  Depends: libibverbs1 (= 2510.0.11-1) but 50.0-2ubuntu0.2 is installed

 libnss-systemd : Depends: systemd (= 255.4-1ubuntu8.14) but 255.4-1ubuntu8.15 is installed

 libnvidia-compute-580 : Depends: libnvidia-cfg1-580 (= 580.159.04-1ubuntu1) but it is not installed

 nvidia-driver-580-open : Depends: nvidia-dkms-580-open (= 580.159.04-1ubuntu1) but it is not installed

                          Depends: nvidia-kernel-common-580 (= 580.159.04-1ubuntu1) but it is not installed

                          Depends: nvidia-kernel-source-580-open (= 580.159.04-1ubuntu1) but it is not installed

                          Depends: xserver-xorg-video-nvidia-580 (= 580.159.04-1ubuntu1) but it is not installed

                          Recommends: libnvidia-compute-580:i386 (= 580.159.04-1ubuntu1)

                          Recommends: libnvidia-decode-580:i386 (= 580.159.04-1ubuntu1)

                          Recommends: libnvidia-encode-580:i386 (= 580.159.04-1ubuntu1)

                          Recommends: libnvidia-fbc1-580:i386 (= 580.159.04-1ubuntu1)

                          Recommends: libnvidia-gl-580:i386 (= 580.159.04-1ubuntu1)

 nvidia-kernel-common : Depends: nvidia-firmware (= 595.58.03-1ubuntu1)

                        Depends: nvidia-modprobe (= 595.58.03-1ubuntu1) but 580.159.04-1ubuntu1 is installed

 perftest : Depends: ibverbs-providers (>= 2510.0.11-1) but 50.0-2ubuntu0.2 is installed

 sharp : Depends: ibverbs-providers (>= 54) but 50.0-2ubuntu0.2 is installed

 systemd-resolved : Depends: libsystemd-shared (= 255.4-1ubuntu8.14) but 255.4-1ubuntu8.15 is installed

                    Depends: systemd (= 255.4-1ubuntu8.14) but 255.4-1ubuntu8.15 is installed

 systemd-sysv : Depends: systemd (= 255.4-1ubuntu8.14) but 255.4-1ubuntu8.15 is installed

[1;32m[install][0m Removing airgap apt source (install complete)

[1;33m[install:WARN][0m DKMS: iser/25.10.OFED.25.10.2.4.1.1-1, 6.8.0-107-generic, x86_64: installed (Original modules exist)  (pre-existing module; not installed by this script)

[1;33m[install:WARN][0m DKMS: iser/25.10.OFED.25.10.2.4.1.1-1, 6.8.0-110-generic, x86_64: installed (Original modules exist)  (pre-existing module; not installed by this script)

[1;33m[install:WARN][0m DKMS: iser/25.10.OFED.25.10.2.4.1.1-1, 6.8.0-117-generic, x86_64: installed (Original modules exist)  (pre-existing module; not installed by this script)

[1;33m[install:WARN][0m DKMS: isert/25.10.OFED.25.10.2.4.1.1-1, 6.8.0-107-generic, x86_64: installed (Original modules exist)  (pre-existing module; not installed by this script)

[1;33m[install:WARN][0m DKMS: isert/25.10.OFED.25.10.2.4.1.1-1, 6.8.0-110-generic, x86_64: installed (Original modules exist)  (pre-existing module; not installed by this script)

[1;33m[install:WARN][0m DKMS: isert/25.10.OFED.25.10.2.4.1.1-1, 6.8.0-117-generic, x86_64: installed (Original modules exist)  (pre-existing module; not installed by this script)

[1;33m[install:WARN][0m DKMS: mlnx-nfsrdma/25.10.OFED.25.10.2.4.1.1-1, 6.8.0-107-generic, x86_64: installed (Original modules exist)  (pre-existing module; not installed by this script)

[1;33m[install:WARN][0m DKMS: mlnx-nfsrdma/25.10.OFED.25.10.2.4.1.1-1, 6.8.0-110-generic, x86_64: installed (Original modules exist)  (pre-existing module; not installed by this script)

[1;33m[install:WARN][0m DKMS: mlnx-nfsrdma/25.10.OFED.25.10.2.4.1.1-1, 6.8.0-117-generic, x86_64: installed (Original modules exist)  (pre-existing module; not installed by this script)

[1;33m[install:WARN][0m DKMS: mlnx-ofed-kernel/25.10.OFED.25.10.2.4.1.1-1, 6.8.0-107-generic, x86_64: installed (Original modules exist)  (pre-existing module; not installed by this script)

[1;33m[install:WARN][0m DKMS: mlnx-ofed-kernel/25.10.OFED.25.10.2.4.1.1-1, 6.8.0-110-generic, x86_64: installed (Original modules exist)  (pre-existing module; not installed by this script)

[1;33m[install:WARN][0m DKMS: mlnx-ofed-kernel/25.10.OFED.25.10.2.4.1.1-1, 6.8.0-117-generic, x86_64: installed (Original modules exist)  (pre-existing module; not installed by this script)

[1;33m[install:WARN][0m DKMS: srp/25.10.OFED.25.10.2.4.1.1-1, 6.8.0-107-generic, x86_64: installed (Original modules exist)  (pre-existing module; not installed by this script)

[1;33m[install:WARN][0m DKMS: srp/25.10.OFED.25.10.2.4.1.1-1, 6.8.0-110-generic, x86_64: installed (Original modules exist)  (pre-existing module; not installed by this script)

[1;33m[install:WARN][0m DKMS: srp/25.10.OFED.25.10.2.4.1.1-1, 6.8.0-117-generic, x86_64: installed (Original modules exist)  (pre-existing module; not installed by this script)

[1;33m[install:WARN][0m DKMS build failures above are typically Mellanox OFED/kernel version mismatches on the host — rebuild manually: sudo dkms autoinstall

[1;32m[install][0m Python 3.12 OK: Python 3.12.3



[1;35m== CUDA / NVIDIA post-install ==[0m

[1;32m[install][0m Symlinked CUDA binaries (nvcc, etc.) into /usr/local/bin/

[1;32m[install][0m CUDA environment configured: root=/usr/local/cuda-13.0 lib=/usr/local/cuda-13.0/targets/x86_64-linux/lib

[1;32m[install][0m nvcc: Cuda compilation tools, release 13.0, V13.0.88

[1;33m[install:WARN][0m nvidia-smi exists but no GPU is visible yet; reboot may be required after driver install.

[1;33m[install:WARN][0m nvidia-fabricmanager failed to start. Recent journal:

    May 19 11:33:59 icn401-0413-h08 nvidia-fabricmanager-start.sh[1072908]: Started "Nvidia Fabric Manager"

    May 19 11:33:59 icn401-0413-h08 systemd[1]: Started nvidia-fabricmanager.service - NVIDIA fabric manager service.

    May 19 12:13:28 icn401-0413-h08 systemd[1]: Stopping nvidia-fabricmanager.service - NVIDIA fabric manager service...

    May 19 12:13:28 icn401-0413-h08 nvidia-fabricmanager-start.sh[1225259]: Stopped "Nvidia Fabric Manager"

    May 19 12:13:28 icn401-0413-h08 nvidia-fabricmanager-start.sh[1225259]: Stopped "Nvidia NVLink Subnet Manager"

    May 19 12:13:29 icn401-0413-h08 OpenSM[1073021]: Exiting SM

    May 19 12:13:29 icn401-0413-h08 nv-fabricmanager[1073037]: Successfully cleaned up and exiting fabric manager.

    May 19 12:13:29 icn401-0413-h08 systemd[1]: nvidia-fabricmanager.service: Deactivated successfully.

    May 19 12:13:29 icn401-0413-h08 systemd[1]: Stopped nvidia-fabricmanager.service - NVIDIA fabric manager service.

    May 19 12:13:29 icn401-0413-h08 systemd[1]: nvidia-fabricmanager.service: Consumed 14.273s CPU time, 39.6M memory peak, 0B memory swap peak.

    May 19 12:13:29 icn401-0413-h08 systemd[1]: Starting nvidia-fabricmanager.service - NVIDIA fabric manager service...

    May 19 12:13:30 icn401-0413-h08 nvidia-fabricmanager-start.sh[1225354]: Polling for at least one Infiniband device before starting Fabric Manager...

    May 19 12:13:30 icn401-0413-h08 nvidia-fabricmanager-start.sh[1225391]: Checking mlx5_3...

    May 19 12:13:30 icn401-0413-h08 nvidia-fabricmanager-start.sh[1225391]: Using device mlx5_3, port 0x4cbb47030030b5ca

    May 19 12:13:30 icn401-0413-h08 nvidia-fabricmanager-start.sh[1225391]: Detected NVL5+ system

    May 19 12:13:30 icn401-0413-h08 nvidia-fabricmanager-start.sh[1225391]: Segmentation fault (core dumped)

    May 19 12:13:30 icn401-0413-h08 nvidia-fabricmanager-start.sh[1225391]: "/opt/nvidia/nvlsm/sbin/nvlsm" failed! Exit code: 139

    May 19 12:13:30 icn401-0413-h08 systemd[1]: nvidia-fabricmanager.service: Control process exited, code=exited, status=139/n/a

    May 19 12:13:30 icn401-0413-h08 systemd[1]: nvidia-fabricmanager.service: Failed with result 'exit-code'.

    May 19 12:13:30 icn401-0413-h08 systemd[1]: Failed to start nvidia-fabricmanager.service - NVIDIA fabric manager service.

    May 19 12:16:58 icn401-0413-h08 systemd[1]: Starting nvidia-fabricmanager.service - NVIDIA fabric manager service...

    May 19 12:16:58 icn401-0413-h08 nvidia-fabricmanager-start.sh[1330666]: Polling for at least one Infiniband device before starting Fabric Manager...

    May 19 12:16:58 icn401-0413-h08 nvidia-fabricmanager-start.sh[1330702]: Checking mlx5_3...

    May 19 12:16:58 icn401-0413-h08 nvidia-fabricmanager-start.sh[1330702]: Using device mlx5_3, port 0x4cbb47030030b5ca

    May 19 12:16:58 icn401-0413-h08 nvidia-fabricmanager-start.sh[1330702]: Detected NVL5+ system

    May 19 12:16:58 icn401-0413-h08 nvidia-fabricmanager-start.sh[1330702]: Segmentation fault (core dumped)

    May 19 12:16:58 icn401-0413-h08 nvidia-fabricmanager-start.sh[1330702]: "/opt/nvidia/nvlsm/sbin/nvlsm" failed! Exit code: 139

    May 19 12:16:58 icn401-0413-h08 systemd[1]: nvidia-fabricmanager.service: Control process exited, code=exited, status=139/n/a

    May 19 12:16:58 icn401-0413-h08 systemd[1]: nvidia-fabricmanager.service: Failed with result 'exit-code'.

    May 19 12:16:58 icn401-0413-h08 systemd[1]: Failed to start nvidia-fabricmanager.service - NVIDIA fabric manager service.

[1;33m[install:WARN][0m Service is enabled and will retry after reboot. If it still fails, check NVSwitch fabric init in dmesg.

[1;32m[install][0m nvidia-persistenced: started

[1;32m[install][0m nvidia-dcgm: started



[1;35m== VS Code ==[0m

[1;32m[install][0m Installing VS Code

(Reading database ... 273289 files and directories currently installed.)

Preparing to unpack .../apps/vscode.deb ...

Unpacking code (1.120.0-1778619059) over (1.120.0-1778619059) ...

Setting up code (1.120.0-1778619059) ...

Processing triggers for desktop-file-utils (0.27-2build1) ...

Processing triggers for shared-mime-info (2.4-4) ...

You are trying to start Visual Studio Code as a super user which isn't recommended. If this was intended, please add the argument `--no-sandbox` and specify an alternate user data directory using the `--user-data-dir` argument.

[1;32m[install][0m VS Code: 



[1;35m== Google Chrome ==[0m

[1;32m[install][0m Installing Google Chrome

(Reading database ... 273289 files and directories currently installed.)

Preparing to unpack .../apps/chrome.deb ...

Unpacking google-chrome-stable (148.0.7778.167-1) over (148.0.7778.167-1) ...

Setting up google-chrome-stable (148.0.7778.167-1) ...

Processing triggers for desktop-file-utils (0.27-2build1) ...

Processing triggers for man-db (2.12.0-4build2) ...

[1;32m[install][0m Chrome: Google Chrome 148.0.7778.167 



[1;35m== Firefox ==[0m

[1;32m[install][0m Installing Firefox 150.0.3 to /opt/firefox (source: firefox.tar.xz)

[1;32m[install][0m Firefox: Mozilla Firefox 150.0.3 (xz)

[1;32m[install][0m Firefox desktop entry created.



[1;35m== GUI sandbox hardening (apparmor userns) ==[0m

[1;32m[install][0m AppArmor unprivileged userns restriction disabled (Chrome/Code/Firefox sandbox).



[1;35m== Opencode ==[0m

[1;32m[install][0m Installing Opencode v1.15.5 -> /usr/local/bin/opencode

1.15.5

[1;32m[install][0m Opencode: OK



[1;35m== Node.js + npm ==[0m

[1;32m[install][0m Installing Node.js v22.22.3 to /opt/nodejs

[1;32m[install][0m Node.js: v22.22.3  npm: 10.9.8



[1;35m== Bun ==[0m

[1;32m[install][0m Installing Bun bun-v1.3.14

[1;32m[install][0m Bun: 1.3.14



[1;35m== Python venv: LLM Inference ==[0m

[1;32m[install][0m Creating LLM Inference venv at /scratch/llm_inference/venv

Looking in links: /home/leesihun/home_dir/GPU_server_downloads/wheels/inference

Requirement already satisfied: pip in /scratch/llm_inference/venv/lib/python3.12/site-packages (26.1.1)

Requirement already satisfied: wheel in /scratch/llm_inference/venv/lib/python3.12/site-packages (0.47.0)

Requirement already satisfied: setuptools in /scratch/llm_inference/venv/lib/python3.12/site-packages (80.10.2)

Processing ./GPU_server_downloads/wheels/inference/setuptools-82.0.1-py3-none-any.whl

Requirement already satisfied: packaging>=24.0 in /scratch/llm_inference/venv/lib/python3.12/site-packages (from wheel) (26.2)

Installing collected packages: setuptools

  Attempting uninstall: setuptools

    Found existing installation: setuptools 80.10.2

    Uninstalling setuptools-80.10.2:

      Successfully uninstalled setuptools-80.10.2

ERROR: pip's dependency resolver does not currently take into account all the packages that are installed. This behaviour is the source of the following dependency conflicts.

vllm 0.21.0 requires aiohttp>=3.13.3, but you have aiohttp 3.9.5 which is incompatible.

vllm 0.21.0 requires protobuf!=6.30.*,!=6.31.*,!=6.32.*,!=6.33.0.*,!=6.33.1.*,!=6.33.2.*,!=6.33.3.*,!=6.33.4.*,>=5.29.6, but you have protobuf 4.25.9 which is incompatible.

vllm 0.21.0 requires pydantic>=2.12.0, but you have pydantic 2.11.10 which is incompatible.

vllm 0.21.0 requires setuptools<81.0.0,>=77.0.3; python_version > "3.11", but you have setuptools 82.0.1 which is incompatible.

vllm 0.21.0 requires torch==2.11.0, but you have torch 2.6.0+cpu which is incompatible.

vllm 0.21.0 requires torchvision==0.26.0, but you have torchvision 0.21.0+cpu which is incompatible.

Successfully installed setuptools-82.0.1

[1;32m[install][0m Installing PyTorch (inference)

Looking in links: /home/leesihun/home_dir/GPU_server_downloads/wheels/inference

Requirement already satisfied: torch in /scratch/llm_inference/venv/lib/python3.12/site-packages (2.6.0+cpu)

Requirement already satisfied: torchvision in /scratch/llm_inference/venv/lib/python3.12/site-packages (0.21.0+cpu)

Requirement already satisfied: torchaudio in /scratch/llm_inference/venv/lib/python3.12/site-packages (2.11.0+cu130)

Requirement already satisfied: filelock in /scratch/llm_inference/venv/lib/python3.12/site-packages (from torch) (3.29.0)

Requirement already satisfied: typing-extensions>=4.10.0 in /scratch/llm_inference/venv/lib/python3.12/site-packages (from torch) (4.15.0)

Requirement already satisfied: networkx in /scratch/llm_inference/venv/lib/python3.12/site-packages (from torch) (3.6.1)

Requirement already satisfied: jinja2 in /scratch/llm_inference/venv/lib/python3.12/site-packages (from torch) (3.1.6)

Requirement already satisfied: fsspec in /scratch/llm_inference/venv/lib/python3.12/site-packages (from torch) (2024.9.0)

Requirement already satisfied: setuptools in /scratch/llm_inference/venv/lib/python3.12/site-packages (from torch) (82.0.1)

Requirement already satisfied: sympy==1.13.1 in /scratch/llm_inference/venv/lib/python3.12/site-packages (from torch) (1.13.1)

Requirement already satisfied: mpmath<1.4,>=1.1.0 in /scratch/llm_inference/venv/lib/python3.12/site-packages (from sympy==1.13.1->torch) (1.3.0)

Requirement already satisfied: numpy in /scratch/llm_inference/venv/lib/python3.12/site-packages (from torchvision) (1.26.4)

Requirement already satisfied: pillow!=8.3.*,>=5.3.0 in /scratch/llm_inference/venv/lib/python3.12/site-packages (from torchvision) (11.3.0)

Requirement already satisfied: MarkupSafe>=2.0 in /scratch/llm_inference/venv/lib/python3.12/site-packages (from jinja2->torch) (3.0.3)

[1;32m[install][0m Installing vLLM

Looking in links: /home/leesihun/home_dir/GPU_server_downloads/wheels/inference

Requirement already satisfied: vllm in /scratch/llm_inference/venv/lib/python3.12/site-packages (0.21.0)

Requirement already satisfied: regex in /scratch/llm_inference/venv/lib/python3.12/site-packages (from vllm) (2026.5.9)

Requirement already satisfied: cachetools in /scratch/llm_inference/venv/lib/python3.12/site-packages (from vllm) (7.1.3)

Requirement already satisfied: psutil in /scratch/llm_inference/venv/lib/python3.12/site-packages (from vllm) (7.2.2)

Requirement already satisfied: sentencepiece in /scratch/llm_inference/venv/lib/python3.12/site-packages (from vllm) (0.2.1)

Requirement already satisfied: numpy in /scratch/llm_inference/venv/lib/python3.12/site-packages (from vllm) (1.26.4)

Requirement already satisfied: requests>=2.26.0 in /scratch/llm_inference/venv/lib/python3.12/site-packages (from vllm) (2.32.5)

Requirement already satisfied: tqdm in /scratch/llm_inference/venv/lib/python3.12/site-packages (from vllm) (4.67.3)

Requirement already satisfied: blake3 in /scratch/llm_inference/venv/lib/python3.12/site-packages (from vllm) (1.0.8)

Requirement already satisfied: py-cpuinfo in /scratch/llm_inference/venv/lib/python3.12/site-packages (from vllm) (9.0.0)

Requirement already satisfied: transformers!=5.0.*,!=5.1.*,!=5.2.*,!=5.3.*,!=5.4.*,!=5.5.0,>=4.56.0 in /scratch/llm_inference/venv/lib/python3.12/site-packages (from vllm) (5.5.1)

Requirement already satisfied: tokenizers>=0.21.1 in /scratch/llm_inference/venv/lib/python3.12/site-packages (from vllm) (0.22.2)

Processing ./GPU_server_downloads/wheels/inference/protobuf-6.33.6-cp39-abi3-manylinux2014_x86_64.whl (from vllm)

Requirement already satisfied: fastapi>=0.115.0 in /scratch/llm_inference/venv/lib/python3.12/site-packages (from fastapi[standard]>=0.115.0->vllm) (0.136.1)

Processing ./GPU_server_downloads/wheels/inference/aiohttp-3.13.5-cp312-cp312-manylinux2014_x86_64.manylinux_2_17_x86_64.manylinux_2_28_x86_64.whl (from vllm)

Requirement already satisfied: openai>=2.0.0 in /scratch/llm_inference/venv/lib/python3.12/site-packages (from vllm) (2.14.0)

Processing ./GPU_server_downloads/wheels/inference/pydantic-2.13.4-py3-none-any.whl (from vllm)

Requirement already satisfied: prometheus_client>=0.18.0 in /scratch/llm_inference/venv/lib/python3.12/site-packages (from vllm) (0.20.0)

Requirement already satisfied: pillow in /scratch/llm_inference/venv/lib/python3.12/site-packages (from vllm) (11.3.0)

Requirement already satisfied: prometheus-fastapi-instrumentator>=7.0.0 in /scratch/llm_inference/venv/lib/python3.12/site-packages (from vllm) (7.1.0)

Requirement already satisfied: tiktoken>=0.6.0 in /scratch/llm_inference/venv/lib/python3.12/site-packages (from vllm) (0.13.0)

Requirement already satisfied: lm-format-enforcer==0.11.3 in /scratch/llm_inference/venv/lib/python3.12/site-packages (from vllm) (0.11.3)

Requirement already satisfied: llguidance<1.4.0,>=1.3.0 in /scratch/llm_inference/venv/lib/python3.12/site-packages (from vllm) (1.3.0)

Requirement already satisfied: outlines_core==0.2.14 in /scratch/llm_inference/venv/lib/python3.12/site-packages (from vllm) (0.2.14)

Requirement already satisfied: diskcache==5.6.3 in /scratch/llm_inference/venv/lib/python3.12/site-packages (from vllm) (5.6.3)

Requirement already satisfied: lark==1.2.2 in /scratch/llm_inference/venv/lib/python3.12/site-packages (from vllm) (1.2.2)

Requirement already satisfied: xgrammar<1.0.0,>=0.2.0 in /scratch/llm_inference/venv/lib/python3.12/site-packages (from vllm) (0.2.1)

Requirement already satisfied: typing_extensions>=4.10 in /scratch/llm_inference/venv/lib/python3.12/site-packages (from vllm) (4.15.0)

Requirement already satisfied: filelock>=3.16.1 in /scratch/llm_inference/venv/lib/python3.12/site-packages (from vllm) (3.29.0)

Requirement already satisfied: partial-json-parser in /scratch/llm_inference/venv/lib/python3.12/site-packages (from vllm) (0.2.1.1.post7)

Requirement already satisfied: pyzmq>=25.0.0 in /scratch/llm_inference/venv/lib/python3.12/site-packages (from vllm) (27.1.0)

Requirement already satisfied: msgspec in /scratch/llm_inference/venv/lib/python3.12/site-packages (from vllm) (0.21.1)

Requirement already satisfied: gguf>=0.17.0 in /scratch/llm_inference/venv/lib/python3.12/site-packages (from vllm) (0.19.0)

Requirement already satisfied: mistral_common>=1.11.2 in /scratch/llm_inference/venv/lib/python3.12/site-packages (from mistral_common[image]>=1.11.2->vllm) (1.11.2)

Requirement already satisfied: opencv-python-headless>=4.13.0 in /scratch/llm_inference/venv/lib/python3.12/site-packages (from vllm) (4.13.0.92)

Requirement already satisfied: pyyaml in /scratch/llm_inference/venv/lib/python3.12/site-packages (from vllm) (6.0.3)

Requirement already satisfied: six>=1.16.0 in /scratch/llm_inference/venv/lib/python3.12/site-packages (from vllm) (1.17.0)

Processing ./GPU_server_downloads/wheels/inference/setuptools-80.10.2-py3-none-any.whl (from vllm)

Requirement already satisfied: einops in /scratch/llm_inference/venv/lib/python3.12/site-packages (from vllm) (0.8.2)

Requirement already satisfied: compressed-tensors==0.15.0.1 in /scratch/llm_inference/venv/lib/python3.12/site-packages (from vllm) (0.15.0.1)

Requirement already satisfied: depyf==0.20.0 in /scratch/llm_inference/venv/lib/python3.12/site-packages (from vllm) (0.20.0)

Requirement already satisfied: cloudpickle in /scratch/llm_inference/venv/lib/python3.12/site-packages (from vllm) (3.1.2)

Requirement already satisfied: watchfiles in /scratch/llm_inference/venv/lib/python3.12/site-packages (from vllm) (1.2.0)

Requirement already satisfied: python-json-logger in /scratch/llm_inference/venv/lib/python3.12/site-packages (from vllm) (4.1.0)

Requirement already satisfied: ninja in /scratch/llm_inference/venv/lib/python3.12/site-packages (from vllm) (1.13.0)

Requirement already satisfied: pybase64 in /scratch/llm_inference/venv/lib/python3.12/site-packages (from vllm) (1.4.3)

Requirement already satisfied: cbor2 in /scratch/llm_inference/venv/lib/python3.12/site-packages (from vllm) (6.1.1)

Requirement already satisfied: ijson in /scratch/llm_inference/venv/lib/python3.12/site-packages (from vllm) (3.5.0)

Requirement already satisfied: setproctitle in /scratch/llm_inference/venv/lib/python3.12/site-packages (from vllm) (1.3.7)

Requirement already satisfied: openai-harmony>=0.0.3 in /scratch/llm_inference/venv/lib/python3.12/site-packages (from vllm) (0.0.8)

Requirement already satisfied: anthropic>=0.71.0 in /scratch/llm_inference/venv/lib/python3.12/site-packages (from vllm) (0.102.0)

Requirement already satisfied: model-hosting-container-standards<1.0.0,>=0.1.14 in /scratch/llm_inference/venv/lib/python3.12/site-packages (from vllm) (0.1.15)

Requirement already satisfied: mcp in /scratch/llm_inference/venv/lib/python3.12/site-packages (from vllm) (1.27.1)

Requirement already satisfied: opentelemetry-sdk>=1.27.0 in /scratch/llm_inference/venv/lib/python3.12/site-packages (from vllm) (1.41.1)

Requirement already satisfied: opentelemetry-api>=1.27.0 in /scratch/llm_inference/venv/lib/python3.12/site-packages (from vllm) (1.41.1)

Requirement already satisfied: opentelemetry-exporter-otlp>=1.27.0 in /scratch/llm_inference/venv/lib/python3.12/site-packages (from vllm) (1.41.1)

Requirement already satisfied: opentelemetry-semantic-conventions-ai>=0.4.1 in /scratch/llm_inference/venv/lib/python3.12/site-packages (from vllm) (0.5.1)

Requirement already satisfied: numba==0.65.0 in /scratch/llm_inference/venv/lib/python3.12/site-packages (from vllm) (0.65.0)

Processing ./GPU_server_downloads/wheels/inference/torch-2.11.0+cu130-cp312-cp312-manylinux_2_28_x86_64.whl (from vllm)

Requirement already satisfied: torchaudio==2.11.0 in /scratch/llm_inference/venv/lib/python3.12/site-packages (from vllm) (2.11.0+cu130)

Processing ./GPU_server_downloads/wheels/inference/torchvision-0.26.0+cu130-cp312-cp312-manylinux_2_28_x86_64.whl (from vllm)

Requirement already satisfied: flashinfer-python==0.6.8.post1 in /scratch/llm_inference/venv/lib/python3.12/site-packages (from vllm) (0.6.8.post1)

Requirement already satisfied: flashinfer-cubin==0.6.8.post1 in /scratch/llm_inference/venv/lib/python3.12/site-packages (from vllm) (0.6.8.post1)

Requirement already satisfied: apache-tvm-ffi==0.1.9 in /scratch/llm_inference/venv/lib/python3.12/site-packages (from vllm) (0.1.9)

Requirement already satisfied: tilelang==0.1.9 in /scratch/llm_inference/venv/lib/python3.12/site-packages (from vllm) (0.1.9)

Requirement already satisfied: nvidia-cudnn-frontend<1.19.0,>=1.13.0 in /scratch/llm_inference/venv/lib/python3.12/site-packages (from vllm) (1.18.0)

Requirement already satisfied: fastsafetensors>=0.2.2 in /scratch/llm_inference/venv/lib/python3.12/site-packages (from vllm) (0.3.1)

Requirement already satisfied: nvidia-cutlass-dsl==4.4.2 in /scratch/llm_inference/venv/lib/python3.12/site-packages (from vllm) (4.4.2)

Requirement already satisfied: quack-kernels>=0.3.3 in /scratch/llm_inference/venv/lib/python3.12/site-packages (from vllm) (0.4.1)

Requirement already satisfied: tokenspeed-mla==0.1.2 in /scratch/llm_inference/venv/lib/python3.12/site-packages (from vllm) (0.1.2)

Requirement already satisfied: loguru in /scratch/llm_inference/venv/lib/python3.12/site-packages (from compressed-tensors==0.15.0.1->vllm) (0.7.3)

Requirement already satisfied: astor in /scratch/llm_inference/venv/lib/python3.12/site-packages (from depyf==0.20.0->vllm) (0.8.1)

Requirement already satisfied: dill in /scratch/llm_inference/venv/lib/python3.12/site-packages (from depyf==0.20.0->vllm) (0.3.8)

Requirement already satisfied: click in /scratch/llm_inference/venv/lib/python3.12/site-packages (from flashinfer-python==0.6.8.post1->vllm) (8.4.0)

Requirement already satisfied: cuda-tile in /scratch/llm_inference/venv/lib/python3.12/site-packages (from flashinfer-python==0.6.8.post1->vllm) (1.3.0)

Requirement already satisfied: nvidia-ml-py in /scratch/llm_inference/venv/lib/python3.12/site-packages (from flashinfer-python==0.6.8.post1->vllm) (13.595.45)

Requirement already satisfied: packaging>=24.2 in /scratch/llm_inference/venv/lib/python3.12/site-packages (from flashinfer-python==0.6.8.post1->vllm) (26.2)

Requirement already satisfied: tabulate in /scratch/llm_inference/venv/lib/python3.12/site-packages (from flashinfer-python==0.6.8.post1->vllm) (0.9.0)

Requirement already satisfied: interegular>=0.3.2 in /scratch/llm_inference/venv/lib/python3.12/site-packages (from lm-format-enforcer==0.11.3->vllm) (0.3.3)

Requirement already satisfied: llvmlite<0.48,>=0.47.0dev0 in /scratch/llm_inference/venv/lib/python3.12/site-packages (from numba==0.65.0->vllm) (0.47.0)

Requirement already satisfied: nvidia-cutlass-dsl-libs-base==4.4.2 in /scratch/llm_inference/venv/lib/python3.12/site-packages (from nvidia-cutlass-dsl==4.4.2->vllm) (4.4.2)

Requirement already satisfied: cuda-python>=12.8 in /scratch/llm_inference/venv/lib/python3.12/site-packages (from nvidia-cutlass-dsl-libs-base==4.4.2->nvidia-cutlass-dsl==4.4.2->vllm) (13.2.0)

Requirement already satisfied: torch-c-dlpack-ext in /scratch/llm_inference/venv/lib/python3.12/site-packages (from tilelang==0.1.9->vllm) (0.1.5)

Requirement already satisfied: ml-dtypes in /scratch/llm_inference/venv/lib/python3.12/site-packages (from tilelang==0.1.9->vllm) (0.5.4)

Requirement already satisfied: z3-solver<4.15.5,>=4.13.0 in /scratch/llm_inference/venv/lib/python3.12/site-packages (from tilelang==0.1.9->vllm) (4.15.4.0)

Requirement already satisfied: tokenspeed-triton>=3.7.10.post20260505 in /scratch/llm_inference/venv/lib/python3.12/site-packages (from tokenspeed-mla==0.1.2->vllm) (3.7.10.post20260505)

Processing ./GPU_server_downloads/wheels/inference/sympy-1.14.0-py3-none-any.whl (from torch==2.11.0->vllm)

Requirement already satisfied: networkx>=2.5.1 in /scratch/llm_inference/venv/lib/python3.12/site-packages (from torch==2.11.0->vllm) (3.6.1)

Requirement already satisfied: jinja2 in /scratch/llm_inference/venv/lib/python3.12/site-packages (from torch==2.11.0->vllm) (3.1.6)

Requirement already satisfied: fsspec>=0.8.5 in /scratch/llm_inference/venv/lib/python3.12/site-packages (from torch==2.11.0->vllm) (2024.9.0)

Requirement already satisfied: cuda-toolkit==13.0.2 in /scratch/llm_inference/venv/lib/python3.12/site-packages (from cuda-toolkit[cublas,cudart,cufft,cufile,cupti,curand,cusolver,cusparse,nvjitlink,nvrtc,nvtx]==13.0.2; platform_system == "Linux"->torch==2.11.0->vllm) (13.0.2)

Requirement already satisfied: cuda-bindings<14,>=13.0.3 in /scratch/llm_inference/venv/lib/python3.12/site-packages (from torch==2.11.0->vllm) (13.2.0)

Requirement already satisfied: nvidia-cudnn-cu13==9.19.0.56 in /scratch/llm_inference/venv/lib/python3.12/site-packages (from torch==2.11.0->vllm) (9.19.0.56)

Requirement already satisfied: nvidia-cusparselt-cu13==0.8.0 in /scratch/llm_inference/venv/lib/python3.12/site-packages (from torch==2.11.0->vllm) (0.8.0)

Requirement already satisfied: nvidia-nccl-cu13==2.28.9 in /scratch/llm_inference/venv/lib/python3.12/site-packages (from torch==2.11.0->vllm) (2.28.9)

Requirement already satisfied: nvidia-nvshmem-cu13==3.4.5 in /scratch/llm_inference/venv/lib/python3.12/site-packages (from torch==2.11.0->vllm) (3.4.5)

Requirement already satisfied: triton==3.6.0 in /scratch/llm_inference/venv/lib/python3.12/site-packages (from torch==2.11.0->vllm) (3.6.0)

Requirement already satisfied: nvidia-cublas==13.1.0.3.* in /scratch/llm_inference/venv/lib/python3.12/site-packages (from cuda-toolkit[cublas,cudart,cufft,cufile,cupti,curand,cusolver,cusparse,nvjitlink,nvrtc,nvtx]==13.0.2; platform_system == "Linux"->torch==2.11.0->vllm) (13.1.0.3)

Requirement already satisfied: nvidia-cuda-runtime==13.0.96.* in /scratch/llm_inference/venv/lib/python3.12/site-packages (from cuda-toolkit[cublas,cudart,cufft,cufile,cupti,curand,cusolver,cusparse,nvjitlink,nvrtc,nvtx]==13.0.2; platform_system == "Linux"->torch==2.11.0->vllm) (13.0.96)

Requirement already satisfied: nvidia-cufft==12.0.0.61.* in /scratch/llm_inference/venv/lib/python3.12/site-packages (from cuda-toolkit[cublas,cudart,cufft,cufile,cupti,curand,cusolver,cusparse,nvjitlink,nvrtc,nvtx]==13.0.2; platform_system == "Linux"->torch==2.11.0->vllm) (12.0.0.61)

Requirement already satisfied: nvidia-cufile==1.15.1.6.* in /scratch/llm_inference/venv/lib/python3.12/site-packages (from cuda-toolkit[cublas,cudart,cufft,cufile,cupti,curand,cusolver,cusparse,nvjitlink,nvrtc,nvtx]==13.0.2; platform_system == "Linux"->torch==2.11.0->vllm) (1.15.1.6)

Requirement already satisfied: nvidia-cuda-cupti==13.0.85.* in /scratch/llm_inference/venv/lib/python3.12/site-packages (from cuda-toolkit[cublas,cudart,cufft,cufile,cupti,curand,cusolver,cusparse,nvjitlink,nvrtc,nvtx]==13.0.2; platform_system == "Linux"->torch==2.11.0->vllm) (13.0.85)

Requirement already satisfied: nvidia-curand==10.4.0.35.* in /scratch/llm_inference/venv/lib/python3.12/site-packages (from cuda-toolkit[cublas,cudart,cufft,cufile,cupti,curand,cusolver,cusparse,nvjitlink,nvrtc,nvtx]==13.0.2; platform_system == "Linux"->torch==2.11.0->vllm) (10.4.0.35)

Requirement already satisfied: nvidia-cusolver==12.0.4.66.* in /scratch/llm_inference/venv/lib/python3.12/site-packages (from cuda-toolkit[cublas,cudart,cufft,cufile,cupti,curand,cusolver,cusparse,nvjitlink,nvrtc,nvtx]==13.0.2; platform_system == "Linux"->torch==2.11.0->vllm) (12.0.4.66)

Requirement already satisfied: nvidia-cusparse==12.6.3.3.* in /scratch/llm_inference/venv/lib/python3.12/site-packages (from cuda-toolkit[cublas,cudart,cufft,cufile,cupti,curand,cusolver,cusparse,nvjitlink,nvrtc,nvtx]==13.0.2; platform_system == "Linux"->torch==2.11.0->vllm) (12.6.3.3)

Requirement already satisfied: nvidia-nvjitlink==13.0.88.* in /scratch/llm_inference/venv/lib/python3.12/site-packages (from cuda-toolkit[cublas,cudart,cufft,cufile,cupti,curand,cusolver,cusparse,nvjitlink,nvrtc,nvtx]==13.0.2; platform_system == "Linux"->torch==2.11.0->vllm) (13.0.88)

Requirement already satisfied: nvidia-cuda-nvrtc==13.0.88.* in /scratch/llm_inference/venv/lib/python3.12/site-packages (from cuda-toolkit[cublas,cudart,cufft,cufile,cupti,curand,cusolver,cusparse,nvjitlink,nvrtc,nvtx]==13.0.2; platform_system == "Linux"->torch==2.11.0->vllm) (13.0.88)

Requirement already satisfied: nvidia-nvtx==13.0.85.* in /scratch/llm_inference/venv/lib/python3.12/site-packages (from cuda-toolkit[cublas,cudart,cufft,cufile,cupti,curand,cusolver,cusparse,nvjitlink,nvrtc,nvtx]==13.0.2; platform_system == "Linux"->torch==2.11.0->vllm) (13.0.85)

Requirement already satisfied: cuda-pathfinder~=1.1 in /scratch/llm_inference/venv/lib/python3.12/site-packages (from cuda-bindings<14,>=13.0.3->torch==2.11.0->vllm) (1.5.4)

Requirement already satisfied: httpx in /scratch/llm_inference/venv/lib/python3.12/site-packages (from model-hosting-container-standards<1.0.0,>=0.1.14->vllm) (0.28.1)

Requirement already satisfied: jmespath in /scratch/llm_inference/venv/lib/python3.12/site-packages (from model-hosting-container-standards<1.0.0,>=0.1.14->vllm) (1.1.0)

Requirement already satisfied: starlette>=0.49.1 in /scratch/llm_inference/venv/lib/python3.12/site-packages (from model-hosting-container-standards<1.0.0,>=0.1.14->vllm) (0.52.1)

Requirement already satisfied: supervisor>=4.2.0 in /scratch/llm_inference/venv/lib/python3.12/site-packages (from model-hosting-container-standards<1.0.0,>=0.1.14->vllm) (4.3.0)

Requirement already satisfied: aiohappyeyeballs>=2.5.0 in /scratch/llm_inference/venv/lib/python3.12/site-packages (from aiohttp>=3.13.3->vllm) (2.6.1)

Requirement already satisfied: aiosignal>=1.4.0 in /scratch/llm_inference/venv/lib/python3.12/site-packages (from aiohttp>=3.13.3->vllm) (1.4.0)

Requirement already satisfied: attrs>=17.3.0 in /scratch/llm_inference/venv/lib/python3.12/site-packages (from aiohttp>=3.13.3->vllm) (26.1.0)

Requirement already satisfied: frozenlist>=1.1.1 in /scratch/llm_inference/venv/lib/python3.12/site-packages (from aiohttp>=3.13.3->vllm) (1.8.0)

Requirement already satisfied: multidict<7.0,>=4.5 in /scratch/llm_inference/venv/lib/python3.12/site-packages (from aiohttp>=3.13.3->vllm) (6.7.1)

Requirement already satisfied: propcache>=0.2.0 in /scratch/llm_inference/venv/lib/python3.12/site-packages (from aiohttp>=3.13.3->vllm) (0.5.2)

Requirement already satisfied: yarl<2.0,>=1.17.0 in /scratch/llm_inference/venv/lib/python3.12/site-packages (from aiohttp>=3.13.3->vllm) (1.23.0)

Requirement already satisfied: idna>=2.0 in /scratch/llm_inference/venv/lib/python3.12/site-packages (from yarl<2.0,>=1.17.0->aiohttp>=3.13.3->vllm) (3.15)

Requirement already satisfied: anyio<5,>=3.5.0 in /scratch/llm_inference/venv/lib/python3.12/site-packages (from anthropic>=0.71.0->vllm) (4.13.0)

Requirement already satisfied: distro<2,>=1.7.0 in /scratch/llm_inference/venv/lib/python3.12/site-packages (from anthropic>=0.71.0->vllm) (1.9.0)

Requirement already satisfied: docstring-parser<1,>=0.15 in /scratch/llm_inference/venv/lib/python3.12/site-packages (from anthropic>=0.71.0->vllm) (0.18.0)

Requirement already satisfied: jiter<1,>=0.4.0 in /scratch/llm_inference/venv/lib/python3.12/site-packages (from anthropic>=0.71.0->vllm) (0.14.0)

Requirement already satisfied: sniffio in /scratch/llm_inference/venv/lib/python3.12/site-packages (from anthropic>=0.71.0->vllm) (1.3.1)

Requirement already satisfied: certifi in /scratch/llm_inference/venv/lib/python3.12/site-packages (from httpx->model-hosting-container-standards<1.0.0,>=0.1.14->vllm) (2026.4.22)

Requirement already satisfied: httpcore==1.* in /scratch/llm_inference/venv/lib/python3.12/site-packages (from httpx->model-hosting-container-standards<1.0.0,>=0.1.14->vllm) (1.0.9)

Requirement already satisfied: h11>=0.16 in /scratch/llm_inference/venv/lib/python3.12/site-packages (from httpcore==1.*->httpx->model-hosting-container-standards<1.0.0,>=0.1.14->vllm) (0.16.0)

Requirement already satisfied: annotated-types>=0.6.0 in /scratch/llm_inference/venv/lib/python3.12/site-packages (from pydantic>=2.12.0->vllm) (0.7.0)

Processing ./GPU_server_downloads/wheels/inference/pydantic_core-2.46.4-cp312-cp312-manylinux_2_17_x86_64.manylinux2014_x86_64.whl (from pydantic>=2.12.0->vllm)

Requirement already satisfied: typing-inspection>=0.4.2 in /scratch/llm_inference/venv/lib/python3.12/site-packages (from pydantic>=2.12.0->vllm) (0.4.2)

Requirement already satisfied: annotated-doc>=0.0.2 in /scratch/llm_inference/venv/lib/python3.12/site-packages (from fastapi>=0.115.0->fastapi[standard]>=0.115.0->vllm) (0.0.4)

Requirement already satisfied: fastapi-cli>=0.0.8 in /scratch/llm_inference/venv/lib/python3.12/site-packages (from fastapi-cli[standard]>=0.0.8; extra == "standard"->fastapi[standard]>=0.115.0->vllm) (0.0.24)

Requirement already satisfied: fastar>=0.9.0 in /scratch/llm_inference/venv/lib/python3.12/site-packages (from fastapi[standard]>=0.115.0->vllm) (0.11.0)

Requirement already satisfied: python-multipart>=0.0.18 in /scratch/llm_inference/venv/lib/python3.12/site-packages (from fastapi[standard]>=0.115.0->vllm) (0.0.29)

Requirement already satisfied: email-validator>=2.0.0 in /scratch/llm_inference/venv/lib/python3.12/site-packages (from fastapi[standard]>=0.115.0->vllm) (2.3.0)

Requirement already satisfied: uvicorn>=0.12.0 in /scratch/llm_inference/venv/lib/python3.12/site-packages (from uvicorn[standard]>=0.12.0; extra == "standard"->fastapi[standard]>=0.115.0->vllm) (0.47.0)

Requirement already satisfied: pydantic-settings>=2.0.0 in /scratch/llm_inference/venv/lib/python3.12/site-packages (from fastapi[standard]>=0.115.0->vllm) (2.14.1)

Requirement already satisfied: pydantic-extra-types>=2.0.0 in /scratch/llm_inference/venv/lib/python3.12/site-packages (from fastapi[standard]>=0.115.0->vllm) (2.11.1)

Requirement already satisfied: dnspython>=2.0.0 in /scratch/llm_inference/venv/lib/python3.12/site-packages (from email-validator>=2.0.0->fastapi[standard]>=0.115.0->vllm) (2.8.0)

Requirement already satisfied: typer>=0.16.0 in /scratch/llm_inference/venv/lib/python3.12/site-packages (from fastapi-cli>=0.0.8->fastapi-cli[standard]>=0.0.8; extra == "standard"->fastapi[standard]>=0.115.0->vllm) (0.24.2)

Requirement already satisfied: rich-toolkit>=0.14.8 in /scratch/llm_inference/venv/lib/python3.12/site-packages (from fastapi-cli>=0.0.8->fastapi-cli[standard]>=0.0.8; extra == "standard"->fastapi[standard]>=0.115.0->vllm) (0.19.9)

Requirement already satisfied: fastapi-cloud-cli>=0.1.1 in /scratch/llm_inference/venv/lib/python3.12/site-packages (from fastapi-cli[standard]>=0.0.8; extra == "standard"->fastapi[standard]>=0.115.0->vllm) (0.17.1)

Requirement already satisfied: rignore>=0.5.1 in /scratch/llm_inference/venv/lib/python3.12/site-packages (from fastapi-cloud-cli>=0.1.1->fastapi-cli[standard]>=0.0.8; extra == "standard"->fastapi[standard]>=0.115.0->vllm) (0.7.6)

Requirement already satisfied: sentry-sdk>=2.20.0 in /scratch/llm_inference/venv/lib/python3.12/site-packages (from fastapi-cloud-cli>=0.1.1->fastapi-cli[standard]>=0.0.8; extra == "standard"->fastapi[standard]>=0.115.0->vllm) (2.60.0)

Requirement already satisfied: MarkupSafe>=2.0 in /scratch/llm_inference/venv/lib/python3.12/site-packages (from jinja2->torch==2.11.0->vllm) (3.0.3)

Requirement already satisfied: jsonschema>=4.21.1 in /scratch/llm_inference/venv/lib/python3.12/site-packages (from mistral_common>=1.11.2->mistral_common[image]>=1.11.2->vllm) (4.26.0)

Requirement already satisfied: jsonschema-specifications>=2023.03.6 in /scratch/llm_inference/venv/lib/python3.12/site-packages (from jsonschema>=4.21.1->mistral_common>=1.11.2->mistral_common[image]>=1.11.2->vllm) (2025.9.1)

Requirement already satisfied: referencing>=0.28.4 in /scratch/llm_inference/venv/lib/python3.12/site-packages (from jsonschema>=4.21.1->mistral_common>=1.11.2->mistral_common[image]>=1.11.2->vllm) (0.37.0)

Requirement already satisfied: rpds-py>=0.25.0 in /scratch/llm_inference/venv/lib/python3.12/site-packages (from jsonschema>=4.21.1->mistral_common>=1.11.2->mistral_common[image]>=1.11.2->vllm) (0.30.0)

Processing ./GPU_server_downloads/wheels/inference/numpy-2.3.5-cp312-cp312-manylinux_2_27_x86_64.manylinux_2_28_x86_64.whl (from vllm)

Requirement already satisfied: importlib-metadata<8.8.0,>=6.0 in /scratch/llm_inference/venv/lib/python3.12/site-packages (from opentelemetry-api>=1.27.0->vllm) (8.7.1)

Requirement already satisfied: zipp>=3.20 in /scratch/llm_inference/venv/lib/python3.12/site-packages (from importlib-metadata<8.8.0,>=6.0->opentelemetry-api>=1.27.0->vllm) (4.1.0)

Requirement already satisfied: opentelemetry-exporter-otlp-proto-grpc==1.41.1 in /scratch/llm_inference/venv/lib/python3.12/site-packages (from opentelemetry-exporter-otlp>=1.27.0->vllm) (1.41.1)

Requirement already satisfied: opentelemetry-exporter-otlp-proto-http==1.41.1 in /scratch/llm_inference/venv/lib/python3.12/site-packages (from opentelemetry-exporter-otlp>=1.27.0->vllm) (1.41.1)

Requirement already satisfied: googleapis-common-protos~=1.57 in /scratch/llm_inference/venv/lib/python3.12/site-packages (from opentelemetry-exporter-otlp-proto-grpc==1.41.1->opentelemetry-exporter-otlp>=1.27.0->vllm) (1.75.0)

Requirement already satisfied: grpcio<2.0.0,>=1.63.2 in /scratch/llm_inference/venv/lib/python3.12/site-packages (from opentelemetry-exporter-otlp-proto-grpc==1.41.1->opentelemetry-exporter-otlp>=1.27.0->vllm) (1.80.0)

Requirement already satisfied: opentelemetry-exporter-otlp-proto-common==1.41.1 in /scratch/llm_inference/venv/lib/python3.12/site-packages (from opentelemetry-exporter-otlp-proto-grpc==1.41.1->opentelemetry-exporter-otlp>=1.27.0->vllm) (1.41.1)

Requirement already satisfied: opentelemetry-proto==1.41.1 in /scratch/llm_inference/venv/lib/python3.12/site-packages (from opentelemetry-exporter-otlp-proto-grpc==1.41.1->opentelemetry-exporter-otlp>=1.27.0->vllm) (1.41.1)

Requirement already satisfied: opentelemetry-semantic-conventions==0.62b1 in /scratch/llm_inference/venv/lib/python3.12/site-packages (from opentelemetry-sdk>=1.27.0->vllm) (0.62b1)

Requirement already satisfied: charset_normalizer<4,>=2 in /scratch/llm_inference/venv/lib/python3.12/site-packages (from requests>=2.26.0->vllm) (3.4.7)

Requirement already satisfied: urllib3<3,>=1.21.1 in /scratch/llm_inference/venv/lib/python3.12/site-packages (from requests>=2.26.0->vllm) (2.7.0)

Requirement already satisfied: pycountry>=23 in /scratch/llm_inference/venv/lib/python3.12/site-packages (from pydantic-extra-types[pycountry]>=2.10.5->mistral_common>=1.11.2->mistral_common[image]>=1.11.2->vllm) (26.2.16)

Requirement already satisfied: python-dotenv>=0.21.0 in /scratch/llm_inference/venv/lib/python3.12/site-packages (from pydantic-settings>=2.0.0->fastapi[standard]>=0.115.0->vllm) (1.2.2)

Requirement already satisfied: rich>=13.7.1 in /scratch/llm_inference/venv/lib/python3.12/site-packages (from rich-toolkit>=0.14.8->fastapi-cli>=0.0.8->fastapi-cli[standard]>=0.0.8; extra == "standard"->fastapi[standard]>=0.115.0->vllm) (15.0.0)

Requirement already satisfied: markdown-it-py>=2.2.0 in /scratch/llm_inference/venv/lib/python3.12/site-packages (from rich>=13.7.1->rich-toolkit>=0.14.8->fastapi-cli>=0.0.8->fastapi-cli[standard]>=0.0.8; extra == "standard"->fastapi[standard]>=0.115.0->vllm) (4.2.0)

Requirement already satisfied: pygments<3.0.0,>=2.13.0 in /scratch/llm_inference/venv/lib/python3.12/site-packages (from rich>=13.7.1->rich-toolkit>=0.14.8->fastapi-cli>=0.0.8->fastapi-cli[standard]>=0.0.8; extra == "standard"->fastapi[standard]>=0.115.0->vllm) (2.20.0)

Requirement already satisfied: mdurl~=0.1 in /scratch/llm_inference/venv/lib/python3.12/site-packages (from markdown-it-py>=2.2.0->rich>=13.7.1->rich-toolkit>=0.14.8->fastapi-cli>=0.0.8->fastapi-cli[standard]>=0.0.8; extra == "standard"->fastapi[standard]>=0.115.0->vllm) (0.1.2)

Requirement already satisfied: mpmath<1.4,>=1.1.0 in /scratch/llm_inference/venv/lib/python3.12/site-packages (from sympy>=1.13.3->torch==2.11.0->vllm) (1.3.0)

Requirement already satisfied: huggingface-hub<2.0,>=0.16.4 in /scratch/llm_inference/venv/lib/python3.12/site-packages (from tokenizers>=0.21.1->vllm) (1.15.0)

Requirement already satisfied: hf-xet<2.0.0,>=1.4.3 in /scratch/llm_inference/venv/lib/python3.12/site-packages (from huggingface-hub<2.0,>=0.16.4->tokenizers>=0.21.1->vllm) (1.5.0)

Requirement already satisfied: safetensors>=0.4.3 in /scratch/llm_inference/venv/lib/python3.12/site-packages (from transformers!=5.0.*,!=5.1.*,!=5.2.*,!=5.3.*,!=5.4.*,!=5.5.0,>=4.56.0->vllm) (0.7.0)

Requirement already satisfied: shellingham>=1.3.0 in /scratch/llm_inference/venv/lib/python3.12/site-packages (from typer>=0.16.0->fastapi-cli>=0.0.8->fastapi-cli[standard]>=0.0.8; extra == "standard"->fastapi[standard]>=0.115.0->vllm) (1.5.4)

Requirement already satisfied: httptools>=0.6.3 in /scratch/llm_inference/venv/lib/python3.12/site-packages (from uvicorn[standard]>=0.12.0; extra == "standard"->fastapi[standard]>=0.115.0->vllm) (0.7.1)

Requirement already satisfied: uvloop>=0.15.1 in /scratch/llm_inference/venv/lib/python3.12/site-packages (from uvicorn[standard]>=0.12.0; extra == "standard"->fastapi[standard]>=0.115.0->vllm) (0.22.1)

Requirement already satisfied: websockets>=10.4 in /scratch/llm_inference/venv/lib/python3.12/site-packages (from uvicorn[standard]>=0.12.0; extra == "standard"->fastapi[standard]>=0.115.0->vllm) (16.0)

Requirement already satisfied: httpx-sse>=0.4 in /scratch/llm_inference/venv/lib/python3.12/site-packages (from mcp->vllm) (0.4.3)

Requirement already satisfied: pyjwt>=2.10.1 in /scratch/llm_inference/venv/lib/python3.12/site-packages (from pyjwt[crypto]>=2.10.1->mcp->vllm) (2.12.1)

Requirement already satisfied: sse-starlette>=1.6.1 in /scratch/llm_inference/venv/lib/python3.12/site-packages (from mcp->vllm) (3.4.4)

Requirement already satisfied: cryptography>=3.4.0 in /scratch/llm_inference/venv/lib/python3.12/site-packages (from pyjwt[crypto]>=2.10.1->mcp->vllm) (48.0.0)

Processing ./GPU_server_downloads/wheels/inference/cffi-2.0.0-cp312-cp312-manylinux2014_x86_64.manylinux_2_17_x86_64.whl (from cryptography>=3.4.0->pyjwt[crypto]>=2.10.1->mcp->vllm)

Requirement already satisfied: pycparser in /scratch/llm_inference/venv/lib/python3.12/site-packages (from cffi>=2.0.0->cryptography>=3.4.0->pyjwt[crypto]>=2.10.1->mcp->vllm) (3.0)

Installing collected packages: sympy, setuptools, pydantic-core, protobuf, numpy, cffi, pydantic, aiohttp, torch, torchvision

  Attempting uninstall: sympy

    Found existing installation: sympy 1.13.1

    Uninstalling sympy-1.13.1:

      Successfully uninstalled sympy-1.13.1

  Attempting uninstall: setuptools

    Found existing installation: setuptools 82.0.1

    Uninstalling setuptools-82.0.1:

      Successfully uninstalled setuptools-82.0.1

  Attempting uninstall: pydantic-core

    Found existing installation: pydantic_core 2.33.2

    Uninstalling pydantic_core-2.33.2:

      Successfully uninstalled pydantic_core-2.33.2

  Attempting uninstall: protobuf

    Found existing installation: protobuf 4.25.9

    Uninstalling protobuf-4.25.9:

      Successfully uninstalled protobuf-4.25.9

  Attempting uninstall: numpy

    Found existing installation: numpy 1.26.4

    Uninstalling numpy-1.26.4:

      Successfully uninstalled numpy-1.26.4

  Attempting uninstall: cffi

    Found existing installation: cffi 1.16.0

    Uninstalling cffi-1.16.0:

      Successfully uninstalled cffi-1.16.0

  Attempting uninstall: pydantic

    Found existing installation: pydantic 2.11.10

    Uninstalling pydantic-2.11.10:

      Successfully uninstalled pydantic-2.11.10

  Attempting uninstall: aiohttp

    Found existing installation: aiohttp 3.9.5

    Uninstalling aiohttp-3.9.5:

      Successfully uninstalled aiohttp-3.9.5

  Attempting uninstall: torch

    Found existing installation: torch 2.6.0+cpu

    Uninstalling torch-2.6.0+cpu:

      Successfully uninstalled torch-2.6.0+cpu

  Attempting uninstall: torchvision

    Found existing installation: torchvision 0.21.0+cpu

    Uninstalling torchvision-0.21.0+cpu:

      Successfully uninstalled torchvision-0.21.0+cpu



Successfully installed aiohttp-3.13.5 cffi-2.0.0 numpy-2.3.5 protobuf-6.33.6 pydantic-2.13.4 pydantic-core-2.46.4 setuptools-80.10.2 sympy-1.14.0 torch-2.11.0+cu130 torchvision-0.26.0+cu130

[1;32m[install][0m   Installing from llm_api_full.txt

Looking in links: /home/leesihun/home_dir/GPU_server_downloads/wheels/inference

Processing ./GPU_server_downloads/wheels/inference/aiofiles-25.1.0-py3-none-any.whl (from -r /home/leesihun/home_dir/GPU_server_downloads/requirements/llm_api_full.txt (line 1))

Requirement already satisfied: aiohappyeyeballs in /scratch/llm_inference/venv/lib/python3.12/site-packages (from -r /home/leesihun/home_dir/GPU_server_downloads/requirements/llm_api_full.txt (line 2)) (2.6.1)

Requirement already satisfied: aiohttp in /scratch/llm_inference/venv/lib/python3.12/site-packages (from -r /home/leesihun/home_dir/GPU_server_downloads/requirements/llm_api_full.txt (line 3)) (3.13.5)

Requirement already satisfied: aiosignal in /scratch/llm_inference/venv/lib/python3.12/site-packages (from -r /home/leesihun/home_dir/GPU_server_downloads/requirements/llm_api_full.txt (line 4)) (1.4.0)

Requirement already satisfied: annotated-types in /scratch/llm_inference/venv/lib/python3.12/site-packages (from -r /home/leesihun/home_dir/GPU_server_downloads/requirements/llm_api_full.txt (line 5)) (0.7.0)

Requirement already satisfied: anyio in /scratch/llm_inference/venv/lib/python3.12/site-packages (from -r /home/leesihun/home_dir/GPU_server_downloads/requirements/llm_api_full.txt (line 6)) (4.13.0)

Requirement already satisfied: attrs in /scratch/llm_inference/venv/lib/python3.12/site-packages (from -r /home/leesihun/home_dir/GPU_server_downloads/requirements/llm_api_full.txt (line 7)) (26.1.0)

Processing ./GPU_server_downloads/wheels/inference/backoff-2.2.1-py3-none-any.whl (from -r /home/leesihun/home_dir/GPU_server_downloads/requirements/llm_api_full.txt (line 8))

Processing ./GPU_server_downloads/wheels/inference/bcrypt-4.0.1-cp36-abi3-manylinux_2_28_x86_64.whl (from -r /home/leesihun/home_dir/GPU_server_downloads/requirements/llm_api_full.txt (line 9))

Processing ./GPU_server_downloads/wheels/inference/beautifulsoup4-4.14.3-py3-none-any.whl (from -r /home/leesihun/home_dir/GPU_server_downloads/requirements/llm_api_full.txt (line 10))

Processing ./GPU_server_downloads/wheels/inference/blosc2-4.3.0-cp312-cp312-manylinux2014_x86_64.manylinux_2_17_x86_64.whl (from -r /home/leesihun/home_dir/GPU_server_downloads/requirements/llm_api_full.txt (line 11))

Processing ./GPU_server_downloads/wheels/inference/build-1.5.0-py3-none-any.whl (from -r /home/leesihun/home_dir/GPU_server_downloads/requirements/llm_api_full.txt (line 12))

Requirement already satisfied: cachetools in /scratch/llm_inference/venv/lib/python3.12/site-packages (from -r /home/leesihun/home_dir/GPU_server_downloads/requirements/llm_api_full.txt (line 13)) (7.1.3)

Processing ./GPU_server_downloads/wheels/inference/cerberus-1.3.8-py3-none-any.whl (from -r /home/leesihun/home_dir/GPU_server_downloads/requirements/llm_api_full.txt (line 14))

Requirement already satisfied: certifi in /scratch/llm_inference/venv/lib/python3.12/site-packages (from -r /home/leesihun/home_dir/GPU_server_downloads/requirements/llm_api_full.txt (line 15)) (2026.4.22)

Requirement already satisfied: cffi in /scratch/llm_inference/venv/lib/python3.12/site-packages (from -r /home/leesihun/home_dir/GPU_server_downloads/requirements/llm_api_full.txt (line 16)) (2.0.0)

Processing ./GPU_server_downloads/wheels/inference/cftime-1.6.5-cp312-cp312-manylinux2014_x86_64.manylinux_2_17_x86_64.whl (from -r /home/leesihun/home_dir/GPU_server_downloads/requirements/llm_api_full.txt (line 17))

Processing ./GPU_server_downloads/wheels/inference/chardet-7.4.3-cp312-cp312-manylinux2014_x86_64.manylinux_2_17_x86_64.manylinux_2_28_x86_64.whl (from -r /home/leesihun/home_dir/GPU_server_downloads/requirements/llm_api_full.txt (line 18))

Requirement already satisfied: charset-normalizer in /scratch/llm_inference/venv/lib/python3.12/site-packages (from -r /home/leesihun/home_dir/GPU_server_downloads/requirements/llm_api_full.txt (line 19)) (3.4.7)

Requirement already satisfied: click in /scratch/llm_inference/venv/lib/python3.12/site-packages (from -r /home/leesihun/home_dir/GPU_server_downloads/requirements/llm_api_full.txt (line 20)) (8.4.0)

Processing ./GPU_server_downloads/wheels/inference/colorama-0.4.6-py2.py3-none-any.whl (from -r /home/leesihun/home_dir/GPU_server_downloads/requirements/llm_api_full.txt (line 21))

Processing ./GPU_server_downloads/wheels/inference/coloredlogs-15.0.1-py2.py3-none-any.whl (from -r /home/leesihun/home_dir/GPU_server_downloads/requirements/llm_api_full.txt (line 22))

Requirement already satisfied: contourpy in /scratch/llm_inference/venv/lib/python3.12/site-packages (from -r /home/leesihun/home_dir/GPU_server_downloads/requirements/llm_api_full.txt (line 23)) (1.3.3)

Requirement already satisfied: cryptography in /scratch/llm_inference/venv/lib/python3.12/site-packages (from -r /home/leesihun/home_dir/GPU_server_downloads/requirements/llm_api_full.txt (line 24)) (48.0.0)

Requirement already satisfied: cycler in /scratch/llm_inference/venv/lib/python3.12/site-packages (from -r /home/leesihun/home_dir/GPU_server_downloads/requirements/llm_api_full.txt (line 25)) (0.12.1)

Requirement already satisfied: dataclasses-json in /scratch/llm_inference/venv/lib/python3.12/site-packages (from -r /home/leesihun/home_dir/GPU_server_downloads/requirements/llm_api_full.txt (line 26)) (0.6.7)

Requirement already satisfied: distro in /scratch/llm_inference/venv/lib/python3.12/site-packages (from -r /home/leesihun/home_dir/GPU_server_downloads/requirements/llm_api_full.txt (line 27)) (1.9.0)

Processing ./GPU_server_downloads/wheels/inference/durationpy-0.10-py3-none-any.whl (from -r /home/leesihun/home_dir/GPU_server_downloads/requirements/llm_api_full.txt (line 28))

Requirement already satisfied: ecdsa in /scratch/llm_inference/venv/lib/python3.12/site-packages (from -r /home/leesihun/home_dir/GPU_server_downloads/requirements/llm_api_full.txt (line 29)) (0.19.2)

Processing ./GPU_server_downloads/wheels/inference/et_xmlfile-2.0.0-py3-none-any.whl (from -r /home/leesihun/home_dir/GPU_server_downloads/requirements/llm_api_full.txt (line 30))

Requirement already satisfied: faiss-cpu in /scratch/llm_inference/venv/lib/python3.12/site-packages (from -r /home/leesihun/home_dir/GPU_server_downloads/requirements/llm_api_full.txt (line 31)) (1.13.2)

Requirement already satisfied: fastapi in /scratch/llm_inference/venv/lib/python3.12/site-packages (from -r /home/leesihun/home_dir/GPU_server_downloads/requirements/llm_api_full.txt (line 32)) (0.136.1)

Requirement already satisfied: filelock in /scratch/llm_inference/venv/lib/python3.12/site-packages (from -r /home/leesihun/home_dir/GPU_server_downloads/requirements/llm_api_full.txt (line 33)) (3.29.0)

Processing ./GPU_server_downloads/wheels/inference/flatbuffers-25.12.19-py2.py3-none-any.whl (from -r /home/leesihun/home_dir/GPU_server_downloads/requirements/llm_api_full.txt (line 34))

Requirement already satisfied: fonttools in /scratch/llm_inference/venv/lib/python3.12/site-packages (from -r /home/leesihun/home_dir/GPU_server_downloads/requirements/llm_api_full.txt (line 35)) (4.63.0)

Requirement already satisfied: frozenlist in /scratch/llm_inference/venv/lib/python3.12/site-packages (from -r /home/leesihun/home_dir/GPU_server_downloads/requirements/llm_api_full.txt (line 36)) (1.8.0)

Requirement already satisfied: fsspec in /scratch/llm_inference/venv/lib/python3.12/site-packages (from -r /home/leesihun/home_dir/GPU_server_downloads/requirements/llm_api_full.txt (line 37)) (2024.9.0)

Processing ./GPU_server_downloads/wheels/inference/google_auth-2.53.0-py3-none-any.whl (from -r /home/leesihun/home_dir/GPU_server_downloads/requirements/llm_api_full.txt (line 38))

Requirement already satisfied: googleapis-common-protos in /scratch/llm_inference/venv/lib/python3.12/site-packages (from -r /home/leesihun/home_dir/GPU_server_downloads/requirements/llm_api_full.txt (line 39)) (1.75.0)

Requirement already satisfied: greenlet in /scratch/llm_inference/venv/lib/python3.12/site-packages (from -r /home/leesihun/home_dir/GPU_server_downloads/requirements/llm_api_full.txt (line 40)) (3.5.0)

Requirement already satisfied: grpcio in /scratch/llm_inference/venv/lib/python3.12/site-packages (from -r /home/leesihun/home_dir/GPU_server_downloads/requirements/llm_api_full.txt (line 41)) (1.80.0)

Requirement already satisfied: h11 in /scratch/llm_inference/venv/lib/python3.12/site-packages (from -r /home/leesihun/home_dir/GPU_server_downloads/requirements/llm_api_full.txt (line 42)) (0.16.0)

Processing ./GPU_server_downloads/wheels/inference/h5py-3.16.0-cp312-cp312-manylinux_2_28_x86_64.whl (from -r /home/leesihun/home_dir/GPU_server_downloads/requirements/llm_api_full.txt (line 43))

Requirement already satisfied: httpcore in /scratch/llm_inference/venv/lib/python3.12/site-packages (from -r /home/leesihun/home_dir/GPU_server_downloads/requirements/llm_api_full.txt (line 44)) (1.0.9)

Requirement already satisfied: httptools in /scratch/llm_inference/venv/lib/python3.12/site-packages (from -r /home/leesihun/home_dir/GPU_server_downloads/requirements/llm_api_full.txt (line 45)) (0.7.1)

Requirement already satisfied: httpx in /scratch/llm_inference/venv/lib/python3.12/site-packages (from -r /home/leesihun/home_dir/GPU_server_downloads/requirements/llm_api_full.txt (line 46)) (0.28.1)

Requirement already satisfied: httpx-sse in /scratch/llm_inference/venv/lib/python3.12/site-packages (from -r /home/leesihun/home_dir/GPU_server_downloads/requirements/llm_api_full.txt (line 47)) (0.4.3)

Requirement already satisfied: huggingface-hub in /scratch/llm_inference/venv/lib/python3.12/site-packages (from -r /home/leesihun/home_dir/GPU_server_downloads/requirements/llm_api_full.txt (line 48)) (1.15.0)

Processing ./GPU_server_downloads/wheels/inference/humanfriendly-10.0-py2.py3-none-any.whl (from -r /home/leesihun/home_dir/GPU_server_downloads/requirements/llm_api_full.txt (line 49))

Requirement already satisfied: idna in /scratch/llm_inference/venv/lib/python3.12/site-packages (from -r /home/leesihun/home_dir/GPU_server_downloads/requirements/llm_api_full.txt (line 50)) (3.15)

Processing ./GPU_server_downloads/wheels/inference/imageio-2.37.3-py3-none-any.whl (from -r /home/leesihun/home_dir/GPU_server_downloads/requirements/llm_api_full.txt (line 51))

Requirement already satisfied: importlib_metadata in /scratch/llm_inference/venv/lib/python3.12/site-packages (from -r /home/leesihun/home_dir/GPU_server_downloads/requirements/llm_api_full.txt (line 52)) (8.7.1)

Processing ./GPU_server_downloads/wheels/inference/importlib_resources-6.5.2-py3-none-any.whl (from -r /home/leesihun/home_dir/GPU_server_downloads/requirements/llm_api_full.txt (line 53))

Requirement already satisfied: Jinja2 in /scratch/llm_inference/venv/lib/python3.12/site-packages (from -r /home/leesihun/home_dir/GPU_server_downloads/requirements/llm_api_full.txt (line 54)) (3.1.6)

Requirement already satisfied: joblib in /scratch/llm_inference/venv/lib/python3.12/site-packages (from -r /home/leesihun/home_dir/GPU_server_downloads/requirements/llm_api_full.txt (line 55)) (1.5.3)

Requirement already satisfied: jsonpatch in /scratch/llm_inference/venv/lib/python3.12/site-packages (from -r /home/leesihun/home_dir/GPU_server_downloads/requirements/llm_api_full.txt (line 56)) (1.33)

Requirement already satisfied: jsonpointer in /scratch/llm_inference/venv/lib/python3.12/site-packages (from -r /home/leesihun/home_dir/GPU_server_downloads/requirements/llm_api_full.txt (line 57)) (3.1.1)

Requirement already satisfied: jsonschema in /scratch/llm_inference/venv/lib/python3.12/site-packages (from -r /home/leesihun/home_dir/GPU_server_downloads/requirements/llm_api_full.txt (line 58)) (4.26.0)

Requirement already satisfied: jsonschema-specifications in /scratch/llm_inference/venv/lib/python3.12/site-packages (from -r /home/leesihun/home_dir/GPU_server_downloads/requirements/llm_api_full.txt (line 59)) (2025.9.1)

Requirement already satisfied: kiwisolver in /scratch/llm_inference/venv/lib/python3.12/site-packages (from -r /home/leesihun/home_dir/GPU_server_downloads/requirements/llm_api_full.txt (line 60)) (1.5.0)

Processing ./GPU_server_downloads/wheels/inference/kubernetes-35.0.0-py2.py3-none-any.whl (from -r /home/leesihun/home_dir/GPU_server_downloads/requirements/llm_api_full.txt (line 61))

Requirement already satisfied: langchain in /scratch/llm_inference/venv/lib/python3.12/site-packages (from -r /home/leesihun/home_dir/GPU_server_downloads/requirements/llm_api_full.txt (line 62)) (1.3.1)

Requirement already satisfied: langchain-classic in /scratch/llm_inference/venv/lib/python3.12/site-packages (from -r /home/leesihun/home_dir/GPU_server_downloads/requirements/llm_api_full.txt (line 63)) (1.0.7)

Requirement already satisfied: langchain-community in /scratch/llm_inference/venv/lib/python3.12/site-packages (from -r /home/leesihun/home_dir/GPU_server_downloads/requirements/llm_api_full.txt (line 64)) (0.4.1)

Requirement already satisfied: langchain-core in /scratch/llm_inference/venv/lib/python3.12/site-packages (from -r /home/leesihun/home_dir/GPU_server_downloads/requirements/llm_api_full.txt (line 65)) (1.4.0)

Requirement already satisfied: langchain-ollama in /scratch/llm_inference/venv/lib/python3.12/site-packages (from -r /home/leesihun/home_dir/GPU_server_downloads/requirements/llm_api_full.txt (line 66)) (1.1.0)

Requirement already satisfied: langchain-text-splitters in /scratch/llm_inference/venv/lib/python3.12/site-packages (from -r /home/leesihun/home_dir/GPU_server_downloads/requirements/llm_api_full.txt (line 67)) (1.1.2)

Requirement already satisfied: langgraph in /scratch/llm_inference/venv/lib/python3.12/site-packages (from -r /home/leesihun/home_dir/GPU_server_downloads/requirements/llm_api_full.txt (line 68)) (1.2.0)

Requirement already satisfied: langgraph-checkpoint in /scratch/llm_inference/venv/lib/python3.12/site-packages (from -r /home/leesihun/home_dir/GPU_server_downloads/requirements/llm_api_full.txt (line 69)) (4.1.0)

Requirement already satisfied: langgraph-prebuilt in /scratch/llm_inference/venv/lib/python3.12/site-packages (from -r /home/leesihun/home_dir/GPU_server_downloads/requirements/llm_api_full.txt (line 70)) (1.1.0)

Requirement already satisfied: langgraph-sdk in /scratch/llm_inference/venv/lib/python3.12/site-packages (from -r /home/leesihun/home_dir/GPU_server_downloads/requirements/llm_api_full.txt (line 71)) (0.3.14)

Requirement already satisfied: langsmith in /scratch/llm_inference/venv/lib/python3.12/site-packages (from -r /home/leesihun/home_dir/GPU_server_downloads/requirements/llm_api_full.txt (line 72)) (0.8.5)

Requirement already satisfied: lxml in /scratch/llm_inference/venv/lib/python3.12/site-packages (from -r /home/leesihun/home_dir/GPU_server_downloads/requirements/llm_api_full.txt (line 73)) (6.1.1)

Requirement already satisfied: markdown-it-py in /scratch/llm_inference/venv/lib/python3.12/site-packages (from -r /home/leesihun/home_dir/GPU_server_downloads/requirements/llm_api_full.txt (line 74)) (4.2.0)

Requirement already satisfied: MarkupSafe in /scratch/llm_inference/venv/lib/python3.12/site-packages (from -r /home/leesihun/home_dir/GPU_server_downloads/requirements/llm_api_full.txt (line 75)) (3.0.3)

Requirement already satisfied: marshmallow in /scratch/llm_inference/venv/lib/python3.12/site-packages (from -r /home/leesihun/home_dir/GPU_server_downloads/requirements/llm_api_full.txt (line 76)) (3.26.2)

Requirement already satisfied: matplotlib in /scratch/llm_inference/venv/lib/python3.12/site-packages (from -r /home/leesihun/home_dir/GPU_server_downloads/requirements/llm_api_full.txt (line 77)) (3.10.9)

Requirement already satisfied: mdurl in /scratch/llm_inference/venv/lib/python3.12/site-packages (from -r /home/leesihun/home_dir/GPU_server_downloads/requirements/llm_api_full.txt (line 78)) (0.1.2)

Processing ./GPU_server_downloads/wheels/inference/mmh3-5.2.1-cp312-cp312-manylinux1_x86_64.manylinux_2_28_x86_64.manylinux_2_5_x86_64.whl (from -r /home/leesihun/home_dir/GPU_server_downloads/requirements/llm_api_full.txt (line 79))

Requirement already satisfied: mpmath in /scratch/llm_inference/venv/lib/python3.12/site-packages (from -r /home/leesihun/home_dir/GPU_server_downloads/requirements/llm_api_full.txt (line 80)) (1.3.0)

Processing ./GPU_server_downloads/wheels/inference/msgpack-1.1.2-cp312-cp312-manylinux2014_x86_64.manylinux_2_17_x86_64.manylinux_2_28_x86_64.whl (from -r /home/leesihun/home_dir/GPU_server_downloads/requirements/llm_api_full.txt (line 81))

Requirement already satisfied: multidict in /scratch/llm_inference/venv/lib/python3.12/site-packages (from -r /home/leesihun/home_dir/GPU_server_downloads/requirements/llm_api_full.txt (line 82)) (6.7.1)

Requirement already satisfied: mypy_extensions in /scratch/llm_inference/venv/lib/python3.12/site-packages (from -r /home/leesihun/home_dir/GPU_server_downloads/requirements/llm_api_full.txt (line 83)) (1.1.0)

Processing ./GPU_server_downloads/wheels/inference/narwhals-2.21.2-py3-none-any.whl (from -r /home/leesihun/home_dir/GPU_server_downloads/requirements/llm_api_full.txt (line 84))

Processing ./GPU_server_downloads/wheels/inference/ndindex-1.10.1-cp312-cp312-manylinux_2_24_x86_64.manylinux_2_28_x86_64.whl (from -r /home/leesihun/home_dir/GPU_server_downloads/requirements/llm_api_full.txt (line 85))

Processing ./GPU_server_downloads/wheels/inference/netcdf4-1.7.4-cp311-abi3-manylinux_2_27_x86_64.manylinux_2_28_x86_64.whl (from -r /home/leesihun/home_dir/GPU_server_downloads/requirements/llm_api_full.txt (line 86))

Requirement already satisfied: networkx in /scratch/llm_inference/venv/lib/python3.12/site-packages (from -r /home/leesihun/home_dir/GPU_server_downloads/requirements/llm_api_full.txt (line 87)) (3.6.1)

Processing ./GPU_server_downloads/wheels/inference/nltk-3.9.4-py3-none-any.whl (from -r /home/leesihun/home_dir/GPU_server_downloads/requirements/llm_api_full.txt (line 88))

Processing ./GPU_server_downloads/wheels/inference/numexpr-2.14.1-cp312-cp312-manylinux_2_27_x86_64.manylinux_2_28_x86_64.whl (from -r /home/leesihun/home_dir/GPU_server_downloads/requirements/llm_api_full.txt (line 89))

Requirement already satisfied: numpy in /scratch/llm_inference/venv/lib/python3.12/site-packages (from -r /home/leesihun/home_dir/GPU_server_downloads/requirements/llm_api_full.txt (line 90)) (2.3.5)

Processing ./GPU_server_downloads/wheels/inference/oauthlib-3.3.1-py3-none-any.whl (from -r /home/leesihun/home_dir/GPU_server_downloads/requirements/llm_api_full.txt (line 91))

Requirement already satisfied: ollama in /scratch/llm_inference/venv/lib/python3.12/site-packages (from -r /home/leesihun/home_dir/GPU_server_downloads/requirements/llm_api_full.txt (line 92)) (0.6.2)

Processing ./GPU_server_downloads/wheels/inference/onnxruntime-1.26.0-cp312-cp312-manylinux_2_27_x86_64.manylinux_2_28_x86_64.whl (from -r /home/leesihun/home_dir/GPU_server_downloads/requirements/llm_api_full.txt (line 93))

Processing ./GPU_server_downloads/wheels/inference/openpyxl-3.1.5-py2.py3-none-any.whl (from -r /home/leesihun/home_dir/GPU_server_downloads/requirements/llm_api_full.txt (line 94))

Requirement already satisfied: opentelemetry-api in /scratch/llm_inference/venv/lib/python3.12/site-packages (from -r /home/leesihun/home_dir/GPU_server_downloads/requirements/llm_api_full.txt (line 95)) (1.41.1)

Requirement already satisfied: opentelemetry-exporter-otlp-proto-common in /scratch/llm_inference/venv/lib/python3.12/site-packages (from -r /home/leesihun/home_dir/GPU_server_downloads/requirements/llm_api_full.txt (line 96)) (1.41.1)

Requirement already satisfied: opentelemetry-proto in /scratch/llm_inference/venv/lib/python3.12/site-packages (from -r /home/leesihun/home_dir/GPU_server_downloads/requirements/llm_api_full.txt (line 97)) (1.41.1)

Requirement already satisfied: opentelemetry-semantic-conventions in /scratch/llm_inference/venv/lib/python3.12/site-packages (from -r /home/leesihun/home_dir/GPU_server_downloads/requirements/llm_api_full.txt (line 98)) (0.62b1)

Requirement already satisfied: orjson in /scratch/llm_inference/venv/lib/python3.12/site-packages (from -r /home/leesihun/home_dir/GPU_server_downloads/requirements/llm_api_full.txt (line 99)) (3.11.9)

Requirement already satisfied: ormsgpack in /scratch/llm_inference/venv/lib/python3.12/site-packages (from -r /home/leesihun/home_dir/GPU_server_downloads/requirements/llm_api_full.txt (line 100)) (1.12.2)

Processing ./GPU_server_downloads/wheels/inference/overrides-7.7.0-py3-none-any.whl (from -r /home/leesihun/home_dir/GPU_server_downloads/requirements/llm_api_full.txt (line 101))

Requirement already satisfied: packaging in /scratch/llm_inference/venv/lib/python3.12/site-packages (from -r /home/leesihun/home_dir/GPU_server_downloads/requirements/llm_api_full.txt (line 102)) (26.2)

Requirement already satisfied: pandas in /scratch/llm_inference/venv/lib/python3.12/site-packages (from -r /home/leesihun/home_dir/GPU_server_downloads/requirements/llm_api_full.txt (line 103)) (2.2.3)

Requirement already satisfied: passlib==1.7.4 in /scratch/llm_inference/venv/lib/python3.12/site-packages (from -r /home/leesihun/home_dir/GPU_server_downloads/requirements/llm_api_full.txt (line 104)) (1.7.4)

Processing ./GPU_server_downloads/wheels/inference/patsy-1.0.2-py2.py3-none-any.whl (from -r /home/leesihun/home_dir/GPU_server_downloads/requirements/llm_api_full.txt (line 105))

Processing ./GPU_server_downloads/wheels/inference/pdfminer_six-20251230-py3-none-any.whl (from -r /home/leesihun/home_dir/GPU_server_downloads/requirements/llm_api_full.txt (line 106))

Processing ./GPU_server_downloads/wheels/inference/pdfplumber-0.11.9-py3-none-any.whl (from -r /home/leesihun/home_dir/GPU_server_downloads/requirements/llm_api_full.txt (line 107))

Requirement already satisfied: pillow in /scratch/llm_inference/venv/lib/python3.12/site-packages (from -r /home/leesihun/home_dir/GPU_server_downloads/requirements/llm_api_full.txt (line 108)) (11.3.0)

Requirement already satisfied: platformdirs in /scratch/llm_inference/venv/lib/python3.12/site-packages (from -r /home/leesihun/home_dir/GPU_server_downloads/requirements/llm_api_full.txt (line 109)) (4.9.6)

Processing ./GPU_server_downloads/wheels/inference/plotly-6.7.0-py3-none-any.whl (from -r /home/leesihun/home_dir/GPU_server_downloads/requirements/llm_api_full.txt (line 110))

Processing ./GPU_server_downloads/wheels/inference/posthog-7.8.6-py3-none-any.whl (from -r /home/leesihun/home_dir/GPU_server_downloads/requirements/llm_api_full.txt (line 111))

Requirement already satisfied: propcache in /scratch/llm_inference/venv/lib/python3.12/site-packages (from -r /home/leesihun/home_dir/GPU_server_downloads/requirements/llm_api_full.txt (line 112)) (0.5.2)

Requirement already satisfied: protobuf in /scratch/llm_inference/venv/lib/python3.12/site-packages (from -r /home/leesihun/home_dir/GPU_server_downloads/requirements/llm_api_full.txt (line 113)) (6.33.6)

Requirement already satisfied: py-cpuinfo in /scratch/llm_inference/venv/lib/python3.12/site-packages (from -r /home/leesihun/home_dir/GPU_server_downloads/requirements/llm_api_full.txt (line 114)) (9.0.0)

Requirement already satisfied: pyarrow in /scratch/llm_inference/venv/lib/python3.12/site-packages (from -r /home/leesihun/home_dir/GPU_server_downloads/requirements/llm_api_full.txt (line 115)) (24.0.0)

Requirement already satisfied: pyasn1 in /scratch/llm_inference/venv/lib/python3.12/site-packages (from -r /home/leesihun/home_dir/GPU_server_downloads/requirements/llm_api_full.txt (line 116)) (0.6.3)

Processing ./GPU_server_downloads/wheels/inference/pyasn1_modules-0.4.2-py3-none-any.whl (from -r /home/leesihun/home_dir/GPU_server_downloads/requirements/llm_api_full.txt (line 117))

Requirement already satisfied: pybase64 in /scratch/llm_inference/venv/lib/python3.12/site-packages (from -r /home/leesihun/home_dir/GPU_server_downloads/requirements/llm_api_full.txt (line 118)) (1.4.3)

Requirement already satisfied: pycparser in /scratch/llm_inference/venv/lib/python3.12/site-packages (from -r /home/leesihun/home_dir/GPU_server_downloads/requirements/llm_api_full.txt (line 119)) (3.0)

Requirement already satisfied: pydantic in /scratch/llm_inference/venv/lib/python3.12/site-packages (from -r /home/leesihun/home_dir/GPU_server_downloads/requirements/llm_api_full.txt (line 120)) (2.13.4)

Requirement already satisfied: pydantic-settings in /scratch/llm_inference/venv/lib/python3.12/site-packages (from -r /home/leesihun/home_dir/GPU_server_downloads/requirements/llm_api_full.txt (line 121)) (2.14.1)

Requirement already satisfied: pydantic_core in /scratch/llm_inference/venv/lib/python3.12/site-packages (from -r /home/leesihun/home_dir/GPU_server_downloads/requirements/llm_api_full.txt (line 122)) (2.46.4)

Requirement already satisfied: Pygments in /scratch/llm_inference/venv/lib/python3.12/site-packages (from -r /home/leesihun/home_dir/GPU_server_downloads/requirements/llm_api_full.txt (line 123)) (2.20.0)

Requirement already satisfied: pyparsing in /scratch/llm_inference/venv/lib/python3.12/site-packages (from -r /home/leesihun/home_dir/GPU_server_downloads/requirements/llm_api_full.txt (line 124)) (3.3.2)

Processing ./GPU_server_downloads/wheels/inference/pypdf-6.11.0-py3-none-any.whl (from -r /home/leesihun/home_dir/GPU_server_downloads/requirements/llm_api_full.txt (line 125))

Processing ./GPU_server_downloads/wheels/inference/pypdf2-3.0.1-py3-none-any.whl (from -r /home/leesihun/home_dir/GPU_server_downloads/requirements/llm_api_full.txt (line 126))

Requirement already satisfied: PyMuPDF in /scratch/llm_inference/venv/lib/python3.12/site-packages (from -r /home/leesihun/home_dir/GPU_server_downloads/requirements/llm_api_full.txt (line 127)) (1.27.2.3)

Processing ./GPU_server_downloads/wheels/inference/pypdfium2-5.8.0-py3-none-manylinux_2_17_x86_64.manylinux2014_x86_64.whl (from -r /home/leesihun/home_dir/GPU_server_downloads/requirements/llm_api_full.txt (line 128))

Processing ./GPU_server_downloads/wheels/inference/pypika-0.51.1-py2.py3-none-any.whl (from -r /home/leesihun/home_dir/GPU_server_downloads/requirements/llm_api_full.txt (line 129))

Processing ./GPU_server_downloads/wheels/inference/pyproject_hooks-1.2.0-py3-none-any.whl (from -r /home/leesihun/home_dir/GPU_server_downloads/requirements/llm_api_full.txt (line 130))

Processing ./GPU_server_downloads/wheels/inference/pyreadline3-3.5.6-py3-none-any.whl (from -r /home/leesihun/home_dir/GPU_server_downloads/requirements/llm_api_full.txt (line 131))

Requirement already satisfied: python-dateutil in /scratch/llm_inference/venv/lib/python3.12/site-packages (from -r /home/leesihun/home_dir/GPU_server_downloads/requirements/llm_api_full.txt (line 132)) (2.9.0.post0)

Requirement already satisfied: python-docx in /scratch/llm_inference/venv/lib/python3.12/site-packages (from -r /home/leesihun/home_dir/GPU_server_downloads/requirements/llm_api_full.txt (line 133)) (1.2.0)

Requirement already satisfied: python-dotenv in /scratch/llm_inference/venv/lib/python3.12/site-packages (from -r /home/leesihun/home_dir/GPU_server_downloads/requirements/llm_api_full.txt (line 134)) (1.2.2)

Processing ./GPU_server_downloads/wheels/inference/python_pptx-1.0.2-py3-none-any.whl (from -r /home/leesihun/home_dir/GPU_server_downloads/requirements/llm_api_full.txt (line 135))

Requirement already satisfied: python-jose in /scratch/llm_inference/venv/lib/python3.12/site-packages (from -r /home/leesihun/home_dir/GPU_server_downloads/requirements/llm_api_full.txt (line 136)) (3.5.0)

Requirement already satisfied: python-multipart in /scratch/llm_inference/venv/lib/python3.12/site-packages (from -r /home/leesihun/home_dir/GPU_server_downloads/requirements/llm_api_full.txt (line 137)) (0.0.29)

Requirement already satisfied: pytz in /scratch/llm_inference/venv/lib/python3.12/site-packages (from -r /home/leesihun/home_dir/GPU_server_downloads/requirements/llm_api_full.txt (line 138)) (2026.2)

Requirement already satisfied: PyYAML in /scratch/llm_inference/venv/lib/python3.12/site-packages (from -r /home/leesihun/home_dir/GPU_server_downloads/requirements/llm_api_full.txt (line 139)) (6.0.3)

Requirement already satisfied: referencing in /scratch/llm_inference/venv/lib/python3.12/site-packages (from -r /home/leesihun/home_dir/GPU_server_downloads/requirements/llm_api_full.txt (line 140)) (0.37.0)

Requirement already satisfied: regex in /scratch/llm_inference/venv/lib/python3.12/site-packages (from -r /home/leesihun/home_dir/GPU_server_downloads/requirements/llm_api_full.txt (line 141)) (2026.5.9)

Requirement already satisfied: requests in /scratch/llm_inference/venv/lib/python3.12/site-packages (from -r /home/leesihun/home_dir/GPU_server_downloads/requirements/llm_api_full.txt (line 142)) (2.32.5)

Processing ./GPU_server_downloads/wheels/inference/requests_oauthlib-2.0.0-py2.py3-none-any.whl (from -r /home/leesihun/home_dir/GPU_server_downloads/requirements/llm_api_full.txt (line 143))

Requirement already satisfied: requests-toolbelt in /scratch/llm_inference/venv/lib/python3.12/site-packages (from -r /home/leesihun/home_dir/GPU_server_downloads/requirements/llm_api_full.txt (line 144)) (1.0.0)

Requirement already satisfied: rich in /scratch/llm_inference/venv/lib/python3.12/site-packages (from -r /home/leesihun/home_dir/GPU_server_downloads/requirements/llm_api_full.txt (line 145)) (15.0.0)

Requirement already satisfied: rpds-py in /scratch/llm_inference/venv/lib/python3.12/site-packages (from -r /home/leesihun/home_dir/GPU_server_downloads/requirements/llm_api_full.txt (line 146)) (0.30.0)

Requirement already satisfied: rsa in /scratch/llm_inference/venv/lib/python3.12/site-packages (from -r /home/leesihun/home_dir/GPU_server_downloads/requirements/llm_api_full.txt (line 147)) (4.9.1)

Requirement already satisfied: safetensors in /scratch/llm_inference/venv/lib/python3.12/site-packages (from -r /home/leesihun/home_dir/GPU_server_downloads/requirements/llm_api_full.txt (line 148)) (0.7.0)

Requirement already satisfied: scikit-learn in /scratch/llm_inference/venv/lib/python3.12/site-packages (from -r /home/leesihun/home_dir/GPU_server_downloads/requirements/llm_api_full.txt (line 149)) (1.8.0)

Requirement already satisfied: scipy in /scratch/llm_inference/venv/lib/python3.12/site-packages (from -r /home/leesihun/home_dir/GPU_server_downloads/requirements/llm_api_full.txt (line 150)) (1.17.1)

Requirement already satisfied: seaborn in /scratch/llm_inference/venv/lib/python3.12/site-packages (from -r /home/leesihun/home_dir/GPU_server_downloads/requirements/llm_api_full.txt (line 151)) (0.13.2)

Requirement already satisfied: sentence-transformers in /scratch/llm_inference/venv/lib/python3.12/site-packages (from -r /home/leesihun/home_dir/GPU_server_downloads/requirements/llm_api_full.txt (line 152)) (5.5.0)

Requirement already satisfied: rank-bm25 in /scratch/llm_inference/venv/lib/python3.12/site-packages (from -r /home/leesihun/home_dir/GPU_server_downloads/requirements/llm_api_full.txt (line 153)) (0.2.2)

Requirement already satisfied: setuptools in /scratch/llm_inference/venv/lib/python3.12/site-packages (from -r /home/leesihun/home_dir/GPU_server_downloads/requirements/llm_api_full.txt (line 154)) (80.10.2)

Requirement already satisfied: shellingham in /scratch/llm_inference/venv/lib/python3.12/site-packages (from -r /home/leesihun/home_dir/GPU_server_downloads/requirements/llm_api_full.txt (line 155)) (1.5.4)

Requirement already satisfied: six in /scratch/llm_inference/venv/lib/python3.12/site-packages (from -r /home/leesihun/home_dir/GPU_server_downloads/requirements/llm_api_full.txt (line 156)) (1.17.0)

Requirement already satisfied: sniffio in /scratch/llm_inference/venv/lib/python3.12/site-packages (from -r /home/leesihun/home_dir/GPU_server_downloads/requirements/llm_api_full.txt (line 157)) (1.3.1)

Processing ./GPU_server_downloads/wheels/inference/soupsieve-2.8.3-py3-none-any.whl (from -r /home/leesihun/home_dir/GPU_server_downloads/requirements/llm_api_full.txt (line 158))

Requirement already satisfied: SQLAlchemy in /scratch/llm_inference/venv/lib/python3.12/site-packages (from -r /home/leesihun/home_dir/GPU_server_downloads/requirements/llm_api_full.txt (line 159)) (2.0.49)

Requirement already satisfied: starlette in /scratch/llm_inference/venv/lib/python3.12/site-packages (from -r /home/leesihun/home_dir/GPU_server_downloads/requirements/llm_api_full.txt (line 160)) (0.52.1)

Processing ./GPU_server_downloads/wheels/inference/statsmodels-0.14.6-cp312-cp312-manylinux2014_x86_64.manylinux_2_17_x86_64.manylinux_2_28_x86_64.whl (from -r /home/leesihun/home_dir/GPU_server_downloads/requirements/llm_api_full.txt (line 161))

Requirement already satisfied: sympy in /scratch/llm_inference/venv/lib/python3.12/site-packages (from -r /home/leesihun/home_dir/GPU_server_downloads/requirements/llm_api_full.txt (line 162)) (1.14.0)

Processing ./GPU_server_downloads/wheels/inference/tables-3.11.1-cp311-abi3-manylinux2014_x86_64.manylinux_2_17_x86_64.manylinux_2_28_x86_64.whl (from -r /home/leesihun/home_dir/GPU_server_downloads/requirements/llm_api_full.txt (line 163))

Requirement already satisfied: tavily-python in /scratch/llm_inference/venv/lib/python3.12/site-packages (from -r /home/leesihun/home_dir/GPU_server_downloads/requirements/llm_api_full.txt (line 164)) (0.7.24)

Requirement already satisfied: tenacity in /scratch/llm_inference/venv/lib/python3.12/site-packages (from -r /home/leesihun/home_dir/GPU_server_downloads/requirements/llm_api_full.txt (line 165)) (9.1.4)

Processing ./GPU_server_downloads/wheels/inference/textblob-0.20.0-py3-none-any.whl (from -r /home/leesihun/home_dir/GPU_server_downloads/requirements/llm_api_full.txt (line 166))

Requirement already satisfied: threadpoolctl in /scratch/llm_inference/venv/lib/python3.12/site-packages (from -r /home/leesihun/home_dir/GPU_server_downloads/requirements/llm_api_full.txt (line 167)) (3.6.0)

Requirement already satisfied: tiktoken in /scratch/llm_inference/venv/lib/python3.12/site-packages (from -r /home/leesihun/home_dir/GPU_server_downloads/requirements/llm_api_full.txt (line 168)) (0.13.0)

Requirement already satisfied: tokenizers in /scratch/llm_inference/venv/lib/python3.12/site-packages (from -r /home/leesihun/home_dir/GPU_server_downloads/requirements/llm_api_full.txt (line 169)) (0.22.2)

Requirement already satisfied: torch in /scratch/llm_inference/venv/lib/python3.12/site-packages (from -r /home/leesihun/home_dir/GPU_server_downloads/requirements/llm_api_full.txt (line 170)) (2.11.0+cu130)

Requirement already satisfied: tqdm in /scratch/llm_inference/venv/lib/python3.12/site-packages (from -r /home/leesihun/home_dir/GPU_server_downloads/requirements/llm_api_full.txt (line 171)) (4.67.3)

Requirement already satisfied: transformers in /scratch/llm_inference/venv/lib/python3.12/site-packages (from -r /home/leesihun/home_dir/GPU_server_downloads/requirements/llm_api_full.txt (line 172)) (5.5.1)

Requirement already satisfied: typer in /scratch/llm_inference/venv/lib/python3.12/site-packages (from -r /home/leesihun/home_dir/GPU_server_downloads/requirements/llm_api_full.txt (line 173)) (0.24.2)

Requirement already satisfied: typing-inspect in /scratch/llm_inference/venv/lib/python3.12/site-packages (from -r /home/leesihun/home_dir/GPU_server_downloads/requirements/llm_api_full.txt (line 174)) (0.9.0)

Requirement already satisfied: typing-inspection in /scratch/llm_inference/venv/lib/python3.12/site-packages (from -r /home/leesihun/home_dir/GPU_server_downloads/requirements/llm_api_full.txt (line 175)) (0.4.2)

Requirement already satisfied: typing_extensions in /scratch/llm_inference/venv/lib/python3.12/site-packages (from -r /home/leesihun/home_dir/GPU_server_downloads/requirements/llm_api_full.txt (line 176)) (4.15.0)

Requirement already satisfied: tzdata in /scratch/llm_inference/venv/lib/python3.12/site-packages (from -r /home/leesihun/home_dir/GPU_server_downloads/requirements/llm_api_full.txt (line 177)) (2026.2)

Requirement already satisfied: urllib3 in /scratch/llm_inference/venv/lib/python3.12/site-packages (from -r /home/leesihun/home_dir/GPU_server_downloads/requirements/llm_api_full.txt (line 178)) (2.7.0)

Requirement already satisfied: uvicorn in /scratch/llm_inference/venv/lib/python3.12/site-packages (from -r /home/leesihun/home_dir/GPU_server_downloads/requirements/llm_api_full.txt (line 179)) (0.47.0)

Requirement already satisfied: watchfiles in /scratch/llm_inference/venv/lib/python3.12/site-packages (from -r /home/leesihun/home_dir/GPU_server_downloads/requirements/llm_api_full.txt (line 180)) (1.2.0)

Processing ./GPU_server_downloads/wheels/inference/websocket_client-1.9.0-py3-none-any.whl (from -r /home/leesihun/home_dir/GPU_server_downloads/requirements/llm_api_full.txt (line 181))

Requirement already satisfied: websockets in /scratch/llm_inference/venv/lib/python3.12/site-packages (from -r /home/leesihun/home_dir/GPU_server_downloads/requirements/llm_api_full.txt (line 182)) (16.0)

Processing ./GPU_server_downloads/wheels/inference/xarray-2026.4.0-py3-none-any.whl (from -r /home/leesihun/home_dir/GPU_server_downloads/requirements/llm_api_full.txt (line 183))

Processing ./GPU_server_downloads/wheels/inference/xlrd-2.0.2-py2.py3-none-any.whl (from -r /home/leesihun/home_dir/GPU_server_downloads/requirements/llm_api_full.txt (line 184))

Processing ./GPU_server_downloads/wheels/inference/xlwt-1.3.0-py2.py3-none-any.whl (from -r /home/leesihun/home_dir/GPU_server_downloads/requirements/llm_api_full.txt (line 185))

Requirement already satisfied: xxhash in /scratch/llm_inference/venv/lib/python3.12/site-packages (from -r /home/leesihun/home_dir/GPU_server_downloads/requirements/llm_api_full.txt (line 186)) (3.7.0)

Requirement already satisfied: yarl in /scratch/llm_inference/venv/lib/python3.12/site-packages (from -r /home/leesihun/home_dir/GPU_server_downloads/requirements/llm_api_full.txt (line 187)) (1.23.0)

Requirement already satisfied: zipp in /scratch/llm_inference/venv/lib/python3.12/site-packages (from -r /home/leesihun/home_dir/GPU_server_downloads/requirements/llm_api_full.txt (line 188)) (4.1.0)

Requirement already satisfied: zstandard in /scratch/llm_inference/venv/lib/python3.12/site-packages (from -r /home/leesihun/home_dir/GPU_server_downloads/requirements/llm_api_full.txt (line 189)) (0.25.0)

Processing ./GPU_server_downloads/wheels/inference/llama_cpp_python-0.3.23.tar.gz (from -r /home/leesihun/home_dir/GPU_server_downloads/requirements/llm_api_full.txt (line 190))

  Installing build dependencies: started

  Installing build dependencies: finished with status 'error'

Looking in links: /home/leesihun/home_dir/GPU_server_downloads/wheels/inference, /home/leesihun/home_dir/GPU_server_downloads/wheels/llamacpp

Ignoring torch: markers 'platform_machine == "s390x"' don't match your environment

Ignoring torch: markers 'platform_machine == "s390x"' don't match your environment

Processing ./GPU_server_downloads/wheels/inference/numpy-1.26.4-cp312-cp312-manylinux_2_17_x86_64.manylinux2014_x86_64.whl (from -r /scratch/llama.cpp/requirements/requirements-convert_legacy_llama.txt (line 1))

Requirement already satisfied: sentencepiece<0.3.0,>=0.1.98 in /scratch/llm_inference/venv/lib/python3.12/site-packages (from -r /scratch/llama.cpp/requirements/requirements-convert_legacy_llama.txt (line 2)) (0.2.1)

Requirement already satisfied: transformers==5.5.1 in /scratch/llm_inference/venv/lib/python3.12/site-packages (from -r /scratch/llama.cpp/requirements/requirements-convert_legacy_llama.txt (line 4)) (5.5.1)

Requirement already satisfied: gguf>=0.1.0 in /scratch/llm_inference/venv/lib/python3.12/site-packages (from -r /scratch/llama.cpp/requirements/requirements-convert_legacy_llama.txt (line 6)) (0.19.0)

Processing ./GPU_server_downloads/wheels/llamacpp/protobuf-4.25.9-cp37-abi3-manylinux2014_x86_64.whl (from -r /scratch/llama.cpp/requirements/requirements-convert_legacy_llama.txt (line 7))

Processing ./GPU_server_downloads/wheels/llamacpp/torch-2.6.0+cpu-cp312-cp312-linux_x86_64.whl (from -r /scratch/llama.cpp/requirements/requirements-convert_hf_to_gguf.txt (line 5))

Processing ./GPU_server_downloads/wheels/llamacpp/aiohttp-3.9.5-cp312-cp312-manylinux_2_17_x86_64.manylinux2014_x86_64.whl (from -r /scratch/llama.cpp/requirements/requirements-tool_bench.txt (line 1))

Requirement already satisfied: pytest~=8.3.3 in /scratch/llm_inference/venv/lib/python3.12/site-packages (from -r /scratch/llama.cpp/requirements/requirements-tool_bench.txt (line 2)) (8.3.5)

Requirement already satisfied: huggingface_hub<2.0,>=1.5.0 in /scratch/llm_inference/venv/lib/python3.12/site-packages (from -r /scratch/llama.cpp/requirements/requirements-tool_bench.txt (line 3)) (1.15.0)

Requirement already satisfied: matplotlib~=3.10.0 in /scratch/llm_inference/venv/lib/python3.12/site-packages (from -r /scratch/llama.cpp/requirements/requirements-tool_bench.txt (line 4)) (3.10.9)

Requirement already satisfied: openai~=2.14.0 in /scratch/llm_inference/venv/lib/python3.12/site-packages (from -r /scratch/llama.cpp/requirements/requirements-tool_bench.txt (line 6)) (2.14.0)

Requirement already satisfied: pandas~=2.2.3 in /scratch/llm_inference/venv/lib/python3.12/site-packages (from -r /scratch/llama.cpp/requirements/requirements-tool_bench.txt (line 7)) (2.2.3)

Requirement already satisfied: prometheus-client~=0.20.0 in /scratch/llm_inference/venv/lib/python3.12/site-packages (from -r /scratch/llama.cpp/requirements/requirements-tool_bench.txt (line 8)) (0.20.0)

Requirement already satisfied: requests~=2.32.3 in /scratch/llm_inference/venv/lib/python3.12/site-packages (from -r /scratch/llama.cpp/requirements/requirements-tool_bench.txt (line 9)) (2.32.5)

Requirement already satisfied: wget~=3.2 in /scratch/llm_inference/venv/lib/python3.12/site-packages (from -r /scratch/llama.cpp/requirements/requirements-tool_bench.txt (line 10)) (3.2)

Requirement already satisfied: typer~=0.24.1 in /scratch/llm_inference/venv/lib/python3.12/site-packages (from -r /scratch/llama.cpp/requirements/requirements-tool_bench.txt (line 11)) (0.24.2)

Requirement already satisfied: seaborn~=0.13.2 in /scratch/llm_inference/venv/lib/python3.12/site-packages (from -r /scratch/llama.cpp/requirements/requirements-tool_bench.txt (line 12)) (0.13.2)

Requirement already satisfied: packaging>=20.0 in /scratch/llm_inference/venv/lib/python3.12/site-packages (from transformers==5.5.1->-r /scratch/llama.cpp/requirements/requirements-convert_legacy_llama.txt (line 4)) (26.2)

Requirement already satisfied: pyyaml>=5.1 in /scratch/llm_inference/venv/lib/python3.12/site-packages (from transformers==5.5.1->-r /scratch/llama.cpp/requirements/requirements-convert_legacy_llama.txt (line 4)) (6.0.3)

Requirement already satisfied: regex>=2025.10.22 in /scratch/llm_inference/venv/lib/python3.12/site-packages (from transformers==5.5.1->-r /scratch/llama.cpp/requirements/requirements-convert_legacy_llama.txt (line 4)) (2026.5.9)

Requirement already satisfied: tokenizers<=0.23.0,>=0.22.0 in /scratch/llm_inference/venv/lib/python3.12/site-packages (from transformers==5.5.1->-r /scratch/llama.cpp/requirements/requirements-convert_legacy_llama.txt (line 4)) (0.22.2)

Requirement already satisfied: safetensors>=0.4.3 in /scratch/llm_inference/venv/lib/python3.12/site-packages (from transformers==5.5.1->-r /scratch/llama.cpp/requirements/requirements-convert_legacy_llama.txt (line 4)) (0.7.0)

Requirement already satisfied: tqdm>=4.27 in /scratch/llm_inference/venv/lib/python3.12/site-packages (from transformers==5.5.1->-r /scratch/llama.cpp/requirements/requirements-convert_legacy_llama.txt (line 4)) (4.67.3)

Requirement already satisfied: filelock in /scratch/llm_inference/venv/lib/python3.12/site-packages (from torch~=2.6.0->-r /scratch/llama.cpp/requirements/requirements-convert_hf_to_gguf.txt (line 5)) (3.29.0)

Requirement already satisfied: typing-extensions>=4.10.0 in /scratch/llm_inference/venv/lib/python3.12/site-packages (from torch~=2.6.0->-r /scratch/llama.cpp/requirements/requirements-convert_hf_to_gguf.txt (line 5)) (4.15.0)

Requirement already satisfied: networkx in /scratch/llm_inference/venv/lib/python3.12/site-packages (from torch~=2.6.0->-r /scratch/llama.cpp/requirements/requirements-convert_hf_to_gguf.txt (line 5)) (3.6.1)

Requirement already satisfied: jinja2 in /scratch/llm_inference/venv/lib/python3.12/site-packages (from torch~=2.6.0->-r /scratch/llama.cpp/requirements/requirements-convert_hf_to_gguf.txt (line 5)) (3.1.6)

Requirement already satisfied: fsspec in /scratch/llm_inference/venv/lib/python3.12/site-packages (from torch~=2.6.0->-r /scratch/llama.cpp/requirements/requirements-convert_hf_to_gguf.txt (line 5)) (2024.9.0)

Requirement already satisfied: setuptools in /scratch/llm_inference/venv/lib/python3.12/site-packages (from torch~=2.6.0->-r /scratch/llama.cpp/requirements/requirements-convert_hf_to_gguf.txt (line 5)) (80.10.2)

Processing ./GPU_server_downloads/wheels/llamacpp/sympy-1.13.1-py3-none-any.whl (from torch~=2.6.0->-r /scratch/llama.cpp/requirements/requirements-convert_hf_to_gguf.txt (line 5))

Requirement already satisfied: mpmath<1.4,>=1.1.0 in /scratch/llm_inference/venv/lib/python3.12/site-packages (from sympy==1.13.1->torch~=2.6.0->-r /scratch/llama.cpp/requirements/requirements-convert_hf_to_gguf.txt (line 5)) (1.3.0)

Requirement already satisfied: aiosignal>=1.1.2 in /scratch/llm_inference/venv/lib/python3.12/site-packages (from aiohttp~=3.9.3->-r /scratch/llama.cpp/requirements/requirements-tool_bench.txt (line 1)) (1.4.0)

Requirement already satisfied: attrs>=17.3.0 in /scratch/llm_inference/venv/lib/python3.12/site-packages (from aiohttp~=3.9.3->-r /scratch/llama.cpp/requirements/requirements-tool_bench.txt (line 1)) (26.1.0)

Requirement already satisfied: frozenlist>=1.1.1 in /scratch/llm_inference/venv/lib/python3.12/site-packages (from aiohttp~=3.9.3->-r /scratch/llama.cpp/requirements/requirements-tool_bench.txt (line 1)) (1.8.0)

Requirement already satisfied: multidict<7.0,>=4.5 in /scratch/llm_inference/venv/lib/python3.12/site-packages (from aiohttp~=3.9.3->-r /scratch/llama.cpp/requirements/requirements-tool_bench.txt (line 1)) (6.7.1)

Requirement already satisfied: yarl<2.0,>=1.0 in /scratch/llm_inference/venv/lib/python3.12/site-packages (from aiohttp~=3.9.3->-r /scratch/llama.cpp/requirements/requirements-tool_bench.txt (line 1)) (1.23.0)

Requirement already satisfied: iniconfig in /scratch/llm_inference/venv/lib/python3.12/site-packages (from pytest~=8.3.3->-r /scratch/llama.cpp/requirements/requirements-tool_bench.txt (line 2)) (2.3.0)

Requirement already satisfied: pluggy<2,>=1.5 in /scratch/llm_inference/venv/lib/python3.12/site-packages (from pytest~=8.3.3->-r /scratch/llama.cpp/requirements/requirements-tool_bench.txt (line 2)) (1.6.0)

Requirement already satisfied: hf-xet<2.0.0,>=1.4.3 in /scratch/llm_inference/venv/lib/python3.12/site-packages (from huggingface_hub<2.0,>=1.5.0->-r /scratch/llama.cpp/requirements/requirements-tool_bench.txt (line 3)) (1.5.0)

Requirement already satisfied: httpx<1,>=0.23.0 in /scratch/llm_inference/venv/lib/python3.12/site-packages (from huggingface_hub<2.0,>=1.5.0->-r /scratch/llama.cpp/requirements/requirements-tool_bench.txt (line 3)) (0.28.1)

Requirement already satisfied: contourpy>=1.0.1 in /scratch/llm_inference/venv/lib/python3.12/site-packages (from matplotlib~=3.10.0->-r /scratch/llama.cpp/requirements/requirements-tool_bench.txt (line 4)) (1.3.3)

Requirement already satisfied: cycler>=0.10 in /scratch/llm_inference/venv/lib/python3.12/site-packages (from matplotlib~=3.10.0->-r /scratch/llama.cpp/requirements/requirements-tool_bench.txt (line 4)) (0.12.1)

Requirement already satisfied: fonttools>=4.22.0 in /scratch/llm_inference/venv/lib/python3.12/site-packages (from matplotlib~=3.10.0->-r /scratch/llama.cpp/requirements/requirements-tool_bench.txt (line 4)) (4.63.0)

Requirement already satisfied: kiwisolver>=1.3.1 in /scratch/llm_inference/venv/lib/python3.12/site-packages (from matplotlib~=3.10.0->-r /scratch/llama.cpp/requirements/requirements-tool_bench.txt (line 4)) (1.5.0)

Requirement already satisfied: pillow>=8 in /scratch/llm_inference/venv/lib/python3.12/site-packages (from matplotlib~=3.10.0->-r /scratch/llama.cpp/requirements/requirements-tool_bench.txt (line 4)) (11.3.0)

Requirement already satisfied: pyparsing>=3 in /scratch/llm_inference/venv/lib/python3.12/site-packages (from matplotlib~=3.10.0->-r /scratch/llama.cpp/requirements/requirements-tool_bench.txt (line 4)) (3.3.2)

Requirement already satisfied: python-dateutil>=2.7 in /scratch/llm_inference/venv/lib/python3.12/site-packages (from matplotlib~=3.10.0->-r /scratch/llama.cpp/requirements/requirements-tool_bench.txt (line 4)) (2.9.0.post0)

Requirement already satisfied: anyio<5,>=3.5.0 in /scratch/llm_inference/venv/lib/python3.12/site-packages (from openai~=2.14.0->-r /scratch/llama.cpp/requirements/requirements-tool_bench.txt (line 6)) (4.13.0)

Requirement already satisfied: distro<2,>=1.7.0 in /scratch/llm_inference/venv/lib/python3.12/site-packages (from openai~=2.14.0->-r /scratch/llama.cpp/requirements/requirements-tool_bench.txt (line 6)) (1.9.0)

Requirement already satisfied: jiter<1,>=0.10.0 in /scratch/llm_inference/venv/lib/python3.12/site-packages (from openai~=2.14.0->-r /scratch/llama.cpp/requirements/requirements-tool_bench.txt (line 6)) (0.14.0)

Requirement already satisfied: pydantic<3,>=1.9.0 in /scratch/llm_inference/venv/lib/python3.12/site-packages (from openai~=2.14.0->-r /scratch/llama.cpp/requirements/requirements-tool_bench.txt (line 6)) (2.13.4)

Requirement already satisfied: sniffio in /scratch/llm_inference/venv/lib/python3.12/site-packages (from openai~=2.14.0->-r /scratch/llama.cpp/requirements/requirements-tool_bench.txt (line 6)) (1.3.1)

Requirement already satisfied: pytz>=2020.1 in /scratch/llm_inference/venv/lib/python3.12/site-packages (from pandas~=2.2.3->-r /scratch/llama.cpp/requirements/requirements-tool_bench.txt (line 7)) (2026.2)

Requirement already satisfied: tzdata>=2022.7 in /scratch/llm_inference/venv/lib/python3.12/site-packages (from pandas~=2.2.3->-r /scratch/llama.cpp/requirements/requirements-tool_bench.txt (line 7)) (2026.2)

Requirement already satisfied: charset_normalizer<4,>=2 in /scratch/llm_inference/venv/lib/python3.12/site-packages (from requests~=2.32.3->-r /scratch/llama.cpp/requirements/requirements-tool_bench.txt (line 9)) (3.4.7)

Requirement already satisfied: idna<4,>=2.5 in /scratch/llm_inference/venv/lib/python3.12/site-packages (from requests~=2.32.3->-r /scratch/llama.cpp/requirements/requirements-tool_bench.txt (line 9)) (3.15)

Requirement already satisfied: urllib3<3,>=1.21.1 in /scratch/llm_inference/venv/lib/python3.12/site-packages (from requests~=2.32.3->-r /scratch/llama.cpp/requirements/requirements-tool_bench.txt (line 9)) (2.7.0)

Requirement already satisfied: certifi>=2017.4.17 in /scratch/llm_inference/venv/lib/python3.12/site-packages (from requests~=2.32.3->-r /scratch/llama.cpp/requirements/requirements-tool_bench.txt (line 9)) (2026.4.22)

Requirement already satisfied: click>=8.2.1 in /scratch/llm_inference/venv/lib/python3.12/site-packages (from typer~=0.24.1->-r /scratch/llama.cpp/requirements/requirements-tool_bench.txt (line 11)) (8.4.0)

Requirement already satisfied: shellingham>=1.3.0 in /scratch/llm_inference/venv/lib/python3.12/site-packages (from typer~=0.24.1->-r /scratch/llama.cpp/requirements/requirements-tool_bench.txt (line 11)) (1.5.4)

Requirement already satisfied: rich>=12.3.0 in /scratch/llm_inference/venv/lib/python3.12/site-packages (from typer~=0.24.1->-r /scratch/llama.cpp/requirements/requirements-tool_bench.txt (line 11)) (15.0.0)

Requirement already satisfied: annotated-doc>=0.0.2 in /scratch/llm_inference/venv/lib/python3.12/site-packages (from typer~=0.24.1->-r /scratch/llama.cpp/requirements/requirements-tool_bench.txt (line 11)) (0.0.4)

Requirement already satisfied: httpcore==1.* in /scratch/llm_inference/venv/lib/python3.12/site-packages (from httpx<1,>=0.23.0->huggingface_hub<2.0,>=1.5.0->-r /scratch/llama.cpp/requirements/requirements-tool_bench.txt (line 3)) (1.0.9)

Requirement already satisfied: h11>=0.16 in /scratch/llm_inference/venv/lib/python3.12/site-packages (from httpcore==1.*->httpx<1,>=0.23.0->huggingface_hub<2.0,>=1.5.0->-r /scratch/llama.cpp/requirements/requirements-tool_bench.txt (line 3)) (0.16.0)

Requirement already satisfied: annotated-types>=0.6.0 in /scratch/llm_inference/venv/lib/python3.12/site-packages (from pydantic<3,>=1.9.0->openai~=2.14.0->-r /scratch/llama.cpp/requirements/requirements-tool_bench.txt (line 6)) (0.7.0)

Requirement already satisfied: pydantic-core==2.46.4 in /scratch/llm_inference/venv/lib/python3.12/site-packages (from pydantic<3,>=1.9.0->openai~=2.14.0->-r /scratch/llama.cpp/requirements/requirements-tool_bench.txt (line 6)) (2.46.4)

Requirement already satisfied: typing-inspection>=0.4.2 in /scratch/llm_inference/venv/lib/python3.12/site-packages (from pydantic<3,>=1.9.0->openai~=2.14.0->-r /scratch/llama.cpp/requirements/requirements-tool_bench.txt (line 6)) (0.4.2)

Requirement already satisfied: propcache>=0.2.1 in /scratch/llm_inference/venv/lib/python3.12/site-packages (from yarl<2.0,>=1.0->aiohttp~=3.9.3->-r /scratch/llama.cpp/requirements/requirements-tool_bench.txt (line 1)) (0.5.2)

Requirement already satisfied: six>=1.5 in /scratch/llm_inference/venv/lib/python3.12/site-packages (from python-dateutil>=2.7->matplotlib~=3.10.0->-r /scratch/llama.cpp/requirements/requirements-tool_bench.txt (line 4)) (1.17.0)

Requirement already satisfied: markdown-it-py>=2.2.0 in /scratch/llm_inference/venv/lib/python3.12/site-packages (from rich>=12.3.0->typer~=0.24.1->-r /scratch/llama.cpp/requirements/requirements-tool_bench.txt (line 11)) (4.2.0)

Requirement already satisfied: pygments<3.0.0,>=2.13.0 in /scratch/llm_inference/venv/lib/python3.12/site-packages (from rich>=12.3.0->typer~=0.24.1->-r /scratch/llama.cpp/requirements/requirements-tool_bench.txt (line 11)) (2.20.0)

Requirement already satisfied: mdurl~=0.1 in /scratch/llm_inference/venv/lib/python3.12/site-packages (from markdown-it-py>=2.2.0->rich>=12.3.0->typer~=0.24.1->-r /scratch/llama.cpp/requirements/requirements-tool_bench.txt (line 11)) (0.1.2)

Requirement already satisfied: MarkupSafe>=2.0 in /scratch/llm_inference/venv/lib/python3.12/site-packages (from jinja2->torch~=2.6.0->-r /scratch/llama.cpp/requirements/requirements-convert_hf_to_gguf.txt (line 5)) (3.0.3)

Installing collected packages: sympy, protobuf, numpy, torch, aiohttp

  Attempting uninstall: sympy

    Found existing installation: sympy 1.14.0

    Uninstalling sympy-1.14.0:

      Successfully uninstalled sympy-1.14.0

  Attempting uninstall: protobuf

    Found existing installation: protobuf 6.33.6

    Uninstalling protobuf-6.33.6:

      Successfully uninstalled protobuf-6.33.6

  Attempting uninstall: numpy

    Found existing installation: numpy 2.3.5

    Uninstalling numpy-2.3.5:

      Successfully uninstalled numpy-2.3.5

  Attempting uninstall: torch

    Found existing installation: torch 2.11.0+cu130

    Uninstalling torch-2.11.0+cu130:

      Successfully uninstalled torch-2.11.0+cu130

  Attempting uninstall: aiohttp

    Found existing installation: aiohttp 3.13.5

    Uninstalling aiohttp-3.13.5:

      Successfully uninstalled aiohttp-3.13.5



Successfully installed aiohttp-3.9.5 numpy-1.26.4 protobuf-4.25.9 sympy-1.13.1 torch-2.6.0+cpu

Looking in links: /home/leesihun/home_dir/GPU_server_downloads/wheels/inference, /home/leesihun/home_dir/GPU_server_downloads/wheels/llamacpp

Ignoring torch: markers 'platform_machine == "s390x"' don't match your environment

Requirement already satisfied: numpy~=1.26.4 in /scratch/llm_inference/venv/lib/python3.12/site-packages (from -r /scratch/llama.cpp/requirements/requirements-convert_legacy_llama.txt (line 1)) (1.26.4)

Requirement already satisfied: sentencepiece<0.3.0,>=0.1.98 in /scratch/llm_inference/venv/lib/python3.12/site-packages (from -r /scratch/llama.cpp/requirements/requirements-convert_legacy_llama.txt (line 2)) (0.2.1)

Requirement already satisfied: transformers==5.5.1 in /scratch/llm_inference/venv/lib/python3.12/site-packages (from -r /scratch/llama.cpp/requirements/requirements-convert_legacy_llama.txt (line 4)) (5.5.1)

Requirement already satisfied: gguf>=0.1.0 in /scratch/llm_inference/venv/lib/python3.12/site-packages (from -r /scratch/llama.cpp/requirements/requirements-convert_legacy_llama.txt (line 6)) (0.19.0)

Requirement already satisfied: protobuf<5.0.0,>=4.21.0 in /scratch/llm_inference/venv/lib/python3.12/site-packages (from -r /scratch/llama.cpp/requirements/requirements-convert_legacy_llama.txt (line 7)) (4.25.9)

Requirement already satisfied: pillow~=11.3.0 in /scratch/llm_inference/venv/lib/python3.12/site-packages (from -r /scratch/llama.cpp/tools/mtmd/requirements.txt (line 3)) (11.3.0)

Requirement already satisfied: torch~=2.6.0 in /scratch/llm_inference/venv/lib/python3.12/site-packages (from -r /scratch/llama.cpp/tools/mtmd/requirements.txt (line 4)) (2.6.0+cpu)

Processing ./GPU_server_downloads/wheels/llamacpp/torchvision-0.21.0+cpu-cp312-cp312-linux_x86_64.whl (from -r /scratch/llama.cpp/tools/mtmd/requirements.txt (line 5))

Requirement already satisfied: matplotlib in /scratch/llm_inference/venv/lib/python3.12/site-packages (from -r /scratch/llama.cpp/tools/server/bench/requirements.txt (line 1)) (3.10.9)

Requirement already satisfied: requests in /scratch/llm_inference/venv/lib/python3.12/site-packages (from -r /scratch/llama.cpp/tools/server/bench/requirements.txt (line 2)) (2.32.5)

Requirement already satisfied: aiohttp~=3.9.3 in /scratch/llm_inference/venv/lib/python3.12/site-packages (from -r /scratch/llama.cpp/tools/server/tests/requirements.txt (line 1)) (3.9.5)

Requirement already satisfied: pytest~=8.3.3 in /scratch/llm_inference/venv/lib/python3.12/site-packages (from -r /scratch/llama.cpp/tools/server/tests/requirements.txt (line 2)) (8.3.5)

Requirement already satisfied: huggingface_hub<2.0,>=1.5.0 in /scratch/llm_inference/venv/lib/python3.12/site-packages (from -r /scratch/llama.cpp/tools/server/tests/requirements.txt (line 3)) (1.15.0)

Requirement already satisfied: openai~=2.14.0 in /scratch/llm_inference/venv/lib/python3.12/site-packages (from -r /scratch/llama.cpp/tools/server/tests/requirements.txt (line 5)) (2.14.0)

Requirement already satisfied: prometheus-client~=0.20.0 in /scratch/llm_inference/venv/lib/python3.12/site-packages (from -r /scratch/llama.cpp/tools/server/tests/requirements.txt (line 6)) (0.20.0)

Requirement already satisfied: wget~=3.2 in /scratch/llm_inference/venv/lib/python3.12/site-packages (from -r /scratch/llama.cpp/tools/server/tests/requirements.txt (line 8)) (3.2)

Requirement already satisfied: tabulate~=0.9.0 in /scratch/llm_inference/venv/lib/python3.12/site-packages (from -r /scratch/llama.cpp/requirements/requirements-compare-llama-bench.txt (line 1)) (0.9.0)

Requirement already satisfied: GitPython~=3.1.43 in /scratch/llm_inference/venv/lib/python3.12/site-packages (from -r /scratch/llama.cpp/requirements/requirements-compare-llama-bench.txt (line 2)) (3.1.50)

Requirement already satisfied: datasets~=3.2.0 in /scratch/llm_inference/venv/lib/python3.12/site-packages (from -r /scratch/llama.cpp/requirements/requirements-server-bench.txt (line 1)) (3.2.0)

Requirement already satisfied: tqdm~=4.67.1 in /scratch/llm_inference/venv/lib/python3.12/site-packages (from -r /scratch/llama.cpp/requirements/requirements-server-bench.txt (line 5)) (4.67.3)

Requirement already satisfied: docstring_parser~=0.15 in /scratch/llm_inference/venv/lib/python3.12/site-packages (from -r /scratch/llama.cpp/requirements/requirements-pydantic.txt (line 1)) (0.18.0)

Processing ./GPU_server_downloads/wheels/llamacpp/pydantic-2.11.10-py3-none-any.whl (from -r /scratch/llama.cpp/requirements/requirements-pydantic.txt (line 2))

Processing ./GPU_server_downloads/wheels/llamacpp/cffi-1.16.0-cp312-cp312-manylinux_2_17_x86_64.manylinux2014_x86_64.whl (from -r /scratch/llama.cpp/requirements/requirements-test-tokenizer-random.txt (line 1))

Requirement already satisfied: pandas~=2.2.3 in /scratch/llm_inference/venv/lib/python3.12/site-packages (from -r /scratch/llama.cpp/requirements/requirements-tool_bench.txt (line 7)) (2.2.3)

Requirement already satisfied: typer~=0.24.1 in /scratch/llm_inference/venv/lib/python3.12/site-packages (from -r /scratch/llama.cpp/requirements/requirements-tool_bench.txt (line 11)) (0.24.2)

Requirement already satisfied: seaborn~=0.13.2 in /scratch/llm_inference/venv/lib/python3.12/site-packages (from -r /scratch/llama.cpp/requirements/requirements-tool_bench.txt (line 12)) (0.13.2)

Requirement already satisfied: PySide6~=6.9.0 in /scratch/llm_inference/venv/lib/python3.12/site-packages (from -r /scratch/llama.cpp/requirements/requirements-gguf_editor_gui.txt (line 2)) (6.9.3)

Requirement already satisfied: accelerate in /scratch/llm_inference/venv/lib/python3.12/site-packages (from -r /scratch/llama.cpp/examples/model-conversion/requirements.txt (line 6)) (1.13.0)

Requirement already satisfied: sentence-transformers in /scratch/llm_inference/venv/lib/python3.12/site-packages (from -r /scratch/llama.cpp/examples/model-conversion/requirements.txt (line 7)) (5.5.0)

Requirement already satisfied: packaging>=20.0 in /scratch/llm_inference/venv/lib/python3.12/site-packages (from transformers==5.5.1->-r /scratch/llama.cpp/requirements/requirements-convert_legacy_llama.txt (line 4)) (26.2)

Requirement already satisfied: pyyaml>=5.1 in /scratch/llm_inference/venv/lib/python3.12/site-packages (from transformers==5.5.1->-r /scratch/llama.cpp/requirements/requirements-convert_legacy_llama.txt (line 4)) (6.0.3)

Requirement already satisfied: regex>=2025.10.22 in /scratch/llm_inference/venv/lib/python3.12/site-packages (from transformers==5.5.1->-r /scratch/llama.cpp/requirements/requirements-convert_legacy_llama.txt (line 4)) (2026.5.9)

Requirement already satisfied: tokenizers<=0.23.0,>=0.22.0 in /scratch/llm_inference/venv/lib/python3.12/site-packages (from transformers==5.5.1->-r /scratch/llama.cpp/requirements/requirements-convert_legacy_llama.txt (line 4)) (0.22.2)

Requirement already satisfied: safetensors>=0.4.3 in /scratch/llm_inference/venv/lib/python3.12/site-packages (from transformers==5.5.1->-r /scratch/llama.cpp/requirements/requirements-convert_legacy_llama.txt (line 4)) (0.7.0)

Requirement already satisfied: filelock in /scratch/llm_inference/venv/lib/python3.12/site-packages (from torch~=2.6.0->-r /scratch/llama.cpp/tools/mtmd/requirements.txt (line 4)) (3.29.0)

Requirement already satisfied: typing-extensions>=4.10.0 in /scratch/llm_inference/venv/lib/python3.12/site-packages (from torch~=2.6.0->-r /scratch/llama.cpp/tools/mtmd/requirements.txt (line 4)) (4.15.0)

Requirement already satisfied: networkx in /scratch/llm_inference/venv/lib/python3.12/site-packages (from torch~=2.6.0->-r /scratch/llama.cpp/tools/mtmd/requirements.txt (line 4)) (3.6.1)

Requirement already satisfied: jinja2 in /scratch/llm_inference/venv/lib/python3.12/site-packages (from torch~=2.6.0->-r /scratch/llama.cpp/tools/mtmd/requirements.txt (line 4)) (3.1.6)

Requirement already satisfied: fsspec in /scratch/llm_inference/venv/lib/python3.12/site-packages (from torch~=2.6.0->-r /scratch/llama.cpp/tools/mtmd/requirements.txt (line 4)) (2024.9.0)

Requirement already satisfied: setuptools in /scratch/llm_inference/venv/lib/python3.12/site-packages (from torch~=2.6.0->-r /scratch/llama.cpp/tools/mtmd/requirements.txt (line 4)) (80.10.2)

Requirement already satisfied: sympy==1.13.1 in /scratch/llm_inference/venv/lib/python3.12/site-packages (from torch~=2.6.0->-r /scratch/llama.cpp/tools/mtmd/requirements.txt (line 4)) (1.13.1)

Requirement already satisfied: mpmath<1.4,>=1.1.0 in /scratch/llm_inference/venv/lib/python3.12/site-packages (from sympy==1.13.1->torch~=2.6.0->-r /scratch/llama.cpp/tools/mtmd/requirements.txt (line 4)) (1.3.0)

Requirement already satisfied: contourpy>=1.0.1 in /scratch/llm_inference/venv/lib/python3.12/site-packages (from matplotlib->-r /scratch/llama.cpp/tools/server/bench/requirements.txt (line 1)) (1.3.3)

Requirement already satisfied: cycler>=0.10 in /scratch/llm_inference/venv/lib/python3.12/site-packages (from matplotlib->-r /scratch/llama.cpp/tools/server/bench/requirements.txt (line 1)) (0.12.1)

Requirement already satisfied: fonttools>=4.22.0 in /scratch/llm_inference/venv/lib/python3.12/site-packages (from matplotlib->-r /scratch/llama.cpp/tools/server/bench/requirements.txt (line 1)) (4.63.0)

Requirement already satisfied: kiwisolver>=1.3.1 in /scratch/llm_inference/venv/lib/python3.12/site-packages (from matplotlib->-r /scratch/llama.cpp/tools/server/bench/requirements.txt (line 1)) (1.5.0)

Requirement already satisfied: pyparsing>=3 in /scratch/llm_inference/venv/lib/python3.12/site-packages (from matplotlib->-r /scratch/llama.cpp/tools/server/bench/requirements.txt (line 1)) (3.3.2)

Requirement already satisfied: python-dateutil>=2.7 in /scratch/llm_inference/venv/lib/python3.12/site-packages (from matplotlib->-r /scratch/llama.cpp/tools/server/bench/requirements.txt (line 1)) (2.9.0.post0)

Requirement already satisfied: charset_normalizer<4,>=2 in /scratch/llm_inference/venv/lib/python3.12/site-packages (from requests->-r /scratch/llama.cpp/tools/server/bench/requirements.txt (line 2)) (3.4.7)

Requirement already satisfied: idna<4,>=2.5 in /scratch/llm_inference/venv/lib/python3.12/site-packages (from requests->-r /scratch/llama.cpp/tools/server/bench/requirements.txt (line 2)) (3.15)

Requirement already satisfied: urllib3<3,>=1.21.1 in /scratch/llm_inference/venv/lib/python3.12/site-packages (from requests->-r /scratch/llama.cpp/tools/server/bench/requirements.txt (line 2)) (2.7.0)

Requirement already satisfied: certifi>=2017.4.17 in /scratch/llm_inference/venv/lib/python3.12/site-packages (from requests->-r /scratch/llama.cpp/tools/server/bench/requirements.txt (line 2)) (2026.4.22)

Requirement already satisfied: aiosignal>=1.1.2 in /scratch/llm_inference/venv/lib/python3.12/site-packages (from aiohttp~=3.9.3->-r /scratch/llama.cpp/tools/server/tests/requirements.txt (line 1)) (1.4.0)

Requirement already satisfied: attrs>=17.3.0 in /scratch/llm_inference/venv/lib/python3.12/site-packages (from aiohttp~=3.9.3->-r /scratch/llama.cpp/tools/server/tests/requirements.txt (line 1)) (26.1.0)

Requirement already satisfied: frozenlist>=1.1.1 in /scratch/llm_inference/venv/lib/python3.12/site-packages (from aiohttp~=3.9.3->-r /scratch/llama.cpp/tools/server/tests/requirements.txt (line 1)) (1.8.0)

Requirement already satisfied: multidict<7.0,>=4.5 in /scratch/llm_inference/venv/lib/python3.12/site-packages (from aiohttp~=3.9.3->-r /scratch/llama.cpp/tools/server/tests/requirements.txt (line 1)) (6.7.1)

Requirement already satisfied: yarl<2.0,>=1.0 in /scratch/llm_inference/venv/lib/python3.12/site-packages (from aiohttp~=3.9.3->-r /scratch/llama.cpp/tools/server/tests/requirements.txt (line 1)) (1.23.0)

Requirement already satisfied: iniconfig in /scratch/llm_inference/venv/lib/python3.12/site-packages (from pytest~=8.3.3->-r /scratch/llama.cpp/tools/server/tests/requirements.txt (line 2)) (2.3.0)

Requirement already satisfied: pluggy<2,>=1.5 in /scratch/llm_inference/venv/lib/python3.12/site-packages (from pytest~=8.3.3->-r /scratch/llama.cpp/tools/server/tests/requirements.txt (line 2)) (1.6.0)

Requirement already satisfied: hf-xet<2.0.0,>=1.4.3 in /scratch/llm_inference/venv/lib/python3.12/site-packages (from huggingface_hub<2.0,>=1.5.0->-r /scratch/llama.cpp/tools/server/tests/requirements.txt (line 3)) (1.5.0)

Requirement already satisfied: httpx<1,>=0.23.0 in /scratch/llm_inference/venv/lib/python3.12/site-packages (from huggingface_hub<2.0,>=1.5.0->-r /scratch/llama.cpp/tools/server/tests/requirements.txt (line 3)) (0.28.1)

Requirement already satisfied: anyio<5,>=3.5.0 in /scratch/llm_inference/venv/lib/python3.12/site-packages (from openai~=2.14.0->-r /scratch/llama.cpp/tools/server/tests/requirements.txt (line 5)) (4.13.0)

Requirement already satisfied: distro<2,>=1.7.0 in /scratch/llm_inference/venv/lib/python3.12/site-packages (from openai~=2.14.0->-r /scratch/llama.cpp/tools/server/tests/requirements.txt (line 5)) (1.9.0)

Requirement already satisfied: jiter<1,>=0.10.0 in /scratch/llm_inference/venv/lib/python3.12/site-packages (from openai~=2.14.0->-r /scratch/llama.cpp/tools/server/tests/requirements.txt (line 5)) (0.14.0)

Requirement already satisfied: sniffio in /scratch/llm_inference/venv/lib/python3.12/site-packages (from openai~=2.14.0->-r /scratch/llama.cpp/tools/server/tests/requirements.txt (line 5)) (1.3.1)

Requirement already satisfied: gitdb<5,>=4.0.1 in /scratch/llm_inference/venv/lib/python3.12/site-packages (from GitPython~=3.1.43->-r /scratch/llama.cpp/requirements/requirements-compare-llama-bench.txt (line 2)) (4.0.12)

Requirement already satisfied: pyarrow>=15.0.0 in /scratch/llm_inference/venv/lib/python3.12/site-packages (from datasets~=3.2.0->-r /scratch/llama.cpp/requirements/requirements-server-bench.txt (line 1)) (24.0.0)

Requirement already satisfied: dill<0.3.9,>=0.3.0 in /scratch/llm_inference/venv/lib/python3.12/site-packages (from datasets~=3.2.0->-r /scratch/llama.cpp/requirements/requirements-server-bench.txt (line 1)) (0.3.8)

Requirement already satisfied: xxhash in /scratch/llm_inference/venv/lib/python3.12/site-packages (from datasets~=3.2.0->-r /scratch/llama.cpp/requirements/requirements-server-bench.txt (line 1)) (3.7.0)

Requirement already satisfied: multiprocess<0.70.17 in /scratch/llm_inference/venv/lib/python3.12/site-packages (from datasets~=3.2.0->-r /scratch/llama.cpp/requirements/requirements-server-bench.txt (line 1)) (0.70.16)

Requirement already satisfied: annotated-types>=0.6.0 in /scratch/llm_inference/venv/lib/python3.12/site-packages (from pydantic~=2.11.7->-r /scratch/llama.cpp/requirements/requirements-pydantic.txt (line 2)) (0.7.0)

Processing ./GPU_server_downloads/wheels/llamacpp/pydantic_core-2.33.2-cp312-cp312-manylinux_2_17_x86_64.manylinux2014_x86_64.whl (from pydantic~=2.11.7->-r /scratch/llama.cpp/requirements/requirements-pydantic.txt (line 2))

Requirement already satisfied: typing-inspection>=0.4.0 in /scratch/llm_inference/venv/lib/python3.12/site-packages (from pydantic~=2.11.7->-r /scratch/llama.cpp/requirements/requirements-pydantic.txt (line 2)) (0.4.2)

Requirement already satisfied: pycparser in /scratch/llm_inference/venv/lib/python3.12/site-packages (from cffi~=1.16.0->-r /scratch/llama.cpp/requirements/requirements-test-tokenizer-random.txt (line 1)) (3.0)

Requirement already satisfied: pytz>=2020.1 in /scratch/llm_inference/venv/lib/python3.12/site-packages (from pandas~=2.2.3->-r /scratch/llama.cpp/requirements/requirements-tool_bench.txt (line 7)) (2026.2)

Requirement already satisfied: tzdata>=2022.7 in /scratch/llm_inference/venv/lib/python3.12/site-packages (from pandas~=2.2.3->-r /scratch/llama.cpp/requirements/requirements-tool_bench.txt (line 7)) (2026.2)

Requirement already satisfied: click>=8.2.1 in /scratch/llm_inference/venv/lib/python3.12/site-packages (from typer~=0.24.1->-r /scratch/llama.cpp/requirements/requirements-tool_bench.txt (line 11)) (8.4.0)

Requirement already satisfied: shellingham>=1.3.0 in /scratch/llm_inference/venv/lib/python3.12/site-packages (from typer~=0.24.1->-r /scratch/llama.cpp/requirements/requirements-tool_bench.txt (line 11)) (1.5.4)

Requirement already satisfied: rich>=12.3.0 in /scratch/llm_inference/venv/lib/python3.12/site-packages (from typer~=0.24.1->-r /scratch/llama.cpp/requirements/requirements-tool_bench.txt (line 11)) (15.0.0)

Requirement already satisfied: annotated-doc>=0.0.2 in /scratch/llm_inference/venv/lib/python3.12/site-packages (from typer~=0.24.1->-r /scratch/llama.cpp/requirements/requirements-tool_bench.txt (line 11)) (0.0.4)

Requirement already satisfied: shiboken6==6.9.3 in /scratch/llm_inference/venv/lib/python3.12/site-packages (from PySide6~=6.9.0->-r /scratch/llama.cpp/requirements/requirements-gguf_editor_gui.txt (line 2)) (6.9.3)

Requirement already satisfied: PySide6_Essentials==6.9.3 in /scratch/llm_inference/venv/lib/python3.12/site-packages (from PySide6~=6.9.0->-r /scratch/llama.cpp/requirements/requirements-gguf_editor_gui.txt (line 2)) (6.9.3)

Requirement already satisfied: PySide6_Addons==6.9.3 in /scratch/llm_inference/venv/lib/python3.12/site-packages (from PySide6~=6.9.0->-r /scratch/llama.cpp/requirements/requirements-gguf_editor_gui.txt (line 2)) (6.9.3)

Requirement already satisfied: smmap<6,>=3.0.1 in /scratch/llm_inference/venv/lib/python3.12/site-packages (from gitdb<5,>=4.0.1->GitPython~=3.1.43->-r /scratch/llama.cpp/requirements/requirements-compare-llama-bench.txt (line 2)) (5.0.3)

Requirement already satisfied: httpcore==1.* in /scratch/llm_inference/venv/lib/python3.12/site-packages (from httpx<1,>=0.23.0->huggingface_hub<2.0,>=1.5.0->-r /scratch/llama.cpp/tools/server/tests/requirements.txt (line 3)) (1.0.9)

Requirement already satisfied: h11>=0.16 in /scratch/llm_inference/venv/lib/python3.12/site-packages (from httpcore==1.*->httpx<1,>=0.23.0->huggingface_hub<2.0,>=1.5.0->-r /scratch/llama.cpp/tools/server/tests/requirements.txt (line 3)) (0.16.0)

Requirement already satisfied: propcache>=0.2.1 in /scratch/llm_inference/venv/lib/python3.12/site-packages (from yarl<2.0,>=1.0->aiohttp~=3.9.3->-r /scratch/llama.cpp/tools/server/tests/requirements.txt (line 1)) (0.5.2)

Requirement already satisfied: psutil in /scratch/llm_inference/venv/lib/python3.12/site-packages (from accelerate->-r /scratch/llama.cpp/examples/model-conversion/requirements.txt (line 6)) (7.2.2)

Requirement already satisfied: scikit-learn>=0.22.0 in /scratch/llm_inference/venv/lib/python3.12/site-packages (from sentence-transformers->-r /scratch/llama.cpp/examples/model-conversion/requirements.txt (line 7)) (1.8.0)

Requirement already satisfied: scipy>=1.0.0 in /scratch/llm_inference/venv/lib/python3.12/site-packages (from sentence-transformers->-r /scratch/llama.cpp/examples/model-conversion/requirements.txt (line 7)) (1.17.1)

Requirement already satisfied: six>=1.5 in /scratch/llm_inference/venv/lib/python3.12/site-packages (from python-dateutil>=2.7->matplotlib->-r /scratch/llama.cpp/tools/server/bench/requirements.txt (line 1)) (1.17.0)

Requirement already satisfied: markdown-it-py>=2.2.0 in /scratch/llm_inference/venv/lib/python3.12/site-packages (from rich>=12.3.0->typer~=0.24.1->-r /scratch/llama.cpp/requirements/requirements-tool_bench.txt (line 11)) (4.2.0)

Requirement already satisfied: pygments<3.0.0,>=2.13.0 in /scratch/llm_inference/venv/lib/python3.12/site-packages (from rich>=12.3.0->typer~=0.24.1->-r /scratch/llama.cpp/requirements/requirements-tool_bench.txt (line 11)) (2.20.0)

Requirement already satisfied: mdurl~=0.1 in /scratch/llm_inference/venv/lib/python3.12/site-packages (from markdown-it-py>=2.2.0->rich>=12.3.0->typer~=0.24.1->-r /scratch/llama.cpp/requirements/requirements-tool_bench.txt (line 11)) (0.1.2)

Requirement already satisfied: joblib>=1.3.0 in /scratch/llm_inference/venv/lib/python3.12/site-packages (from scikit-learn>=0.22.0->sentence-transformers->-r /scratch/llama.cpp/examples/model-conversion/requirements.txt (line 7)) (1.5.3)

Requirement already satisfied: threadpoolctl>=3.2.0 in /scratch/llm_inference/venv/lib/python3.12/site-packages (from scikit-learn>=0.22.0->sentence-transformers->-r /scratch/llama.cpp/examples/model-conversion/requirements.txt (line 7)) (3.6.0)

Requirement already satisfied: MarkupSafe>=2.0 in /scratch/llm_inference/venv/lib/python3.12/site-packages (from jinja2->torch~=2.6.0->-r /scratch/llama.cpp/tools/mtmd/requirements.txt (line 4)) (3.0.3)

Installing collected packages: pydantic-core, cffi, pydantic, torchvision

  Attempting uninstall: pydantic-core

    Found existing installation: pydantic_core 2.46.4

    Uninstalling pydantic_core-2.46.4:

      Successfully uninstalled pydantic_core-2.46.4

  Attempting uninstall: cffi

    Found existing installation: cffi 2.0.0

    Uninstalling cffi-2.0.0:

      Successfully uninstalled cffi-2.0.0

  Attempting uninstall: pydantic

    Found existing installation: pydantic 2.13.4

    Uninstalling pydantic-2.13.4:

      Successfully uninstalled pydantic-2.13.4

  Attempting uninstall: torchvision

    Found existing installation: torchvision 0.26.0+cu130

    Uninstalling torchvision-0.26.0+cu130:

      Successfully uninstalled torchvision-0.26.0+cu130



Successfully installed cffi-1.16.0 pydantic-2.11.10 pydantic-core-2.33.2 torchvision-0.21.0+cpu

Looking in links: /home/leesihun/home_dir/GPU_server_downloads/wheels/inference, /home/leesihun/home_dir/GPU_server_downloads/wheels/llamacpp

Requirement already satisfied: tabulate~=0.9.0 in /scratch/llm_inference/venv/lib/python3.12/site-packages (from -r /scratch/llama.cpp/requirements/requirements-compare-llama-bench.txt (line 1)) (0.9.0)

Requirement already satisfied: GitPython~=3.1.43 in /scratch/llm_inference/venv/lib/python3.12/site-packages (from -r /scratch/llama.cpp/requirements/requirements-compare-llama-bench.txt (line 2)) (3.1.50)

Requirement already satisfied: matplotlib~=3.10.0 in /scratch/llm_inference/venv/lib/python3.12/site-packages (from -r /scratch/llama.cpp/requirements/requirements-compare-llama-bench.txt (line 3)) (3.10.9)

Requirement already satisfied: gitdb<5,>=4.0.1 in /scratch/llm_inference/venv/lib/python3.12/site-packages (from GitPython~=3.1.43->-r /scratch/llama.cpp/requirements/requirements-compare-llama-bench.txt (line 2)) (4.0.12)

Requirement already satisfied: contourpy>=1.0.1 in /scratch/llm_inference/venv/lib/python3.12/site-packages (from matplotlib~=3.10.0->-r /scratch/llama.cpp/requirements/requirements-compare-llama-bench.txt (line 3)) (1.3.3)

Requirement already satisfied: cycler>=0.10 in /scratch/llm_inference/venv/lib/python3.12/site-packages (from matplotlib~=3.10.0->-r /scratch/llama.cpp/requirements/requirements-compare-llama-bench.txt (line 3)) (0.12.1)

Requirement already satisfied: fonttools>=4.22.0 in /scratch/llm_inference/venv/lib/python3.12/site-packages (from matplotlib~=3.10.0->-r /scratch/llama.cpp/requirements/requirements-compare-llama-bench.txt (line 3)) (4.63.0)

Requirement already satisfied: kiwisolver>=1.3.1 in /scratch/llm_inference/venv/lib/python3.12/site-packages (from matplotlib~=3.10.0->-r /scratch/llama.cpp/requirements/requirements-compare-llama-bench.txt (line 3)) (1.5.0)

Requirement already satisfied: numpy>=1.23 in /scratch/llm_inference/venv/lib/python3.12/site-packages (from matplotlib~=3.10.0->-r /scratch/llama.cpp/requirements/requirements-compare-llama-bench.txt (line 3)) (1.26.4)

Requirement already satisfied: packaging>=20.0 in /scratch/llm_inference/venv/lib/python3.12/site-packages (from matplotlib~=3.10.0->-r /scratch/llama.cpp/requirements/requirements-compare-llama-bench.txt (line 3)) (26.2)

Requirement already satisfied: pillow>=8 in /scratch/llm_inference/venv/lib/python3.12/site-packages (from matplotlib~=3.10.0->-r /scratch/llama.cpp/requirements/requirements-compare-llama-bench.txt (line 3)) (11.3.0)

Requirement already satisfied: pyparsing>=3 in /scratch/llm_inference/venv/lib/python3.12/site-packages (from matplotlib~=3.10.0->-r /scratch/llama.cpp/requirements/requirements-compare-llama-bench.txt (line 3)) (3.3.2)

Requirement already satisfied: python-dateutil>=2.7 in /scratch/llm_inference/venv/lib/python3.12/site-packages (from matplotlib~=3.10.0->-r /scratch/llama.cpp/requirements/requirements-compare-llama-bench.txt (line 3)) (2.9.0.post0)

Requirement already satisfied: smmap<6,>=3.0.1 in /scratch/llm_inference/venv/lib/python3.12/site-packages (from gitdb<5,>=4.0.1->GitPython~=3.1.43->-r /scratch/llama.cpp/requirements/requirements-compare-llama-bench.txt (line 2)) (5.0.3)

Requirement already satisfied: six>=1.5 in /scratch/llm_inference/venv/lib/python3.12/site-packages (from python-dateutil>=2.7->matplotlib~=3.10.0->-r /scratch/llama.cpp/requirements/requirements-compare-llama-bench.txt (line 3)) (1.17.0)

Looking in links: /home/leesihun/home_dir/GPU_server_downloads/wheels/inference, /home/leesihun/home_dir/GPU_server_downloads/wheels/llamacpp

Ignoring torch: markers 'platform_machine == "s390x"' don't match your environment

Requirement already satisfied: numpy~=1.26.4 in /scratch/llm_inference/venv/lib/python3.12/site-packages (from -r /scratch/llama.cpp/requirements/requirements-convert_legacy_llama.txt (line 1)) (1.26.4)

Requirement already satisfied: sentencepiece<0.3.0,>=0.1.98 in /scratch/llm_inference/venv/lib/python3.12/site-packages (from -r /scratch/llama.cpp/requirements/requirements-convert_legacy_llama.txt (line 2)) (0.2.1)

Requirement already satisfied: transformers==5.5.1 in /scratch/llm_inference/venv/lib/python3.12/site-packages (from -r /scratch/llama.cpp/requirements/requirements-convert_legacy_llama.txt (line 4)) (5.5.1)

Requirement already satisfied: gguf>=0.1.0 in /scratch/llm_inference/venv/lib/python3.12/site-packages (from -r /scratch/llama.cpp/requirements/requirements-convert_legacy_llama.txt (line 6)) (0.19.0)

Requirement already satisfied: protobuf<5.0.0,>=4.21.0 in /scratch/llm_inference/venv/lib/python3.12/site-packages (from -r /scratch/llama.cpp/requirements/requirements-convert_legacy_llama.txt (line 7)) (4.25.9)

Requirement already satisfied: torch~=2.6.0 in /scratch/llm_inference/venv/lib/python3.12/site-packages (from -r /scratch/llama.cpp/requirements/requirements-convert_hf_to_gguf.txt (line 5)) (2.6.0+cpu)

Requirement already satisfied: huggingface-hub<2.0,>=1.5.0 in /scratch/llm_inference/venv/lib/python3.12/site-packages (from transformers==5.5.1->-r /scratch/llama.cpp/requirements/requirements-convert_legacy_llama.txt (line 4)) (1.15.0)

Requirement already satisfied: packaging>=20.0 in /scratch/llm_inference/venv/lib/python3.12/site-packages (from transformers==5.5.1->-r /scratch/llama.cpp/requirements/requirements-convert_legacy_llama.txt (line 4)) (26.2)

Requirement already satisfied: pyyaml>=5.1 in /scratch/llm_inference/venv/lib/python3.12/site-packages (from transformers==5.5.1->-r /scratch/llama.cpp/requirements/requirements-convert_legacy_llama.txt (line 4)) (6.0.3)

Requirement already satisfied: regex>=2025.10.22 in /scratch/llm_inference/venv/lib/python3.12/site-packages (from transformers==5.5.1->-r /scratch/llama.cpp/requirements/requirements-convert_legacy_llama.txt (line 4)) (2026.5.9)

Requirement already satisfied: tokenizers<=0.23.0,>=0.22.0 in /scratch/llm_inference/venv/lib/python3.12/site-packages (from transformers==5.5.1->-r /scratch/llama.cpp/requirements/requirements-convert_legacy_llama.txt (line 4)) (0.22.2)

Requirement already satisfied: typer in /scratch/llm_inference/venv/lib/python3.12/site-packages (from transformers==5.5.1->-r /scratch/llama.cpp/requirements/requirements-convert_legacy_llama.txt (line 4)) (0.24.2)

Requirement already satisfied: safetensors>=0.4.3 in /scratch/llm_inference/venv/lib/python3.12/site-packages (from transformers==5.5.1->-r /scratch/llama.cpp/requirements/requirements-convert_legacy_llama.txt (line 4)) (0.7.0)

Requirement already satisfied: tqdm>=4.27 in /scratch/llm_inference/venv/lib/python3.12/site-packages (from transformers==5.5.1->-r /scratch/llama.cpp/requirements/requirements-convert_legacy_llama.txt (line 4)) (4.67.3)

Requirement already satisfied: filelock in /scratch/llm_inference/venv/lib/python3.12/site-packages (from torch~=2.6.0->-r /scratch/llama.cpp/requirements/requirements-convert_hf_to_gguf.txt (line 5)) (3.29.0)

Requirement already satisfied: typing-extensions>=4.10.0 in /scratch/llm_inference/venv/lib/python3.12/site-packages (from torch~=2.6.0->-r /scratch/llama.cpp/requirements/requirements-convert_hf_to_gguf.txt (line 5)) (4.15.0)

Requirement already satisfied: networkx in /scratch/llm_inference/venv/lib/python3.12/site-packages (from torch~=2.6.0->-r /scratch/llama.cpp/requirements/requirements-convert_hf_to_gguf.txt (line 5)) (3.6.1)

Requirement already satisfied: jinja2 in /scratch/llm_inference/venv/lib/python3.12/site-packages (from torch~=2.6.0->-r /scratch/llama.cpp/requirements/requirements-convert_hf_to_gguf.txt (line 5)) (3.1.6)

Requirement already satisfied: fsspec in /scratch/llm_inference/venv/lib/python3.12/site-packages (from torch~=2.6.0->-r /scratch/llama.cpp/requirements/requirements-convert_hf_to_gguf.txt (line 5)) (2024.9.0)

Requirement already satisfied: setuptools in /scratch/llm_inference/venv/lib/python3.12/site-packages (from torch~=2.6.0->-r /scratch/llama.cpp/requirements/requirements-convert_hf_to_gguf.txt (line 5)) (80.10.2)

Requirement already satisfied: sympy==1.13.1 in /scratch/llm_inference/venv/lib/python3.12/site-packages (from torch~=2.6.0->-r /scratch/llama.cpp/requirements/requirements-convert_hf_to_gguf.txt (line 5)) (1.13.1)

Requirement already satisfied: mpmath<1.4,>=1.1.0 in /scratch/llm_inference/venv/lib/python3.12/site-packages (from sympy==1.13.1->torch~=2.6.0->-r /scratch/llama.cpp/requirements/requirements-convert_hf_to_gguf.txt (line 5)) (1.3.0)

Requirement already satisfied: hf-xet<2.0.0,>=1.4.3 in /scratch/llm_inference/venv/lib/python3.12/site-packages (from huggingface-hub<2.0,>=1.5.0->transformers==5.5.1->-r /scratch/llama.cpp/requirements/requirements-convert_legacy_llama.txt (line 4)) (1.5.0)

Requirement already satisfied: httpx<1,>=0.23.0 in /scratch/llm_inference/venv/lib/python3.12/site-packages (from huggingface-hub<2.0,>=1.5.0->transformers==5.5.1->-r /scratch/llama.cpp/requirements/requirements-convert_legacy_llama.txt (line 4)) (0.28.1)

Requirement already satisfied: anyio in /scratch/llm_inference/venv/lib/python3.12/site-packages (from httpx<1,>=0.23.0->huggingface-hub<2.0,>=1.5.0->transformers==5.5.1->-r /scratch/llama.cpp/requirements/requirements-convert_legacy_llama.txt (line 4)) (4.13.0)

Requirement already satisfied: certifi in /scratch/llm_inference/venv/lib/python3.12/site-packages (from httpx<1,>=0.23.0->huggingface-hub<2.0,>=1.5.0->transformers==5.5.1->-r /scratch/llama.cpp/requirements/requirements-convert_legacy_llama.txt (line 4)) (2026.4.22)

Requirement already satisfied: httpcore==1.* in /scratch/llm_inference/venv/lib/python3.12/site-packages (from httpx<1,>=0.23.0->huggingface-hub<2.0,>=1.5.0->transformers==5.5.1->-r /scratch/llama.cpp/requirements/requirements-convert_legacy_llama.txt (line 4)) (1.0.9)

Requirement already satisfied: idna in /scratch/llm_inference/venv/lib/python3.12/site-packages (from httpx<1,>=0.23.0->huggingface-hub<2.0,>=1.5.0->transformers==5.5.1->-r /scratch/llama.cpp/requirements/requirements-convert_legacy_llama.txt (line 4)) (3.15)

Requirement already satisfied: h11>=0.16 in /scratch/llm_inference/venv/lib/python3.12/site-packages (from httpcore==1.*->httpx<1,>=0.23.0->huggingface-hub<2.0,>=1.5.0->transformers==5.5.1->-r /scratch/llama.cpp/requirements/requirements-convert_legacy_llama.txt (line 4)) (0.16.0)

Requirement already satisfied: requests>=2.25 in /scratch/llm_inference/venv/lib/python3.12/site-packages (from gguf>=0.1.0->-r /scratch/llama.cpp/requirements/requirements-convert_legacy_llama.txt (line 6)) (2.32.5)

Requirement already satisfied: charset_normalizer<4,>=2 in /scratch/llm_inference/venv/lib/python3.12/site-packages (from requests>=2.25->gguf>=0.1.0->-r /scratch/llama.cpp/requirements/requirements-convert_legacy_llama.txt (line 6)) (3.4.7)

Requirement already satisfied: urllib3<3,>=1.21.1 in /scratch/llm_inference/venv/lib/python3.12/site-packages (from requests>=2.25->gguf>=0.1.0->-r /scratch/llama.cpp/requirements/requirements-convert_legacy_llama.txt (line 6)) (2.7.0)

Requirement already satisfied: click>=8.2.1 in /scratch/llm_inference/venv/lib/python3.12/site-packages (from typer->transformers==5.5.1->-r /scratch/llama.cpp/requirements/requirements-convert_legacy_llama.txt (line 4)) (8.4.0)

Requirement already satisfied: shellingham>=1.3.0 in /scratch/llm_inference/venv/lib/python3.12/site-packages (from typer->transformers==5.5.1->-r /scratch/llama.cpp/requirements/requirements-convert_legacy_llama.txt (line 4)) (1.5.4)

Requirement already satisfied: rich>=12.3.0 in /scratch/llm_inference/venv/lib/python3.12/site-packages (from typer->transformers==5.5.1->-r /scratch/llama.cpp/requirements/requirements-convert_legacy_llama.txt (line 4)) (15.0.0)

Requirement already satisfied: annotated-doc>=0.0.2 in /scratch/llm_inference/venv/lib/python3.12/site-packages (from typer->transformers==5.5.1->-r /scratch/llama.cpp/requirements/requirements-convert_legacy_llama.txt (line 4)) (0.0.4)

Requirement already satisfied: markdown-it-py>=2.2.0 in /scratch/llm_inference/venv/lib/python3.12/site-packages (from rich>=12.3.0->typer->transformers==5.5.1->-r /scratch/llama.cpp/requirements/requirements-convert_legacy_llama.txt (line 4)) (4.2.0)

Requirement already satisfied: pygments<3.0.0,>=2.13.0 in /scratch/llm_inference/venv/lib/python3.12/site-packages (from rich>=12.3.0->typer->transformers==5.5.1->-r /scratch/llama.cpp/requirements/requirements-convert_legacy_llama.txt (line 4)) (2.20.0)

Requirement already satisfied: mdurl~=0.1 in /scratch/llm_inference/venv/lib/python3.12/site-packages (from markdown-it-py>=2.2.0->rich>=12.3.0->typer->transformers==5.5.1->-r /scratch/llama.cpp/requirements/requirements-convert_legacy_llama.txt (line 4)) (0.1.2)

Requirement already satisfied: MarkupSafe>=2.0 in /scratch/llm_inference/venv/lib/python3.12/site-packages (from jinja2->torch~=2.6.0->-r /scratch/llama.cpp/requirements/requirements-convert_hf_to_gguf.txt (line 5)) (3.0.3)

Looking in links: /home/leesihun/home_dir/GPU_server_downloads/wheels/inference, /home/leesihun/home_dir/GPU_server_downloads/wheels/llamacpp

Requirement already satisfied: numpy~=1.26.4 in /scratch/llm_inference/venv/lib/python3.12/site-packages (from -r /scratch/llama.cpp/requirements/requirements-convert_legacy_llama.txt (line 1)) (1.26.4)

Requirement already satisfied: sentencepiece<0.3.0,>=0.1.98 in /scratch/llm_inference/venv/lib/python3.12/site-packages (from -r /scratch/llama.cpp/requirements/requirements-convert_legacy_llama.txt (line 2)) (0.2.1)

Requirement already satisfied: transformers==5.5.1 in /scratch/llm_inference/venv/lib/python3.12/site-packages (from -r /scratch/llama.cpp/requirements/requirements-convert_legacy_llama.txt (line 4)) (5.5.1)

Requirement already satisfied: gguf>=0.1.0 in /scratch/llm_inference/venv/lib/python3.12/site-packages (from -r /scratch/llama.cpp/requirements/requirements-convert_legacy_llama.txt (line 6)) (0.19.0)

Requirement already satisfied: protobuf<5.0.0,>=4.21.0 in /scratch/llm_inference/venv/lib/python3.12/site-packages (from -r /scratch/llama.cpp/requirements/requirements-convert_legacy_llama.txt (line 7)) (4.25.9)

Requirement already satisfied: huggingface-hub<2.0,>=1.5.0 in /scratch/llm_inference/venv/lib/python3.12/site-packages (from transformers==5.5.1->-r /scratch/llama.cpp/requirements/requirements-convert_legacy_llama.txt (line 4)) (1.15.0)

Requirement already satisfied: packaging>=20.0 in /scratch/llm_inference/venv/lib/python3.12/site-packages (from transformers==5.5.1->-r /scratch/llama.cpp/requirements/requirements-convert_legacy_llama.txt (line 4)) (26.2)

Requirement already satisfied: pyyaml>=5.1 in /scratch/llm_inference/venv/lib/python3.12/site-packages (from transformers==5.5.1->-r /scratch/llama.cpp/requirements/requirements-convert_legacy_llama.txt (line 4)) (6.0.3)

Requirement already satisfied: regex>=2025.10.22 in /scratch/llm_inference/venv/lib/python3.12/site-packages (from transformers==5.5.1->-r /scratch/llama.cpp/requirements/requirements-convert_legacy_llama.txt (line 4)) (2026.5.9)

Requirement already satisfied: tokenizers<=0.23.0,>=0.22.0 in /scratch/llm_inference/venv/lib/python3.12/site-packages (from transformers==5.5.1->-r /scratch/llama.cpp/requirements/requirements-convert_legacy_llama.txt (line 4)) (0.22.2)

Requirement already satisfied: typer in /scratch/llm_inference/venv/lib/python3.12/site-packages (from transformers==5.5.1->-r /scratch/llama.cpp/requirements/requirements-convert_legacy_llama.txt (line 4)) (0.24.2)

Requirement already satisfied: safetensors>=0.4.3 in /scratch/llm_inference/venv/lib/python3.12/site-packages (from transformers==5.5.1->-r /scratch/llama.cpp/requirements/requirements-convert_legacy_llama.txt (line 4)) (0.7.0)

Requirement already satisfied: tqdm>=4.27 in /scratch/llm_inference/venv/lib/python3.12/site-packages (from transformers==5.5.1->-r /scratch/llama.cpp/requirements/requirements-convert_legacy_llama.txt (line 4)) (4.67.3)

Requirement already satisfied: filelock>=3.10.0 in /scratch/llm_inference/venv/lib/python3.12/site-packages (from huggingface-hub<2.0,>=1.5.0->transformers==5.5.1->-r /scratch/llama.cpp/requirements/requirements-convert_legacy_llama.txt (line 4)) (3.29.0)

Requirement already satisfied: fsspec>=2023.5.0 in /scratch/llm_inference/venv/lib/python3.12/site-packages (from huggingface-hub<2.0,>=1.5.0->transformers==5.5.1->-r /scratch/llama.cpp/requirements/requirements-convert_legacy_llama.txt (line 4)) (2024.9.0)

Requirement already satisfied: hf-xet<2.0.0,>=1.4.3 in /scratch/llm_inference/venv/lib/python3.12/site-packages (from huggingface-hub<2.0,>=1.5.0->transformers==5.5.1->-r /scratch/llama.cpp/requirements/requirements-convert_legacy_llama.txt (line 4)) (1.5.0)

Requirement already satisfied: httpx<1,>=0.23.0 in /scratch/llm_inference/venv/lib/python3.12/site-packages (from huggingface-hub<2.0,>=1.5.0->transformers==5.5.1->-r /scratch/llama.cpp/requirements/requirements-convert_legacy_llama.txt (line 4)) (0.28.1)

Requirement already satisfied: typing-extensions>=4.1.0 in /scratch/llm_inference/venv/lib/python3.12/site-packages (from huggingface-hub<2.0,>=1.5.0->transformers==5.5.1->-r /scratch/llama.cpp/requirements/requirements-convert_legacy_llama.txt (line 4)) (4.15.0)

Requirement already satisfied: anyio in /scratch/llm_inference/venv/lib/python3.12/site-packages (from httpx<1,>=0.23.0->huggingface-hub<2.0,>=1.5.0->transformers==5.5.1->-r /scratch/llama.cpp/requirements/requirements-convert_legacy_llama.txt (line 4)) (4.13.0)

Requirement already satisfied: certifi in /scratch/llm_inference/venv/lib/python3.12/site-packages (from httpx<1,>=0.23.0->huggingface-hub<2.0,>=1.5.0->transformers==5.5.1->-r /scratch/llama.cpp/requirements/requirements-convert_legacy_llama.txt (line 4)) (2026.4.22)

Requirement already satisfied: httpcore==1.* in /scratch/llm_inference/venv/lib/python3.12/site-packages (from httpx<1,>=0.23.0->huggingface-hub<2.0,>=1.5.0->transformers==5.5.1->-r /scratch/llama.cpp/requirements/requirements-convert_legacy_llama.txt (line 4)) (1.0.9)

Requirement already satisfied: idna in /scratch/llm_inference/venv/lib/python3.12/site-packages (from httpx<1,>=0.23.0->huggingface-hub<2.0,>=1.5.0->transformers==5.5.1->-r /scratch/llama.cpp/requirements/requirements-convert_legacy_llama.txt (line 4)) (3.15)

Requirement already satisfied: h11>=0.16 in /scratch/llm_inference/venv/lib/python3.12/site-packages (from httpcore==1.*->httpx<1,>=0.23.0->huggingface-hub<2.0,>=1.5.0->transformers==5.5.1->-r /scratch/llama.cpp/requirements/requirements-convert_legacy_llama.txt (line 4)) (0.16.0)

Requirement already satisfied: requests>=2.25 in /scratch/llm_inference/venv/lib/python3.12/site-packages (from gguf>=0.1.0->-r /scratch/llama.cpp/requirements/requirements-convert_legacy_llama.txt (line 6)) (2.32.5)

Requirement already satisfied: charset_normalizer<4,>=2 in /scratch/llm_inference/venv/lib/python3.12/site-packages (from requests>=2.25->gguf>=0.1.0->-r /scratch/llama.cpp/requirements/requirements-convert_legacy_llama.txt (line 6)) (3.4.7)

Requirement already satisfied: urllib3<3,>=1.21.1 in /scratch/llm_inference/venv/lib/python3.12/site-packages (from requests>=2.25->gguf>=0.1.0->-r /scratch/llama.cpp/requirements/requirements-convert_legacy_llama.txt (line 6)) (2.7.0)

Requirement already satisfied: click>=8.2.1 in /scratch/llm_inference/venv/lib/python3.12/site-packages (from typer->transformers==5.5.1->-r /scratch/llama.cpp/requirements/requirements-convert_legacy_llama.txt (line 4)) (8.4.0)

Requirement already satisfied: shellingham>=1.3.0 in /scratch/llm_inference/venv/lib/python3.12/site-packages (from typer->transformers==5.5.1->-r /scratch/llama.cpp/requirements/requirements-convert_legacy_llama.txt (line 4)) (1.5.4)

Requirement already satisfied: rich>=12.3.0 in /scratch/llm_inference/venv/lib/python3.12/site-packages (from typer->transformers==5.5.1->-r /scratch/llama.cpp/requirements/requirements-convert_legacy_llama.txt (line 4)) (15.0.0)

Requirement already satisfied: annotated-doc>=0.0.2 in /scratch/llm_inference/venv/lib/python3.12/site-packages (from typer->transformers==5.5.1->-r /scratch/llama.cpp/requirements/requirements-convert_legacy_llama.txt (line 4)) (0.0.4)

Requirement already satisfied: markdown-it-py>=2.2.0 in /scratch/llm_inference/venv/lib/python3.12/site-packages (from rich>=12.3.0->typer->transformers==5.5.1->-r /scratch/llama.cpp/requirements/requirements-convert_legacy_llama.txt (line 4)) (4.2.0)

Requirement already satisfied: pygments<3.0.0,>=2.13.0 in /scratch/llm_inference/venv/lib/python3.12/site-packages (from rich>=12.3.0->typer->transformers==5.5.1->-r /scratch/llama.cpp/requirements/requirements-convert_legacy_llama.txt (line 4)) (2.20.0)

Requirement already satisfied: mdurl~=0.1 in /scratch/llm_inference/venv/lib/python3.12/site-packages (from markdown-it-py>=2.2.0->rich>=12.3.0->typer->transformers==5.5.1->-r /scratch/llama.cpp/requirements/requirements-convert_legacy_llama.txt (line 4)) (0.1.2)

Looking in links: /home/leesihun/home_dir/GPU_server_downloads/wheels/inference, /home/leesihun/home_dir/GPU_server_downloads/wheels/llamacpp

Requirement already satisfied: numpy~=1.26.4 in /scratch/llm_inference/venv/lib/python3.12/site-packages (from -r /scratch/llama.cpp/requirements/requirements-convert_legacy_llama.txt (line 1)) (1.26.4)

Requirement already satisfied: sentencepiece<0.3.0,>=0.1.98 in /scratch/llm_inference/venv/lib/python3.12/site-packages (from -r /scratch/llama.cpp/requirements/requirements-convert_legacy_llama.txt (line 2)) (0.2.1)

Requirement already satisfied: transformers==5.5.1 in /scratch/llm_inference/venv/lib/python3.12/site-packages (from -r /scratch/llama.cpp/requirements/requirements-convert_legacy_llama.txt (line 4)) (5.5.1)

Requirement already satisfied: gguf>=0.1.0 in /scratch/llm_inference/venv/lib/python3.12/site-packages (from -r /scratch/llama.cpp/requirements/requirements-convert_legacy_llama.txt (line 6)) (0.19.0)

Requirement already satisfied: protobuf<5.0.0,>=4.21.0 in /scratch/llm_inference/venv/lib/python3.12/site-packages (from -r /scratch/llama.cpp/requirements/requirements-convert_legacy_llama.txt (line 7)) (4.25.9)

Requirement already satisfied: huggingface-hub<2.0,>=1.5.0 in /scratch/llm_inference/venv/lib/python3.12/site-packages (from transformers==5.5.1->-r /scratch/llama.cpp/requirements/requirements-convert_legacy_llama.txt (line 4)) (1.15.0)

Requirement already satisfied: packaging>=20.0 in /scratch/llm_inference/venv/lib/python3.12/site-packages (from transformers==5.5.1->-r /scratch/llama.cpp/requirements/requirements-convert_legacy_llama.txt (line 4)) (26.2)

Requirement already satisfied: pyyaml>=5.1 in /scratch/llm_inference/venv/lib/python3.12/site-packages (from transformers==5.5.1->-r /scratch/llama.cpp/requirements/requirements-convert_legacy_llama.txt (line 4)) (6.0.3)

Requirement already satisfied: regex>=2025.10.22 in /scratch/llm_inference/venv/lib/python3.12/site-packages (from transformers==5.5.1->-r /scratch/llama.cpp/requirements/requirements-convert_legacy_llama.txt (line 4)) (2026.5.9)

Requirement already satisfied: tokenizers<=0.23.0,>=0.22.0 in /scratch/llm_inference/venv/lib/python3.12/site-packages (from transformers==5.5.1->-r /scratch/llama.cpp/requirements/requirements-convert_legacy_llama.txt (line 4)) (0.22.2)

Requirement already satisfied: typer in /scratch/llm_inference/venv/lib/python3.12/site-packages (from transformers==5.5.1->-r /scratch/llama.cpp/requirements/requirements-convert_legacy_llama.txt (line 4)) (0.24.2)

Requirement already satisfied: safetensors>=0.4.3 in /scratch/llm_inference/venv/lib/python3.12/site-packages (from transformers==5.5.1->-r /scratch/llama.cpp/requirements/requirements-convert_legacy_llama.txt (line 4)) (0.7.0)

Requirement already satisfied: tqdm>=4.27 in /scratch/llm_inference/venv/lib/python3.12/site-packages (from transformers==5.5.1->-r /scratch/llama.cpp/requirements/requirements-convert_legacy_llama.txt (line 4)) (4.67.3)

Requirement already satisfied: filelock>=3.10.0 in /scratch/llm_inference/venv/lib/python3.12/site-packages (from huggingface-hub<2.0,>=1.5.0->transformers==5.5.1->-r /scratch/llama.cpp/requirements/requirements-convert_legacy_llama.txt (line 4)) (3.29.0)

Requirement already satisfied: fsspec>=2023.5.0 in /scratch/llm_inference/venv/lib/python3.12/site-packages (from huggingface-hub<2.0,>=1.5.0->transformers==5.5.1->-r /scratch/llama.cpp/requirements/requirements-convert_legacy_llama.txt (line 4)) (2024.9.0)

Requirement already satisfied: hf-xet<2.0.0,>=1.4.3 in /scratch/llm_inference/venv/lib/python3.12/site-packages (from huggingface-hub<2.0,>=1.5.0->transformers==5.5.1->-r /scratch/llama.cpp/requirements/requirements-convert_legacy_llama.txt (line 4)) (1.5.0)

Requirement already satisfied: httpx<1,>=0.23.0 in /scratch/llm_inference/venv/lib/python3.12/site-packages (from huggingface-hub<2.0,>=1.5.0->transformers==5.5.1->-r /scratch/llama.cpp/requirements/requirements-convert_legacy_llama.txt (line 4)) (0.28.1)

Requirement already satisfied: typing-extensions>=4.1.0 in /scratch/llm_inference/venv/lib/python3.12/site-packages (from huggingface-hub<2.0,>=1.5.0->transformers==5.5.1->-r /scratch/llama.cpp/requirements/requirements-convert_legacy_llama.txt (line 4)) (4.15.0)

Requirement already satisfied: anyio in /scratch/llm_inference/venv/lib/python3.12/site-packages (from httpx<1,>=0.23.0->huggingface-hub<2.0,>=1.5.0->transformers==5.5.1->-r /scratch/llama.cpp/requirements/requirements-convert_legacy_llama.txt (line 4)) (4.13.0)

Requirement already satisfied: certifi in /scratch/llm_inference/venv/lib/python3.12/site-packages (from httpx<1,>=0.23.0->huggingface-hub<2.0,>=1.5.0->transformers==5.5.1->-r /scratch/llama.cpp/requirements/requirements-convert_legacy_llama.txt (line 4)) (2026.4.22)

Requirement already satisfied: httpcore==1.* in /scratch/llm_inference/venv/lib/python3.12/site-packages (from httpx<1,>=0.23.0->huggingface-hub<2.0,>=1.5.0->transformers==5.5.1->-r /scratch/llama.cpp/requirements/requirements-convert_legacy_llama.txt (line 4)) (1.0.9)

Requirement already satisfied: idna in /scratch/llm_inference/venv/lib/python3.12/site-packages (from httpx<1,>=0.23.0->huggingface-hub<2.0,>=1.5.0->transformers==5.5.1->-r /scratch/llama.cpp/requirements/requirements-convert_legacy_llama.txt (line 4)) (3.15)

Requirement already satisfied: h11>=0.16 in /scratch/llm_inference/venv/lib/python3.12/site-packages (from httpcore==1.*->httpx<1,>=0.23.0->huggingface-hub<2.0,>=1.5.0->transformers==5.5.1->-r /scratch/llama.cpp/requirements/requirements-convert_legacy_llama.txt (line 4)) (0.16.0)

Requirement already satisfied: requests>=2.25 in /scratch/llm_inference/venv/lib/python3.12/site-packages (from gguf>=0.1.0->-r /scratch/llama.cpp/requirements/requirements-convert_legacy_llama.txt (line 6)) (2.32.5)

Requirement already satisfied: charset_normalizer<4,>=2 in /scratch/llm_inference/venv/lib/python3.12/site-packages (from requests>=2.25->gguf>=0.1.0->-r /scratch/llama.cpp/requirements/requirements-convert_legacy_llama.txt (line 6)) (3.4.7)

Requirement already satisfied: urllib3<3,>=1.21.1 in /scratch/llm_inference/venv/lib/python3.12/site-packages (from requests>=2.25->gguf>=0.1.0->-r /scratch/llama.cpp/requirements/requirements-convert_legacy_llama.txt (line 6)) (2.7.0)

Requirement already satisfied: click>=8.2.1 in /scratch/llm_inference/venv/lib/python3.12/site-packages (from typer->transformers==5.5.1->-r /scratch/llama.cpp/requirements/requirements-convert_legacy_llama.txt (line 4)) (8.4.0)

Requirement already satisfied: shellingham>=1.3.0 in /scratch/llm_inference/venv/lib/python3.12/site-packages (from typer->transformers==5.5.1->-r /scratch/llama.cpp/requirements/requirements-convert_legacy_llama.txt (line 4)) (1.5.4)

Requirement already satisfied: rich>=12.3.0 in /scratch/llm_inference/venv/lib/python3.12/site-packages (from typer->transformers==5.5.1->-r /scratch/llama.cpp/requirements/requirements-convert_legacy_llama.txt (line 4)) (15.0.0)

Requirement already satisfied: annotated-doc>=0.0.2 in /scratch/llm_inference/venv/lib/python3.12/site-packages (from typer->transformers==5.5.1->-r /scratch/llama.cpp/requirements/requirements-convert_legacy_llama.txt (line 4)) (0.0.4)

Requirement already satisfied: markdown-it-py>=2.2.0 in /scratch/llm_inference/venv/lib/python3.12/site-packages (from rich>=12.3.0->typer->transformers==5.5.1->-r /scratch/llama.cpp/requirements/requirements-convert_legacy_llama.txt (line 4)) (4.2.0)

Requirement already satisfied: pygments<3.0.0,>=2.13.0 in /scratch/llm_inference/venv/lib/python3.12/site-packages (from rich>=12.3.0->typer->transformers==5.5.1->-r /scratch/llama.cpp/requirements/requirements-convert_legacy_llama.txt (line 4)) (2.20.0)

Requirement already satisfied: mdurl~=0.1 in /scratch/llm_inference/venv/lib/python3.12/site-packages (from markdown-it-py>=2.2.0->rich>=12.3.0->typer->transformers==5.5.1->-r /scratch/llama.cpp/requirements/requirements-convert_legacy_llama.txt (line 4)) (0.1.2)

Looking in links: /home/leesihun/home_dir/GPU_server_downloads/wheels/inference, /home/leesihun/home_dir/GPU_server_downloads/wheels/llamacpp

Requirement already satisfied: numpy~=1.26.4 in /scratch/llm_inference/venv/lib/python3.12/site-packages (from -r /scratch/llama.cpp/requirements/requirements-convert_legacy_llama.txt (line 1)) (1.26.4)

Requirement already satisfied: sentencepiece<0.3.0,>=0.1.98 in /scratch/llm_inference/venv/lib/python3.12/site-packages (from -r /scratch/llama.cpp/requirements/requirements-convert_legacy_llama.txt (line 2)) (0.2.1)

Requirement already satisfied: transformers==5.5.1 in /scratch/llm_inference/venv/lib/python3.12/site-packages (from -r /scratch/llama.cpp/requirements/requirements-convert_legacy_llama.txt (line 4)) (5.5.1)

Requirement already satisfied: gguf>=0.1.0 in /scratch/llm_inference/venv/lib/python3.12/site-packages (from -r /scratch/llama.cpp/requirements/requirements-convert_legacy_llama.txt (line 6)) (0.19.0)

Requirement already satisfied: protobuf<5.0.0,>=4.21.0 in /scratch/llm_inference/venv/lib/python3.12/site-packages (from -r /scratch/llama.cpp/requirements/requirements-convert_legacy_llama.txt (line 7)) (4.25.9)

Requirement already satisfied: huggingface-hub<2.0,>=1.5.0 in /scratch/llm_inference/venv/lib/python3.12/site-packages (from transformers==5.5.1->-r /scratch/llama.cpp/requirements/requirements-convert_legacy_llama.txt (line 4)) (1.15.0)

Requirement already satisfied: packaging>=20.0 in /scratch/llm_inference/venv/lib/python3.12/site-packages (from transformers==5.5.1->-r /scratch/llama.cpp/requirements/requirements-convert_legacy_llama.txt (line 4)) (26.2)

Requirement already satisfied: pyyaml>=5.1 in /scratch/llm_inference/venv/lib/python3.12/site-packages (from transformers==5.5.1->-r /scratch/llama.cpp/requirements/requirements-convert_legacy_llama.txt (line 4)) (6.0.3)

Requirement already satisfied: regex>=2025.10.22 in /scratch/llm_inference/venv/lib/python3.12/site-packages (from transformers==5.5.1->-r /scratch/llama.cpp/requirements/requirements-convert_legacy_llama.txt (line 4)) (2026.5.9)

Requirement already satisfied: tokenizers<=0.23.0,>=0.22.0 in /scratch/llm_inference/venv/lib/python3.12/site-packages (from transformers==5.5.1->-r /scratch/llama.cpp/requirements/requirements-convert_legacy_llama.txt (line 4)) (0.22.2)

Requirement already satisfied: typer in /scratch/llm_inference/venv/lib/python3.12/site-packages (from transformers==5.5.1->-r /scratch/llama.cpp/requirements/requirements-convert_legacy_llama.txt (line 4)) (0.24.2)

Requirement already satisfied: safetensors>=0.4.3 in /scratch/llm_inference/venv/lib/python3.12/site-packages (from transformers==5.5.1->-r /scratch/llama.cpp/requirements/requirements-convert_legacy_llama.txt (line 4)) (0.7.0)

Requirement already satisfied: tqdm>=4.27 in /scratch/llm_inference/venv/lib/python3.12/site-packages (from transformers==5.5.1->-r /scratch/llama.cpp/requirements/requirements-convert_legacy_llama.txt (line 4)) (4.67.3)

Requirement already satisfied: filelock>=3.10.0 in /scratch/llm_inference/venv/lib/python3.12/site-packages (from huggingface-hub<2.0,>=1.5.0->transformers==5.5.1->-r /scratch/llama.cpp/requirements/requirements-convert_legacy_llama.txt (line 4)) (3.29.0)

Requirement already satisfied: fsspec>=2023.5.0 in /scratch/llm_inference/venv/lib/python3.12/site-packages (from huggingface-hub<2.0,>=1.5.0->transformers==5.5.1->-r /scratch/llama.cpp/requirements/requirements-convert_legacy_llama.txt (line 4)) (2024.9.0)

Requirement already satisfied: hf-xet<2.0.0,>=1.4.3 in /scratch/llm_inference/venv/lib/python3.12/site-packages (from huggingface-hub<2.0,>=1.5.0->transformers==5.5.1->-r /scratch/llama.cpp/requirements/requirements-convert_legacy_llama.txt (line 4)) (1.5.0)

Requirement already satisfied: httpx<1,>=0.23.0 in /scratch/llm_inference/venv/lib/python3.12/site-packages (from huggingface-hub<2.0,>=1.5.0->transformers==5.5.1->-r /scratch/llama.cpp/requirements/requirements-convert_legacy_llama.txt (line 4)) (0.28.1)

Requirement already satisfied: typing-extensions>=4.1.0 in /scratch/llm_inference/venv/lib/python3.12/site-packages (from huggingface-hub<2.0,>=1.5.0->transformers==5.5.1->-r /scratch/llama.cpp/requirements/requirements-convert_legacy_llama.txt (line 4)) (4.15.0)

Requirement already satisfied: anyio in /scratch/llm_inference/venv/lib/python3.12/site-packages (from httpx<1,>=0.23.0->huggingface-hub<2.0,>=1.5.0->transformers==5.5.1->-r /scratch/llama.cpp/requirements/requirements-convert_legacy_llama.txt (line 4)) (4.13.0)

Requirement already satisfied: certifi in /scratch/llm_inference/venv/lib/python3.12/site-packages (from httpx<1,>=0.23.0->huggingface-hub<2.0,>=1.5.0->transformers==5.5.1->-r /scratch/llama.cpp/requirements/requirements-convert_legacy_llama.txt (line 4)) (2026.4.22)

Requirement already satisfied: httpcore==1.* in /scratch/llm_inference/venv/lib/python3.12/site-packages (from httpx<1,>=0.23.0->huggingface-hub<2.0,>=1.5.0->transformers==5.5.1->-r /scratch/llama.cpp/requirements/requirements-convert_legacy_llama.txt (line 4)) (1.0.9)

Requirement already satisfied: idna in /scratch/llm_inference/venv/lib/python3.12/site-packages (from httpx<1,>=0.23.0->huggingface-hub<2.0,>=1.5.0->transformers==5.5.1->-r /scratch/llama.cpp/requirements/requirements-convert_legacy_llama.txt (line 4)) (3.15)

Requirement already satisfied: h11>=0.16 in /scratch/llm_inference/venv/lib/python3.12/site-packages (from httpcore==1.*->httpx<1,>=0.23.0->huggingface-hub<2.0,>=1.5.0->transformers==5.5.1->-r /scratch/llama.cpp/requirements/requirements-convert_legacy_llama.txt (line 4)) (0.16.0)

Requirement already satisfied: requests>=2.25 in /scratch/llm_inference/venv/lib/python3.12/site-packages (from gguf>=0.1.0->-r /scratch/llama.cpp/requirements/requirements-convert_legacy_llama.txt (line 6)) (2.32.5)

Requirement already satisfied: charset_normalizer<4,>=2 in /scratch/llm_inference/venv/lib/python3.12/site-packages (from requests>=2.25->gguf>=0.1.0->-r /scratch/llama.cpp/requirements/requirements-convert_legacy_llama.txt (line 6)) (3.4.7)

Requirement already satisfied: urllib3<3,>=1.21.1 in /scratch/llm_inference/venv/lib/python3.12/site-packages (from requests>=2.25->gguf>=0.1.0->-r /scratch/llama.cpp/requirements/requirements-convert_legacy_llama.txt (line 6)) (2.7.0)

Requirement already satisfied: click>=8.2.1 in /scratch/llm_inference/venv/lib/python3.12/site-packages (from typer->transformers==5.5.1->-r /scratch/llama.cpp/requirements/requirements-convert_legacy_llama.txt (line 4)) (8.4.0)

Requirement already satisfied: shellingham>=1.3.0 in /scratch/llm_inference/venv/lib/python3.12/site-packages (from typer->transformers==5.5.1->-r /scratch/llama.cpp/requirements/requirements-convert_legacy_llama.txt (line 4)) (1.5.4)

Requirement already satisfied: rich>=12.3.0 in /scratch/llm_inference/venv/lib/python3.12/site-packages (from typer->transformers==5.5.1->-r /scratch/llama.cpp/requirements/requirements-convert_legacy_llama.txt (line 4)) (15.0.0)

Requirement already satisfied: annotated-doc>=0.0.2 in /scratch/llm_inference/venv/lib/python3.12/site-packages (from typer->transformers==5.5.1->-r /scratch/llama.cpp/requirements/requirements-convert_legacy_llama.txt (line 4)) (0.0.4)

Requirement already satisfied: markdown-it-py>=2.2.0 in /scratch/llm_inference/venv/lib/python3.12/site-packages (from rich>=12.3.0->typer->transformers==5.5.1->-r /scratch/llama.cpp/requirements/requirements-convert_legacy_llama.txt (line 4)) (4.2.0)

Requirement already satisfied: pygments<3.0.0,>=2.13.0 in /scratch/llm_inference/venv/lib/python3.12/site-packages (from rich>=12.3.0->typer->transformers==5.5.1->-r /scratch/llama.cpp/requirements/requirements-convert_legacy_llama.txt (line 4)) (2.20.0)

Requirement already satisfied: mdurl~=0.1 in /scratch/llm_inference/venv/lib/python3.12/site-packages (from markdown-it-py>=2.2.0->rich>=12.3.0->typer->transformers==5.5.1->-r /scratch/llama.cpp/requirements/requirements-convert_legacy_llama.txt (line 4)) (0.1.2)

Looking in links: /home/leesihun/home_dir/GPU_server_downloads/wheels/inference, /home/leesihun/home_dir/GPU_server_downloads/wheels/llamacpp

Ignoring torch: markers 'platform_machine == "s390x"' don't match your environment

Requirement already satisfied: numpy~=1.26.4 in /scratch/llm_inference/venv/lib/python3.12/site-packages (from -r /scratch/llama.cpp/requirements/requirements-convert_legacy_llama.txt (line 1)) (1.26.4)

Requirement already satisfied: sentencepiece<0.3.0,>=0.1.98 in /scratch/llm_inference/venv/lib/python3.12/site-packages (from -r /scratch/llama.cpp/requirements/requirements-convert_legacy_llama.txt (line 2)) (0.2.1)

Requirement already satisfied: transformers==5.5.1 in /scratch/llm_inference/venv/lib/python3.12/site-packages (from -r /scratch/llama.cpp/requirements/requirements-convert_legacy_llama.txt (line 4)) (5.5.1)

Requirement already satisfied: gguf>=0.1.0 in /scratch/llm_inference/venv/lib/python3.12/site-packages (from -r /scratch/llama.cpp/requirements/requirements-convert_legacy_llama.txt (line 6)) (0.19.0)

Requirement already satisfied: protobuf<5.0.0,>=4.21.0 in /scratch/llm_inference/venv/lib/python3.12/site-packages (from -r /scratch/llama.cpp/requirements/requirements-convert_legacy_llama.txt (line 7)) (4.25.9)

Requirement already satisfied: torch~=2.6.0 in /scratch/llm_inference/venv/lib/python3.12/site-packages (from -r /scratch/llama.cpp/requirements/requirements-convert_hf_to_gguf.txt (line 5)) (2.6.0+cpu)

Requirement already satisfied: huggingface-hub<2.0,>=1.5.0 in /scratch/llm_inference/venv/lib/python3.12/site-packages (from transformers==5.5.1->-r /scratch/llama.cpp/requirements/requirements-convert_legacy_llama.txt (line 4)) (1.15.0)

Requirement already satisfied: packaging>=20.0 in /scratch/llm_inference/venv/lib/python3.12/site-packages (from transformers==5.5.1->-r /scratch/llama.cpp/requirements/requirements-convert_legacy_llama.txt (line 4)) (26.2)

Requirement already satisfied: pyyaml>=5.1 in /scratch/llm_inference/venv/lib/python3.12/site-packages (from transformers==5.5.1->-r /scratch/llama.cpp/requirements/requirements-convert_legacy_llama.txt (line 4)) (6.0.3)

Requirement already satisfied: regex>=2025.10.22 in /scratch/llm_inference/venv/lib/python3.12/site-packages (from transformers==5.5.1->-r /scratch/llama.cpp/requirements/requirements-convert_legacy_llama.txt (line 4)) (2026.5.9)

Requirement already satisfied: tokenizers<=0.23.0,>=0.22.0 in /scratch/llm_inference/venv/lib/python3.12/site-packages (from transformers==5.5.1->-r /scratch/llama.cpp/requirements/requirements-convert_legacy_llama.txt (line 4)) (0.22.2)

Requirement already satisfied: typer in /scratch/llm_inference/venv/lib/python3.12/site-packages (from transformers==5.5.1->-r /scratch/llama.cpp/requirements/requirements-convert_legacy_llama.txt (line 4)) (0.24.2)

Requirement already satisfied: safetensors>=0.4.3 in /scratch/llm_inference/venv/lib/python3.12/site-packages (from transformers==5.5.1->-r /scratch/llama.cpp/requirements/requirements-convert_legacy_llama.txt (line 4)) (0.7.0)

Requirement already satisfied: tqdm>=4.27 in /scratch/llm_inference/venv/lib/python3.12/site-packages (from transformers==5.5.1->-r /scratch/llama.cpp/requirements/requirements-convert_legacy_llama.txt (line 4)) (4.67.3)

Requirement already satisfied: filelock in /scratch/llm_inference/venv/lib/python3.12/site-packages (from torch~=2.6.0->-r /scratch/llama.cpp/requirements/requirements-convert_hf_to_gguf.txt (line 5)) (3.29.0)

Requirement already satisfied: typing-extensions>=4.10.0 in /scratch/llm_inference/venv/lib/python3.12/site-packages (from torch~=2.6.0->-r /scratch/llama.cpp/requirements/requirements-convert_hf_to_gguf.txt (line 5)) (4.15.0)

Requirement already satisfied: networkx in /scratch/llm_inference/venv/lib/python3.12/site-packages (from torch~=2.6.0->-r /scratch/llama.cpp/requirements/requirements-convert_hf_to_gguf.txt (line 5)) (3.6.1)

Requirement already satisfied: jinja2 in /scratch/llm_inference/venv/lib/python3.12/site-packages (from torch~=2.6.0->-r /scratch/llama.cpp/requirements/requirements-convert_hf_to_gguf.txt (line 5)) (3.1.6)

Requirement already satisfied: fsspec in /scratch/llm_inference/venv/lib/python3.12/site-packages (from torch~=2.6.0->-r /scratch/llama.cpp/requirements/requirements-convert_hf_to_gguf.txt (line 5)) (2024.9.0)

Requirement already satisfied: setuptools in /scratch/llm_inference/venv/lib/python3.12/site-packages (from torch~=2.6.0->-r /scratch/llama.cpp/requirements/requirements-convert_hf_to_gguf.txt (line 5)) (80.10.2)

Requirement already satisfied: sympy==1.13.1 in /scratch/llm_inference/venv/lib/python3.12/site-packages (from torch~=2.6.0->-r /scratch/llama.cpp/requirements/requirements-convert_hf_to_gguf.txt (line 5)) (1.13.1)

Requirement already satisfied: mpmath<1.4,>=1.1.0 in /scratch/llm_inference/venv/lib/python3.12/site-packages (from sympy==1.13.1->torch~=2.6.0->-r /scratch/llama.cpp/requirements/requirements-convert_hf_to_gguf.txt (line 5)) (1.3.0)

Requirement already satisfied: hf-xet<2.0.0,>=1.4.3 in /scratch/llm_inference/venv/lib/python3.12/site-packages (from huggingface-hub<2.0,>=1.5.0->transformers==5.5.1->-r /scratch/llama.cpp/requirements/requirements-convert_legacy_llama.txt (line 4)) (1.5.0)

Requirement already satisfied: httpx<1,>=0.23.0 in /scratch/llm_inference/venv/lib/python3.12/site-packages (from huggingface-hub<2.0,>=1.5.0->transformers==5.5.1->-r /scratch/llama.cpp/requirements/requirements-convert_legacy_llama.txt (line 4)) (0.28.1)

Requirement already satisfied: anyio in /scratch/llm_inference/venv/lib/python3.12/site-packages (from httpx<1,>=0.23.0->huggingface-hub<2.0,>=1.5.0->transformers==5.5.1->-r /scratch/llama.cpp/requirements/requirements-convert_legacy_llama.txt (line 4)) (4.13.0)

Requirement already satisfied: certifi in /scratch/llm_inference/venv/lib/python3.12/site-packages (from httpx<1,>=0.23.0->huggingface-hub<2.0,>=1.5.0->transformers==5.5.1->-r /scratch/llama.cpp/requirements/requirements-convert_legacy_llama.txt (line 4)) (2026.4.22)

Requirement already satisfied: httpcore==1.* in /scratch/llm_inference/venv/lib/python3.12/site-packages (from httpx<1,>=0.23.0->huggingface-hub<2.0,>=1.5.0->transformers==5.5.1->-r /scratch/llama.cpp/requirements/requirements-convert_legacy_llama.txt (line 4)) (1.0.9)

Requirement already satisfied: idna in /scratch/llm_inference/venv/lib/python3.12/site-packages (from httpx<1,>=0.23.0->huggingface-hub<2.0,>=1.5.0->transformers==5.5.1->-r /scratch/llama.cpp/requirements/requirements-convert_legacy_llama.txt (line 4)) (3.15)

Requirement already satisfied: h11>=0.16 in /scratch/llm_inference/venv/lib/python3.12/site-packages (from httpcore==1.*->httpx<1,>=0.23.0->huggingface-hub<2.0,>=1.5.0->transformers==5.5.1->-r /scratch/llama.cpp/requirements/requirements-convert_legacy_llama.txt (line 4)) (0.16.0)

Requirement already satisfied: requests>=2.25 in /scratch/llm_inference/venv/lib/python3.12/site-packages (from gguf>=0.1.0->-r /scratch/llama.cpp/requirements/requirements-convert_legacy_llama.txt (line 6)) (2.32.5)

Requirement already satisfied: charset_normalizer<4,>=2 in /scratch/llm_inference/venv/lib/python3.12/site-packages (from requests>=2.25->gguf>=0.1.0->-r /scratch/llama.cpp/requirements/requirements-convert_legacy_llama.txt (line 6)) (3.4.7)

Requirement already satisfied: urllib3<3,>=1.21.1 in /scratch/llm_inference/venv/lib/python3.12/site-packages (from requests>=2.25->gguf>=0.1.0->-r /scratch/llama.cpp/requirements/requirements-convert_legacy_llama.txt (line 6)) (2.7.0)

Requirement already satisfied: click>=8.2.1 in /scratch/llm_inference/venv/lib/python3.12/site-packages (from typer->transformers==5.5.1->-r /scratch/llama.cpp/requirements/requirements-convert_legacy_llama.txt (line 4)) (8.4.0)

Requirement already satisfied: shellingham>=1.3.0 in /scratch/llm_inference/venv/lib/python3.12/site-packages (from typer->transformers==5.5.1->-r /scratch/llama.cpp/requirements/requirements-convert_legacy_llama.txt (line 4)) (1.5.4)

Requirement already satisfied: rich>=12.3.0 in /scratch/llm_inference/venv/lib/python3.12/site-packages (from typer->transformers==5.5.1->-r /scratch/llama.cpp/requirements/requirements-convert_legacy_llama.txt (line 4)) (15.0.0)

Requirement already satisfied: annotated-doc>=0.0.2 in /scratch/llm_inference/venv/lib/python3.12/site-packages (from typer->transformers==5.5.1->-r /scratch/llama.cpp/requirements/requirements-convert_legacy_llama.txt (line 4)) (0.0.4)

Requirement already satisfied: markdown-it-py>=2.2.0 in /scratch/llm_inference/venv/lib/python3.12/site-packages (from rich>=12.3.0->typer->transformers==5.5.1->-r /scratch/llama.cpp/requirements/requirements-convert_legacy_llama.txt (line 4)) (4.2.0)

Requirement already satisfied: pygments<3.0.0,>=2.13.0 in /scratch/llm_inference/venv/lib/python3.12/site-packages (from rich>=12.3.0->typer->transformers==5.5.1->-r /scratch/llama.cpp/requirements/requirements-convert_legacy_llama.txt (line 4)) (2.20.0)

Requirement already satisfied: mdurl~=0.1 in /scratch/llm_inference/venv/lib/python3.12/site-packages (from markdown-it-py>=2.2.0->rich>=12.3.0->typer->transformers==5.5.1->-r /scratch/llama.cpp/requirements/requirements-convert_legacy_llama.txt (line 4)) (0.1.2)

Requirement already satisfied: MarkupSafe>=2.0 in /scratch/llm_inference/venv/lib/python3.12/site-packages (from jinja2->torch~=2.6.0->-r /scratch/llama.cpp/requirements/requirements-convert_hf_to_gguf.txt (line 5)) (3.0.3)

Looking in links: /home/leesihun/home_dir/GPU_server_downloads/wheels/inference, /home/leesihun/home_dir/GPU_server_downloads/wheels/llamacpp

Requirement already satisfied: numpy~=1.26.4 in /scratch/llm_inference/venv/lib/python3.12/site-packages (from -r /scratch/llama.cpp/requirements/requirements-gguf_editor_gui.txt (line 1)) (1.26.4)

Requirement already satisfied: PySide6~=6.9.0 in /scratch/llm_inference/venv/lib/python3.12/site-packages (from -r /scratch/llama.cpp/requirements/requirements-gguf_editor_gui.txt (line 2)) (6.9.3)

Requirement already satisfied: gguf>=0.17.0 in /scratch/llm_inference/venv/lib/python3.12/site-packages (from -r /scratch/llama.cpp/requirements/requirements-gguf_editor_gui.txt (line 3)) (0.19.0)

Requirement already satisfied: shiboken6==6.9.3 in /scratch/llm_inference/venv/lib/python3.12/site-packages (from PySide6~=6.9.0->-r /scratch/llama.cpp/requirements/requirements-gguf_editor_gui.txt (line 2)) (6.9.3)

Requirement already satisfied: PySide6_Essentials==6.9.3 in /scratch/llm_inference/venv/lib/python3.12/site-packages (from PySide6~=6.9.0->-r /scratch/llama.cpp/requirements/requirements-gguf_editor_gui.txt (line 2)) (6.9.3)

Requirement already satisfied: PySide6_Addons==6.9.3 in /scratch/llm_inference/venv/lib/python3.12/site-packages (from PySide6~=6.9.0->-r /scratch/llama.cpp/requirements/requirements-gguf_editor_gui.txt (line 2)) (6.9.3)

Requirement already satisfied: pyyaml>=5.1 in /scratch/llm_inference/venv/lib/python3.12/site-packages (from gguf>=0.17.0->-r /scratch/llama.cpp/requirements/requirements-gguf_editor_gui.txt (line 3)) (6.0.3)

Requirement already satisfied: requests>=2.25 in /scratch/llm_inference/venv/lib/python3.12/site-packages (from gguf>=0.17.0->-r /scratch/llama.cpp/requirements/requirements-gguf_editor_gui.txt (line 3)) (2.32.5)

Requirement already satisfied: tqdm>=4.27 in /scratch/llm_inference/venv/lib/python3.12/site-packages (from gguf>=0.17.0->-r /scratch/llama.cpp/requirements/requirements-gguf_editor_gui.txt (line 3)) (4.67.3)

Requirement already satisfied: charset_normalizer<4,>=2 in /scratch/llm_inference/venv/lib/python3.12/site-packages (from requests>=2.25->gguf>=0.17.0->-r /scratch/llama.cpp/requirements/requirements-gguf_editor_gui.txt (line 3)) (3.4.7)

Requirement already satisfied: idna<4,>=2.5 in /scratch/llm_inference/venv/lib/python3.12/site-packages (from requests>=2.25->gguf>=0.17.0->-r /scratch/llama.cpp/requirements/requirements-gguf_editor_gui.txt (line 3)) (3.15)

Requirement already satisfied: urllib3<3,>=1.21.1 in /scratch/llm_inference/venv/lib/python3.12/site-packages (from requests>=2.25->gguf>=0.17.0->-r /scratch/llama.cpp/requirements/requirements-gguf_editor_gui.txt (line 3)) (2.7.0)

Requirement already satisfied: certifi>=2017.4.17 in /scratch/llm_inference/venv/lib/python3.12/site-packages (from requests>=2.25->gguf>=0.17.0->-r /scratch/llama.cpp/requirements/requirements-gguf_editor_gui.txt (line 3)) (2026.4.22)

Looking in links: /home/leesihun/home_dir/GPU_server_downloads/wheels/inference, /home/leesihun/home_dir/GPU_server_downloads/wheels/llamacpp

Requirement already satisfied: docstring_parser~=0.15 in /scratch/llm_inference/venv/lib/python3.12/site-packages (from -r /scratch/llama.cpp/requirements/requirements-pydantic.txt (line 1)) (0.18.0)

Requirement already satisfied: pydantic~=2.11.7 in /scratch/llm_inference/venv/lib/python3.12/site-packages (from -r /scratch/llama.cpp/requirements/requirements-pydantic.txt (line 2)) (2.11.10)

Requirement already satisfied: requests~=2.32.3 in /scratch/llm_inference/venv/lib/python3.12/site-packages (from -r /scratch/llama.cpp/requirements/requirements-pydantic.txt (line 3)) (2.32.5)

Requirement already satisfied: annotated-types>=0.6.0 in /scratch/llm_inference/venv/lib/python3.12/site-packages (from pydantic~=2.11.7->-r /scratch/llama.cpp/requirements/requirements-pydantic.txt (line 2)) (0.7.0)

Requirement already satisfied: pydantic-core==2.33.2 in /scratch/llm_inference/venv/lib/python3.12/site-packages (from pydantic~=2.11.7->-r /scratch/llama.cpp/requirements/requirements-pydantic.txt (line 2)) (2.33.2)

Requirement already satisfied: typing-extensions>=4.12.2 in /scratch/llm_inference/venv/lib/python3.12/site-packages (from pydantic~=2.11.7->-r /scratch/llama.cpp/requirements/requirements-pydantic.txt (line 2)) (4.15.0)

Requirement already satisfied: typing-inspection>=0.4.0 in /scratch/llm_inference/venv/lib/python3.12/site-packages (from pydantic~=2.11.7->-r /scratch/llama.cpp/requirements/requirements-pydantic.txt (line 2)) (0.4.2)

Requirement already satisfied: charset_normalizer<4,>=2 in /scratch/llm_inference/venv/lib/python3.12/site-packages (from requests~=2.32.3->-r /scratch/llama.cpp/requirements/requirements-pydantic.txt (line 3)) (3.4.7)

Requirement already satisfied: idna<4,>=2.5 in /scratch/llm_inference/venv/lib/python3.12/site-packages (from requests~=2.32.3->-r /scratch/llama.cpp/requirements/requirements-pydantic.txt (line 3)) (3.15)

Requirement already satisfied: urllib3<3,>=1.21.1 in /scratch/llm_inference/venv/lib/python3.12/site-packages (from requests~=2.32.3->-r /scratch/llama.cpp/requirements/requirements-pydantic.txt (line 3)) (2.7.0)

Requirement already satisfied: certifi>=2017.4.17 in /scratch/llm_inference/venv/lib/python3.12/site-packages (from requests~=2.32.3->-r /scratch/llama.cpp/requirements/requirements-pydantic.txt (line 3)) (2026.4.22)

Looking in links: /home/leesihun/home_dir/GPU_server_downloads/wheels/inference, /home/leesihun/home_dir/GPU_server_downloads/wheels/llamacpp

Requirement already satisfied: datasets~=3.2.0 in /scratch/llm_inference/venv/lib/python3.12/site-packages (from -r /scratch/llama.cpp/requirements/requirements-server-bench.txt (line 1)) (3.2.0)

Requirement already satisfied: matplotlib~=3.10.0 in /scratch/llm_inference/venv/lib/python3.12/site-packages (from -r /scratch/llama.cpp/requirements/requirements-server-bench.txt (line 2)) (3.10.9)

Requirement already satisfied: numpy~=1.26.4 in /scratch/llm_inference/venv/lib/python3.12/site-packages (from -r /scratch/llama.cpp/requirements/requirements-server-bench.txt (line 3)) (1.26.4)

Requirement already satisfied: requests~=2.32.3 in /scratch/llm_inference/venv/lib/python3.12/site-packages (from -r /scratch/llama.cpp/requirements/requirements-server-bench.txt (line 4)) (2.32.5)

Requirement already satisfied: tqdm~=4.67.1 in /scratch/llm_inference/venv/lib/python3.12/site-packages (from -r /scratch/llama.cpp/requirements/requirements-server-bench.txt (line 5)) (4.67.3)

Requirement already satisfied: filelock in /scratch/llm_inference/venv/lib/python3.12/site-packages (from datasets~=3.2.0->-r /scratch/llama.cpp/requirements/requirements-server-bench.txt (line 1)) (3.29.0)

Requirement already satisfied: pyarrow>=15.0.0 in /scratch/llm_inference/venv/lib/python3.12/site-packages (from datasets~=3.2.0->-r /scratch/llama.cpp/requirements/requirements-server-bench.txt (line 1)) (24.0.0)

Requirement already satisfied: dill<0.3.9,>=0.3.0 in /scratch/llm_inference/venv/lib/python3.12/site-packages (from datasets~=3.2.0->-r /scratch/llama.cpp/requirements/requirements-server-bench.txt (line 1)) (0.3.8)

Requirement already satisfied: pandas in /scratch/llm_inference/venv/lib/python3.12/site-packages (from datasets~=3.2.0->-r /scratch/llama.cpp/requirements/requirements-server-bench.txt (line 1)) (2.2.3)

Requirement already satisfied: xxhash in /scratch/llm_inference/venv/lib/python3.12/site-packages (from datasets~=3.2.0->-r /scratch/llama.cpp/requirements/requirements-server-bench.txt (line 1)) (3.7.0)

Requirement already satisfied: multiprocess<0.70.17 in /scratch/llm_inference/venv/lib/python3.12/site-packages (from datasets~=3.2.0->-r /scratch/llama.cpp/requirements/requirements-server-bench.txt (line 1)) (0.70.16)

Requirement already satisfied: fsspec<=2024.9.0,>=2023.1.0 in /scratch/llm_inference/venv/lib/python3.12/site-packages (from fsspec[http]<=2024.9.0,>=2023.1.0->datasets~=3.2.0->-r /scratch/llama.cpp/requirements/requirements-server-bench.txt (line 1)) (2024.9.0)

Requirement already satisfied: aiohttp in /scratch/llm_inference/venv/lib/python3.12/site-packages (from datasets~=3.2.0->-r /scratch/llama.cpp/requirements/requirements-server-bench.txt (line 1)) (3.9.5)

Requirement already satisfied: huggingface-hub>=0.23.0 in /scratch/llm_inference/venv/lib/python3.12/site-packages (from datasets~=3.2.0->-r /scratch/llama.cpp/requirements/requirements-server-bench.txt (line 1)) (1.15.0)

Requirement already satisfied: packaging in /scratch/llm_inference/venv/lib/python3.12/site-packages (from datasets~=3.2.0->-r /scratch/llama.cpp/requirements/requirements-server-bench.txt (line 1)) (26.2)

Requirement already satisfied: pyyaml>=5.1 in /scratch/llm_inference/venv/lib/python3.12/site-packages (from datasets~=3.2.0->-r /scratch/llama.cpp/requirements/requirements-server-bench.txt (line 1)) (6.0.3)

Requirement already satisfied: contourpy>=1.0.1 in /scratch/llm_inference/venv/lib/python3.12/site-packages (from matplotlib~=3.10.0->-r /scratch/llama.cpp/requirements/requirements-server-bench.txt (line 2)) (1.3.3)

Requirement already satisfied: cycler>=0.10 in /scratch/llm_inference/venv/lib/python3.12/site-packages (from matplotlib~=3.10.0->-r /scratch/llama.cpp/requirements/requirements-server-bench.txt (line 2)) (0.12.1)

Requirement already satisfied: fonttools>=4.22.0 in /scratch/llm_inference/venv/lib/python3.12/site-packages (from matplotlib~=3.10.0->-r /scratch/llama.cpp/requirements/requirements-server-bench.txt (line 2)) (4.63.0)

Requirement already satisfied: kiwisolver>=1.3.1 in /scratch/llm_inference/venv/lib/python3.12/site-packages (from matplotlib~=3.10.0->-r /scratch/llama.cpp/requirements/requirements-server-bench.txt (line 2)) (1.5.0)

Requirement already satisfied: pillow>=8 in /scratch/llm_inference/venv/lib/python3.12/site-packages (from matplotlib~=3.10.0->-r /scratch/llama.cpp/requirements/requirements-server-bench.txt (line 2)) (11.3.0)

Requirement already satisfied: pyparsing>=3 in /scratch/llm_inference/venv/lib/python3.12/site-packages (from matplotlib~=3.10.0->-r /scratch/llama.cpp/requirements/requirements-server-bench.txt (line 2)) (3.3.2)

Requirement already satisfied: python-dateutil>=2.7 in /scratch/llm_inference/venv/lib/python3.12/site-packages (from matplotlib~=3.10.0->-r /scratch/llama.cpp/requirements/requirements-server-bench.txt (line 2)) (2.9.0.post0)

Requirement already satisfied: charset_normalizer<4,>=2 in /scratch/llm_inference/venv/lib/python3.12/site-packages (from requests~=2.32.3->-r /scratch/llama.cpp/requirements/requirements-server-bench.txt (line 4)) (3.4.7)

Requirement already satisfied: idna<4,>=2.5 in /scratch/llm_inference/venv/lib/python3.12/site-packages (from requests~=2.32.3->-r /scratch/llama.cpp/requirements/requirements-server-bench.txt (line 4)) (3.15)

Requirement already satisfied: urllib3<3,>=1.21.1 in /scratch/llm_inference/venv/lib/python3.12/site-packages (from requests~=2.32.3->-r /scratch/llama.cpp/requirements/requirements-server-bench.txt (line 4)) (2.7.0)

Requirement already satisfied: certifi>=2017.4.17 in /scratch/llm_inference/venv/lib/python3.12/site-packages (from requests~=2.32.3->-r /scratch/llama.cpp/requirements/requirements-server-bench.txt (line 4)) (2026.4.22)

Requirement already satisfied: aiosignal>=1.1.2 in /scratch/llm_inference/venv/lib/python3.12/site-packages (from aiohttp->datasets~=3.2.0->-r /scratch/llama.cpp/requirements/requirements-server-bench.txt (line 1)) (1.4.0)

Requirement already satisfied: attrs>=17.3.0 in /scratch/llm_inference/venv/lib/python3.12/site-packages (from aiohttp->datasets~=3.2.0->-r /scratch/llama.cpp/requirements/requirements-server-bench.txt (line 1)) (26.1.0)

Requirement already satisfied: frozenlist>=1.1.1 in /scratch/llm_inference/venv/lib/python3.12/site-packages (from aiohttp->datasets~=3.2.0->-r /scratch/llama.cpp/requirements/requirements-server-bench.txt (line 1)) (1.8.0)

Requirement already satisfied: multidict<7.0,>=4.5 in /scratch/llm_inference/venv/lib/python3.12/site-packages (from aiohttp->datasets~=3.2.0->-r /scratch/llama.cpp/requirements/requirements-server-bench.txt (line 1)) (6.7.1)

Requirement already satisfied: yarl<2.0,>=1.0 in /scratch/llm_inference/venv/lib/python3.12/site-packages (from aiohttp->datasets~=3.2.0->-r /scratch/llama.cpp/requirements/requirements-server-bench.txt (line 1)) (1.23.0)

Requirement already satisfied: propcache>=0.2.1 in /scratch/llm_inference/venv/lib/python3.12/site-packages (from yarl<2.0,>=1.0->aiohttp->datasets~=3.2.0->-r /scratch/llama.cpp/requirements/requirements-server-bench.txt (line 1)) (0.5.2)

Requirement already satisfied: typing-extensions>=4.2 in /scratch/llm_inference/venv/lib/python3.12/site-packages (from aiosignal>=1.1.2->aiohttp->datasets~=3.2.0->-r /scratch/llama.cpp/requirements/requirements-server-bench.txt (line 1)) (4.15.0)

Requirement already satisfied: hf-xet<2.0.0,>=1.4.3 in /scratch/llm_inference/venv/lib/python3.12/site-packages (from huggingface-hub>=0.23.0->datasets~=3.2.0->-r /scratch/llama.cpp/requirements/requirements-server-bench.txt (line 1)) (1.5.0)

Requirement already satisfied: httpx<1,>=0.23.0 in /scratch/llm_inference/venv/lib/python3.12/site-packages (from huggingface-hub>=0.23.0->datasets~=3.2.0->-r /scratch/llama.cpp/requirements/requirements-server-bench.txt (line 1)) (0.28.1)

Requirement already satisfied: typer>=0.20.0 in /scratch/llm_inference/venv/lib/python3.12/site-packages (from huggingface-hub>=0.23.0->datasets~=3.2.0->-r /scratch/llama.cpp/requirements/requirements-server-bench.txt (line 1)) (0.24.2)

Requirement already satisfied: anyio in /scratch/llm_inference/venv/lib/python3.12/site-packages (from httpx<1,>=0.23.0->huggingface-hub>=0.23.0->datasets~=3.2.0->-r /scratch/llama.cpp/requirements/requirements-server-bench.txt (line 1)) (4.13.0)

Requirement already satisfied: httpcore==1.* in /scratch/llm_inference/venv/lib/python3.12/site-packages (from httpx<1,>=0.23.0->huggingface-hub>=0.23.0->datasets~=3.2.0->-r /scratch/llama.cpp/requirements/requirements-server-bench.txt (line 1)) (1.0.9)

Requirement already satisfied: h11>=0.16 in /scratch/llm_inference/venv/lib/python3.12/site-packages (from httpcore==1.*->httpx<1,>=0.23.0->huggingface-hub>=0.23.0->datasets~=3.2.0->-r /scratch/llama.cpp/requirements/requirements-server-bench.txt (line 1)) (0.16.0)

Requirement already satisfied: six>=1.5 in /scratch/llm_inference/venv/lib/python3.12/site-packages (from python-dateutil>=2.7->matplotlib~=3.10.0->-r /scratch/llama.cpp/requirements/requirements-server-bench.txt (line 2)) (1.17.0)

Requirement already satisfied: click>=8.2.1 in /scratch/llm_inference/venv/lib/python3.12/site-packages (from typer>=0.20.0->huggingface-hub>=0.23.0->datasets~=3.2.0->-r /scratch/llama.cpp/requirements/requirements-server-bench.txt (line 1)) (8.4.0)

Requirement already satisfied: shellingham>=1.3.0 in /scratch/llm_inference/venv/lib/python3.12/site-packages (from typer>=0.20.0->huggingface-hub>=0.23.0->datasets~=3.2.0->-r /scratch/llama.cpp/requirements/requirements-server-bench.txt (line 1)) (1.5.4)

Requirement already satisfied: rich>=12.3.0 in /scratch/llm_inference/venv/lib/python3.12/site-packages (from typer>=0.20.0->huggingface-hub>=0.23.0->datasets~=3.2.0->-r /scratch/llama.cpp/requirements/requirements-server-bench.txt (line 1)) (15.0.0)

Requirement already satisfied: annotated-doc>=0.0.2 in /scratch/llm_inference/venv/lib/python3.12/site-packages (from typer>=0.20.0->huggingface-hub>=0.23.0->datasets~=3.2.0->-r /scratch/llama.cpp/requirements/requirements-server-bench.txt (line 1)) (0.0.4)

Requirement already satisfied: markdown-it-py>=2.2.0 in /scratch/llm_inference/venv/lib/python3.12/site-packages (from rich>=12.3.0->typer>=0.20.0->huggingface-hub>=0.23.0->datasets~=3.2.0->-r /scratch/llama.cpp/requirements/requirements-server-bench.txt (line 1)) (4.2.0)

Requirement already satisfied: pygments<3.0.0,>=2.13.0 in /scratch/llm_inference/venv/lib/python3.12/site-packages (from rich>=12.3.0->typer>=0.20.0->huggingface-hub>=0.23.0->datasets~=3.2.0->-r /scratch/llama.cpp/requirements/requirements-server-bench.txt (line 1)) (2.20.0)

Requirement already satisfied: mdurl~=0.1 in /scratch/llm_inference/venv/lib/python3.12/site-packages (from markdown-it-py>=2.2.0->rich>=12.3.0->typer>=0.20.0->huggingface-hub>=0.23.0->datasets~=3.2.0->-r /scratch/llama.cpp/requirements/requirements-server-bench.txt (line 1)) (0.1.2)

Requirement already satisfied: pytz>=2020.1 in /scratch/llm_inference/venv/lib/python3.12/site-packages (from pandas->datasets~=3.2.0->-r /scratch/llama.cpp/requirements/requirements-server-bench.txt (line 1)) (2026.2)

Requirement already satisfied: tzdata>=2022.7 in /scratch/llm_inference/venv/lib/python3.12/site-packages (from pandas->datasets~=3.2.0->-r /scratch/llama.cpp/requirements/requirements-server-bench.txt (line 1)) (2026.2)

Looking in links: /home/leesihun/home_dir/GPU_server_downloads/wheels/inference, /home/leesihun/home_dir/GPU_server_downloads/wheels/llamacpp

Requirement already satisfied: cffi~=1.16.0 in /scratch/llm_inference/venv/lib/python3.12/site-packages (from -r /scratch/llama.cpp/requirements/requirements-test-tokenizer-random.txt (line 1)) (1.16.0)

Requirement already satisfied: pycparser in /scratch/llm_inference/venv/lib/python3.12/site-packages (from cffi~=1.16.0->-r /scratch/llama.cpp/requirements/requirements-test-tokenizer-random.txt (line 1)) (3.0)

Looking in links: /home/leesihun/home_dir/GPU_server_downloads/wheels/inference, /home/leesihun/home_dir/GPU_server_downloads/wheels/llamacpp

Requirement already satisfied: aiohttp~=3.9.3 in /scratch/llm_inference/venv/lib/python3.12/site-packages (from -r /scratch/llama.cpp/requirements/requirements-tool_bench.txt (line 1)) (3.9.5)

Requirement already satisfied: pytest~=8.3.3 in /scratch/llm_inference/venv/lib/python3.12/site-packages (from -r /scratch/llama.cpp/requirements/requirements-tool_bench.txt (line 2)) (8.3.5)

Requirement already satisfied: huggingface_hub<2.0,>=1.5.0 in /scratch/llm_inference/venv/lib/python3.12/site-packages (from -r /scratch/llama.cpp/requirements/requirements-tool_bench.txt (line 3)) (1.15.0)

Requirement already satisfied: matplotlib~=3.10.0 in /scratch/llm_inference/venv/lib/python3.12/site-packages (from -r /scratch/llama.cpp/requirements/requirements-tool_bench.txt (line 4)) (3.10.9)

Requirement already satisfied: numpy~=1.26.4 in /scratch/llm_inference/venv/lib/python3.12/site-packages (from -r /scratch/llama.cpp/requirements/requirements-tool_bench.txt (line 5)) (1.26.4)

Requirement already satisfied: openai~=2.14.0 in /scratch/llm_inference/venv/lib/python3.12/site-packages (from -r /scratch/llama.cpp/requirements/requirements-tool_bench.txt (line 6)) (2.14.0)

Requirement already satisfied: pandas~=2.2.3 in /scratch/llm_inference/venv/lib/python3.12/site-packages (from -r /scratch/llama.cpp/requirements/requirements-tool_bench.txt (line 7)) (2.2.3)

Requirement already satisfied: prometheus-client~=0.20.0 in /scratch/llm_inference/venv/lib/python3.12/site-packages (from -r /scratch/llama.cpp/requirements/requirements-tool_bench.txt (line 8)) (0.20.0)

Requirement already satisfied: requests~=2.32.3 in /scratch/llm_inference/venv/lib/python3.12/site-packages (from -r /scratch/llama.cpp/requirements/requirements-tool_bench.txt (line 9)) (2.32.5)

Requirement already satisfied: wget~=3.2 in /scratch/llm_inference/venv/lib/python3.12/site-packages (from -r /scratch/llama.cpp/requirements/requirements-tool_bench.txt (line 10)) (3.2)

Requirement already satisfied: typer~=0.24.1 in /scratch/llm_inference/venv/lib/python3.12/site-packages (from -r /scratch/llama.cpp/requirements/requirements-tool_bench.txt (line 11)) (0.24.2)

Requirement already satisfied: seaborn~=0.13.2 in /scratch/llm_inference/venv/lib/python3.12/site-packages (from -r /scratch/llama.cpp/requirements/requirements-tool_bench.txt (line 12)) (0.13.2)

Requirement already satisfied: aiosignal>=1.1.2 in /scratch/llm_inference/venv/lib/python3.12/site-packages (from aiohttp~=3.9.3->-r /scratch/llama.cpp/requirements/requirements-tool_bench.txt (line 1)) (1.4.0)

Requirement already satisfied: attrs>=17.3.0 in /scratch/llm_inference/venv/lib/python3.12/site-packages (from aiohttp~=3.9.3->-r /scratch/llama.cpp/requirements/requirements-tool_bench.txt (line 1)) (26.1.0)

Requirement already satisfied: frozenlist>=1.1.1 in /scratch/llm_inference/venv/lib/python3.12/site-packages (from aiohttp~=3.9.3->-r /scratch/llama.cpp/requirements/requirements-tool_bench.txt (line 1)) (1.8.0)

Requirement already satisfied: multidict<7.0,>=4.5 in /scratch/llm_inference/venv/lib/python3.12/site-packages (from aiohttp~=3.9.3->-r /scratch/llama.cpp/requirements/requirements-tool_bench.txt (line 1)) (6.7.1)

Requirement already satisfied: yarl<2.0,>=1.0 in /scratch/llm_inference/venv/lib/python3.12/site-packages (from aiohttp~=3.9.3->-r /scratch/llama.cpp/requirements/requirements-tool_bench.txt (line 1)) (1.23.0)

Requirement already satisfied: iniconfig in /scratch/llm_inference/venv/lib/python3.12/site-packages (from pytest~=8.3.3->-r /scratch/llama.cpp/requirements/requirements-tool_bench.txt (line 2)) (2.3.0)

Requirement already satisfied: packaging in /scratch/llm_inference/venv/lib/python3.12/site-packages (from pytest~=8.3.3->-r /scratch/llama.cpp/requirements/requirements-tool_bench.txt (line 2)) (26.2)

Requirement already satisfied: pluggy<2,>=1.5 in /scratch/llm_inference/venv/lib/python3.12/site-packages (from pytest~=8.3.3->-r /scratch/llama.cpp/requirements/requirements-tool_bench.txt (line 2)) (1.6.0)

Requirement already satisfied: filelock>=3.10.0 in /scratch/llm_inference/venv/lib/python3.12/site-packages (from huggingface_hub<2.0,>=1.5.0->-r /scratch/llama.cpp/requirements/requirements-tool_bench.txt (line 3)) (3.29.0)

Requirement already satisfied: fsspec>=2023.5.0 in /scratch/llm_inference/venv/lib/python3.12/site-packages (from huggingface_hub<2.0,>=1.5.0->-r /scratch/llama.cpp/requirements/requirements-tool_bench.txt (line 3)) (2024.9.0)

Requirement already satisfied: hf-xet<2.0.0,>=1.4.3 in /scratch/llm_inference/venv/lib/python3.12/site-packages (from huggingface_hub<2.0,>=1.5.0->-r /scratch/llama.cpp/requirements/requirements-tool_bench.txt (line 3)) (1.5.0)

Requirement already satisfied: httpx<1,>=0.23.0 in /scratch/llm_inference/venv/lib/python3.12/site-packages (from huggingface_hub<2.0,>=1.5.0->-r /scratch/llama.cpp/requirements/requirements-tool_bench.txt (line 3)) (0.28.1)

Requirement already satisfied: pyyaml>=5.1 in /scratch/llm_inference/venv/lib/python3.12/site-packages (from huggingface_hub<2.0,>=1.5.0->-r /scratch/llama.cpp/requirements/requirements-tool_bench.txt (line 3)) (6.0.3)

Requirement already satisfied: tqdm>=4.42.1 in /scratch/llm_inference/venv/lib/python3.12/site-packages (from huggingface_hub<2.0,>=1.5.0->-r /scratch/llama.cpp/requirements/requirements-tool_bench.txt (line 3)) (4.67.3)

Requirement already satisfied: typing-extensions>=4.1.0 in /scratch/llm_inference/venv/lib/python3.12/site-packages (from huggingface_hub<2.0,>=1.5.0->-r /scratch/llama.cpp/requirements/requirements-tool_bench.txt (line 3)) (4.15.0)

Requirement already satisfied: contourpy>=1.0.1 in /scratch/llm_inference/venv/lib/python3.12/site-packages (from matplotlib~=3.10.0->-r /scratch/llama.cpp/requirements/requirements-tool_bench.txt (line 4)) (1.3.3)

Requirement already satisfied: cycler>=0.10 in /scratch/llm_inference/venv/lib/python3.12/site-packages (from matplotlib~=3.10.0->-r /scratch/llama.cpp/requirements/requirements-tool_bench.txt (line 4)) (0.12.1)

Requirement already satisfied: fonttools>=4.22.0 in /scratch/llm_inference/venv/lib/python3.12/site-packages (from matplotlib~=3.10.0->-r /scratch/llama.cpp/requirements/requirements-tool_bench.txt (line 4)) (4.63.0)

Requirement already satisfied: kiwisolver>=1.3.1 in /scratch/llm_inference/venv/lib/python3.12/site-packages (from matplotlib~=3.10.0->-r /scratch/llama.cpp/requirements/requirements-tool_bench.txt (line 4)) (1.5.0)

Requirement already satisfied: pillow>=8 in /scratch/llm_inference/venv/lib/python3.12/site-packages (from matplotlib~=3.10.0->-r /scratch/llama.cpp/requirements/requirements-tool_bench.txt (line 4)) (11.3.0)

Requirement already satisfied: pyparsing>=3 in /scratch/llm_inference/venv/lib/python3.12/site-packages (from matplotlib~=3.10.0->-r /scratch/llama.cpp/requirements/requirements-tool_bench.txt (line 4)) (3.3.2)

Requirement already satisfied: python-dateutil>=2.7 in /scratch/llm_inference/venv/lib/python3.12/site-packages (from matplotlib~=3.10.0->-r /scratch/llama.cpp/requirements/requirements-tool_bench.txt (line 4)) (2.9.0.post0)

Requirement already satisfied: anyio<5,>=3.5.0 in /scratch/llm_inference/venv/lib/python3.12/site-packages (from openai~=2.14.0->-r /scratch/llama.cpp/requirements/requirements-tool_bench.txt (line 6)) (4.13.0)

Requirement already satisfied: distro<2,>=1.7.0 in /scratch/llm_inference/venv/lib/python3.12/site-packages (from openai~=2.14.0->-r /scratch/llama.cpp/requirements/requirements-tool_bench.txt (line 6)) (1.9.0)

Requirement already satisfied: jiter<1,>=0.10.0 in /scratch/llm_inference/venv/lib/python3.12/site-packages (from openai~=2.14.0->-r /scratch/llama.cpp/requirements/requirements-tool_bench.txt (line 6)) (0.14.0)

Requirement already satisfied: pydantic<3,>=1.9.0 in /scratch/llm_inference/venv/lib/python3.12/site-packages (from openai~=2.14.0->-r /scratch/llama.cpp/requirements/requirements-tool_bench.txt (line 6)) (2.11.10)

Requirement already satisfied: sniffio in /scratch/llm_inference/venv/lib/python3.12/site-packages (from openai~=2.14.0->-r /scratch/llama.cpp/requirements/requirements-tool_bench.txt (line 6)) (1.3.1)

Requirement already satisfied: pytz>=2020.1 in /scratch/llm_inference/venv/lib/python3.12/site-packages (from pandas~=2.2.3->-r /scratch/llama.cpp/requirements/requirements-tool_bench.txt (line 7)) (2026.2)

Requirement already satisfied: tzdata>=2022.7 in /scratch/llm_inference/venv/lib/python3.12/site-packages (from pandas~=2.2.3->-r /scratch/llama.cpp/requirements/requirements-tool_bench.txt (line 7)) (2026.2)

Requirement already satisfied: charset_normalizer<4,>=2 in /scratch/llm_inference/venv/lib/python3.12/site-packages (from requests~=2.32.3->-r /scratch/llama.cpp/requirements/requirements-tool_bench.txt (line 9)) (3.4.7)

Requirement already satisfied: idna<4,>=2.5 in /scratch/llm_inference/venv/lib/python3.12/site-packages (from requests~=2.32.3->-r /scratch/llama.cpp/requirements/requirements-tool_bench.txt (line 9)) (3.15)

Requirement already satisfied: urllib3<3,>=1.21.1 in /scratch/llm_inference/venv/lib/python3.12/site-packages (from requests~=2.32.3->-r /scratch/llama.cpp/requirements/requirements-tool_bench.txt (line 9)) (2.7.0)

Requirement already satisfied: certifi>=2017.4.17 in /scratch/llm_inference/venv/lib/python3.12/site-packages (from requests~=2.32.3->-r /scratch/llama.cpp/requirements/requirements-tool_bench.txt (line 9)) (2026.4.22)

Requirement already satisfied: click>=8.2.1 in /scratch/llm_inference/venv/lib/python3.12/site-packages (from typer~=0.24.1->-r /scratch/llama.cpp/requirements/requirements-tool_bench.txt (line 11)) (8.4.0)

Requirement already satisfied: shellingham>=1.3.0 in /scratch/llm_inference/venv/lib/python3.12/site-packages (from typer~=0.24.1->-r /scratch/llama.cpp/requirements/requirements-tool_bench.txt (line 11)) (1.5.4)

Requirement already satisfied: rich>=12.3.0 in /scratch/llm_inference/venv/lib/python3.12/site-packages (from typer~=0.24.1->-r /scratch/llama.cpp/requirements/requirements-tool_bench.txt (line 11)) (15.0.0)

Requirement already satisfied: annotated-doc>=0.0.2 in /scratch/llm_inference/venv/lib/python3.12/site-packages (from typer~=0.24.1->-r /scratch/llama.cpp/requirements/requirements-tool_bench.txt (line 11)) (0.0.4)

Requirement already satisfied: httpcore==1.* in /scratch/llm_inference/venv/lib/python3.12/site-packages (from httpx<1,>=0.23.0->huggingface_hub<2.0,>=1.5.0->-r /scratch/llama.cpp/requirements/requirements-tool_bench.txt (line 3)) (1.0.9)

Requirement already satisfied: h11>=0.16 in /scratch/llm_inference/venv/lib/python3.12/site-packages (from httpcore==1.*->httpx<1,>=0.23.0->huggingface_hub<2.0,>=1.5.0->-r /scratch/llama.cpp/requirements/requirements-tool_bench.txt (line 3)) (0.16.0)

Requirement already satisfied: annotated-types>=0.6.0 in /scratch/llm_inference/venv/lib/python3.12/site-packages (from pydantic<3,>=1.9.0->openai~=2.14.0->-r /scratch/llama.cpp/requirements/requirements-tool_bench.txt (line 6)) (0.7.0)

Requirement already satisfied: pydantic-core==2.33.2 in /scratch/llm_inference/venv/lib/python3.12/site-packages (from pydantic<3,>=1.9.0->openai~=2.14.0->-r /scratch/llama.cpp/requirements/requirements-tool_bench.txt (line 6)) (2.33.2)

Requirement already satisfied: typing-inspection>=0.4.0 in /scratch/llm_inference/venv/lib/python3.12/site-packages (from pydantic<3,>=1.9.0->openai~=2.14.0->-r /scratch/llama.cpp/requirements/requirements-tool_bench.txt (line 6)) (0.4.2)

Requirement already satisfied: propcache>=0.2.1 in /scratch/llm_inference/venv/lib/python3.12/site-packages (from yarl<2.0,>=1.0->aiohttp~=3.9.3->-r /scratch/llama.cpp/requirements/requirements-tool_bench.txt (line 1)) (0.5.2)

Requirement already satisfied: six>=1.5 in /scratch/llm_inference/venv/lib/python3.12/site-packages (from python-dateutil>=2.7->matplotlib~=3.10.0->-r /scratch/llama.cpp/requirements/requirements-tool_bench.txt (line 4)) (1.17.0)

Requirement already satisfied: markdown-it-py>=2.2.0 in /scratch/llm_inference/venv/lib/python3.12/site-packages (from rich>=12.3.0->typer~=0.24.1->-r /scratch/llama.cpp/requirements/requirements-tool_bench.txt (line 11)) (4.2.0)

Requirement already satisfied: pygments<3.0.0,>=2.13.0 in /scratch/llm_inference/venv/lib/python3.12/site-packages (from rich>=12.3.0->typer~=0.24.1->-r /scratch/llama.cpp/requirements/requirements-tool_bench.txt (line 11)) (2.20.0)

Requirement already satisfied: mdurl~=0.1 in /scratch/llm_inference/venv/lib/python3.12/site-packages (from markdown-it-py>=2.2.0->rich>=12.3.0->typer~=0.24.1->-r /scratch/llama.cpp/requirements/requirements-tool_bench.txt (line 11)) (0.1.2)

[1;32m[install][0m Installing core inference/RAG packages

Looking in links: /home/leesihun/home_dir/GPU_server_downloads/wheels/inference

Requirement already satisfied: sentence-transformers in /scratch/llm_inference/venv/lib/python3.12/site-packages (5.5.0)

Requirement already satisfied: faiss-cpu in /scratch/llm_inference/venv/lib/python3.12/site-packages (1.13.2)

Requirement already satisfied: rank-bm25 in /scratch/llm_inference/venv/lib/python3.12/site-packages (0.2.2)

Requirement already satisfied: transformers in /scratch/llm_inference/venv/lib/python3.12/site-packages (5.5.1)

Requirement already satisfied: tokenizers in /scratch/llm_inference/venv/lib/python3.12/site-packages (0.22.2)

Requirement already satisfied: safetensors in /scratch/llm_inference/venv/lib/python3.12/site-packages (0.7.0)

Requirement already satisfied: huggingface-hub in /scratch/llm_inference/venv/lib/python3.12/site-packages (1.15.0)

Requirement already satisfied: langchain in /scratch/llm_inference/venv/lib/python3.12/site-packages (1.3.1)

Requirement already satisfied: langchain-core in /scratch/llm_inference/venv/lib/python3.12/site-packages (1.4.0)

Requirement already satisfied: langchain-community in /scratch/llm_inference/venv/lib/python3.12/site-packages (0.4.1)

Requirement already satisfied: langchain-ollama in /scratch/llm_inference/venv/lib/python3.12/site-packages (1.1.0)

Requirement already satisfied: langgraph in /scratch/llm_inference/venv/lib/python3.12/site-packages (1.2.0)

Requirement already satisfied: langgraph-checkpoint in /scratch/llm_inference/venv/lib/python3.12/site-packages (4.1.0)

Requirement already satisfied: langgraph-prebuilt in /scratch/llm_inference/venv/lib/python3.12/site-packages (1.1.0)

Requirement already satisfied: langsmith in /scratch/llm_inference/venv/lib/python3.12/site-packages (0.8.5)

Requirement already satisfied: ollama in /scratch/llm_inference/venv/lib/python3.12/site-packages (0.6.2)

Requirement already satisfied: tavily-python in /scratch/llm_inference/venv/lib/python3.12/site-packages (0.7.24)

Requirement already satisfied: fastapi in /scratch/llm_inference/venv/lib/python3.12/site-packages (0.136.1)

Requirement already satisfied: uvicorn in /scratch/llm_inference/venv/lib/python3.12/site-packages (0.47.0)

Requirement already satisfied: pydantic in /scratch/llm_inference/venv/lib/python3.12/site-packages (2.11.10)

Requirement already satisfied: sse-starlette in /scratch/llm_inference/venv/lib/python3.12/site-packages (3.4.4)

Requirement already satisfied: httpx in /scratch/llm_inference/venv/lib/python3.12/site-packages (0.28.1)

Requirement already satisfied: aiohttp in /scratch/llm_inference/venv/lib/python3.12/site-packages (3.9.5)

Requirement already satisfied: passlib in /scratch/llm_inference/venv/lib/python3.12/site-packages (1.7.4)

Requirement already satisfied: python-jose in /scratch/llm_inference/venv/lib/python3.12/site-packages (3.5.0)

Requirement already satisfied: PyMuPDF in /scratch/llm_inference/venv/lib/python3.12/site-packages (1.27.2.3)

Requirement already satisfied: python-docx in /scratch/llm_inference/venv/lib/python3.12/site-packages (1.2.0)

Requirement already satisfied: pandas in /scratch/llm_inference/venv/lib/python3.12/site-packages (2.2.3)

Requirement already satisfied: numpy in /scratch/llm_inference/venv/lib/python3.12/site-packages (1.26.4)

Requirement already satisfied: Pillow in /scratch/llm_inference/venv/lib/python3.12/site-packages (11.3.0)

Requirement already satisfied: jupyter_client in /scratch/llm_inference/venv/lib/python3.12/site-packages (8.8.0)

Requirement already satisfied: ipykernel in /scratch/llm_inference/venv/lib/python3.12/site-packages (7.2.0)

Requirement already satisfied: filelock in /scratch/llm_inference/venv/lib/python3.12/site-packages (3.29.0)

Requirement already satisfied: tqdm in /scratch/llm_inference/venv/lib/python3.12/site-packages (4.67.3)

Requirement already satisfied: rich in /scratch/llm_inference/venv/lib/python3.12/site-packages (15.0.0)

Requirement already satisfied: torch>=1.11.0 in /scratch/llm_inference/venv/lib/python3.12/site-packages (from sentence-transformers) (2.6.0+cpu)

Requirement already satisfied: scikit-learn>=0.22.0 in /scratch/llm_inference/venv/lib/python3.12/site-packages (from sentence-transformers) (1.8.0)

Requirement already satisfied: scipy>=1.0.0 in /scratch/llm_inference/venv/lib/python3.12/site-packages (from sentence-transformers) (1.17.1)

Requirement already satisfied: typing_extensions>=4.5.0 in /scratch/llm_inference/venv/lib/python3.12/site-packages (from sentence-transformers) (4.15.0)

Requirement already satisfied: packaging>=20.0 in /scratch/llm_inference/venv/lib/python3.12/site-packages (from transformers) (26.2)

Requirement already satisfied: pyyaml>=5.1 in /scratch/llm_inference/venv/lib/python3.12/site-packages (from transformers) (6.0.3)

Requirement already satisfied: regex>=2025.10.22 in /scratch/llm_inference/venv/lib/python3.12/site-packages (from transformers) (2026.5.9)

Requirement already satisfied: typer in /scratch/llm_inference/venv/lib/python3.12/site-packages (from transformers) (0.24.2)

Requirement already satisfied: fsspec>=2023.5.0 in /scratch/llm_inference/venv/lib/python3.12/site-packages (from huggingface-hub) (2024.9.0)

Requirement already satisfied: hf-xet<2.0.0,>=1.4.3 in /scratch/llm_inference/venv/lib/python3.12/site-packages (from huggingface-hub) (1.5.0)

Requirement already satisfied: anyio in /scratch/llm_inference/venv/lib/python3.12/site-packages (from httpx) (4.13.0)

Requirement already satisfied: certifi in /scratch/llm_inference/venv/lib/python3.12/site-packages (from httpx) (2026.4.22)

Requirement already satisfied: httpcore==1.* in /scratch/llm_inference/venv/lib/python3.12/site-packages (from httpx) (1.0.9)

Requirement already satisfied: idna in /scratch/llm_inference/venv/lib/python3.12/site-packages (from httpx) (3.15)

Requirement already satisfied: h11>=0.16 in /scratch/llm_inference/venv/lib/python3.12/site-packages (from httpcore==1.*->httpx) (0.16.0)

Requirement already satisfied: jsonpatch<2.0.0,>=1.33.0 in /scratch/llm_inference/venv/lib/python3.12/site-packages (from langchain-core) (1.33)

Requirement already satisfied: langchain-protocol>=0.0.14 in /scratch/llm_inference/venv/lib/python3.12/site-packages (from langchain-core) (0.0.15)

Requirement already satisfied: tenacity!=8.4.0,<10.0.0,>=8.1.0 in /scratch/llm_inference/venv/lib/python3.12/site-packages (from langchain-core) (9.1.4)

Requirement already satisfied: uuid-utils<1.0,>=0.12.0 in /scratch/llm_inference/venv/lib/python3.12/site-packages (from langchain-core) (0.15.0)

Requirement already satisfied: langgraph-sdk<0.4.0,>=0.3.0 in /scratch/llm_inference/venv/lib/python3.12/site-packages (from langgraph) (0.3.14)

Requirement already satisfied: xxhash>=3.5.0 in /scratch/llm_inference/venv/lib/python3.12/site-packages (from langgraph) (3.7.0)

Requirement already satisfied: ormsgpack>=1.12.0 in /scratch/llm_inference/venv/lib/python3.12/site-packages (from langgraph-checkpoint) (1.12.2)

Requirement already satisfied: orjson>=3.9.14 in /scratch/llm_inference/venv/lib/python3.12/site-packages (from langsmith) (3.11.9)

Requirement already satisfied: requests-toolbelt>=1.0.0 in /scratch/llm_inference/venv/lib/python3.12/site-packages (from langsmith) (1.0.0)

Requirement already satisfied: requests>=2.0.0 in /scratch/llm_inference/venv/lib/python3.12/site-packages (from langsmith) (2.32.5)

Requirement already satisfied: zstandard>=0.23.0 in /scratch/llm_inference/venv/lib/python3.12/site-packages (from langsmith) (0.25.0)

Requirement already satisfied: annotated-types>=0.6.0 in /scratch/llm_inference/venv/lib/python3.12/site-packages (from pydantic) (0.7.0)

Requirement already satisfied: pydantic-core==2.33.2 in /scratch/llm_inference/venv/lib/python3.12/site-packages (from pydantic) (2.33.2)

Requirement already satisfied: typing-inspection>=0.4.0 in /scratch/llm_inference/venv/lib/python3.12/site-packages (from pydantic) (0.4.2)

Requirement already satisfied: jsonpointer>=1.9 in /scratch/llm_inference/venv/lib/python3.12/site-packages (from jsonpatch<2.0.0,>=1.33.0->langchain-core) (3.1.1)

Requirement already satisfied: langchain-classic<2.0.0,>=1.0.0 in /scratch/llm_inference/venv/lib/python3.12/site-packages (from langchain-community) (1.0.7)

Requirement already satisfied: SQLAlchemy<3.0.0,>=1.4.0 in /scratch/llm_inference/venv/lib/python3.12/site-packages (from langchain-community) (2.0.49)

Requirement already satisfied: dataclasses-json<0.7.0,>=0.6.7 in /scratch/llm_inference/venv/lib/python3.12/site-packages (from langchain-community) (0.6.7)

Requirement already satisfied: pydantic-settings<3.0.0,>=2.10.1 in /scratch/llm_inference/venv/lib/python3.12/site-packages (from langchain-community) (2.14.1)

Requirement already satisfied: httpx-sse<1.0.0,>=0.4.0 in /scratch/llm_inference/venv/lib/python3.12/site-packages (from langchain-community) (0.4.3)

Requirement already satisfied: aiosignal>=1.1.2 in /scratch/llm_inference/venv/lib/python3.12/site-packages (from aiohttp) (1.4.0)

Requirement already satisfied: attrs>=17.3.0 in /scratch/llm_inference/venv/lib/python3.12/site-packages (from aiohttp) (26.1.0)

Requirement already satisfied: frozenlist>=1.1.1 in /scratch/llm_inference/venv/lib/python3.12/site-packages (from aiohttp) (1.8.0)

Requirement already satisfied: multidict<7.0,>=4.5 in /scratch/llm_inference/venv/lib/python3.12/site-packages (from aiohttp) (6.7.1)

Requirement already satisfied: yarl<2.0,>=1.0 in /scratch/llm_inference/venv/lib/python3.12/site-packages (from aiohttp) (1.23.0)

Requirement already satisfied: marshmallow<4.0.0,>=3.18.0 in /scratch/llm_inference/venv/lib/python3.12/site-packages (from dataclasses-json<0.7.0,>=0.6.7->langchain-community) (3.26.2)

Requirement already satisfied: typing-inspect<1,>=0.4.0 in /scratch/llm_inference/venv/lib/python3.12/site-packages (from dataclasses-json<0.7.0,>=0.6.7->langchain-community) (0.9.0)

Requirement already satisfied: langchain-text-splitters<2.0.0,>=1.1.2 in /scratch/llm_inference/venv/lib/python3.12/site-packages (from langchain-classic<2.0.0,>=1.0.0->langchain-community) (1.1.2)

Requirement already satisfied: python-dotenv>=0.21.0 in /scratch/llm_inference/venv/lib/python3.12/site-packages (from pydantic-settings<3.0.0,>=2.10.1->langchain-community) (1.2.2)

Requirement already satisfied: charset_normalizer<4,>=2 in /scratch/llm_inference/venv/lib/python3.12/site-packages (from requests>=2.0.0->langsmith) (3.4.7)

Requirement already satisfied: urllib3<3,>=1.21.1 in /scratch/llm_inference/venv/lib/python3.12/site-packages (from requests>=2.0.0->langsmith) (2.7.0)

Requirement already satisfied: greenlet>=1 in /scratch/llm_inference/venv/lib/python3.12/site-packages (from SQLAlchemy<3.0.0,>=1.4.0->langchain-community) (3.5.0)

Requirement already satisfied: mypy-extensions>=0.3.0 in /scratch/llm_inference/venv/lib/python3.12/site-packages (from typing-inspect<1,>=0.4.0->dataclasses-json<0.7.0,>=0.6.7->langchain-community) (1.1.0)

Requirement already satisfied: propcache>=0.2.1 in /scratch/llm_inference/venv/lib/python3.12/site-packages (from yarl<2.0,>=1.0->aiohttp) (0.5.2)

Requirement already satisfied: tiktoken>=0.5.1 in /scratch/llm_inference/venv/lib/python3.12/site-packages (from tavily-python) (0.13.0)

Requirement already satisfied: starlette>=0.46.0 in /scratch/llm_inference/venv/lib/python3.12/site-packages (from fastapi) (0.52.1)

Requirement already satisfied: annotated-doc>=0.0.2 in /scratch/llm_inference/venv/lib/python3.12/site-packages (from fastapi) (0.0.4)

Requirement already satisfied: click>=7.0 in /scratch/llm_inference/venv/lib/python3.12/site-packages (from uvicorn) (8.4.0)

Requirement already satisfied: ecdsa!=0.15 in /scratch/llm_inference/venv/lib/python3.12/site-packages (from python-jose) (0.19.2)

Requirement already satisfied: rsa!=4.1.1,!=4.4,<5.0,>=4.0 in /scratch/llm_inference/venv/lib/python3.12/site-packages (from python-jose) (4.9.1)

Requirement already satisfied: pyasn1>=0.5.0 in /scratch/llm_inference/venv/lib/python3.12/site-packages (from python-jose) (0.6.3)

Requirement already satisfied: lxml>=3.1.0 in /scratch/llm_inference/venv/lib/python3.12/site-packages (from python-docx) (6.1.1)

Requirement already satisfied: python-dateutil>=2.8.2 in /scratch/llm_inference/venv/lib/python3.12/site-packages (from pandas) (2.9.0.post0)

Requirement already satisfied: pytz>=2020.1 in /scratch/llm_inference/venv/lib/python3.12/site-packages (from pandas) (2026.2)

Requirement already satisfied: tzdata>=2022.7 in /scratch/llm_inference/venv/lib/python3.12/site-packages (from pandas) (2026.2)

Requirement already satisfied: jupyter-core>=5.1 in /scratch/llm_inference/venv/lib/python3.12/site-packages (from jupyter_client) (5.9.1)

Requirement already satisfied: pyzmq>=25.0 in /scratch/llm_inference/venv/lib/python3.12/site-packages (from jupyter_client) (27.1.0)

Requirement already satisfied: tornado>=6.4.1 in /scratch/llm_inference/venv/lib/python3.12/site-packages (from jupyter_client) (6.5.5)

Requirement already satisfied: traitlets>=5.3 in /scratch/llm_inference/venv/lib/python3.12/site-packages (from jupyter_client) (5.15.0)

Requirement already satisfied: comm>=0.1.1 in /scratch/llm_inference/venv/lib/python3.12/site-packages (from ipykernel) (0.2.3)

Requirement already satisfied: debugpy>=1.6.5 in /scratch/llm_inference/venv/lib/python3.12/site-packages (from ipykernel) (1.8.20)

Requirement already satisfied: ipython>=7.23.1 in /scratch/llm_inference/venv/lib/python3.12/site-packages (from ipykernel) (9.13.0)

Requirement already satisfied: matplotlib-inline>=0.1 in /scratch/llm_inference/venv/lib/python3.12/site-packages (from ipykernel) (0.2.2)

Requirement already satisfied: nest-asyncio>=1.4 in /scratch/llm_inference/venv/lib/python3.12/site-packages (from ipykernel) (1.6.0)

Requirement already satisfied: psutil>=5.7 in /scratch/llm_inference/venv/lib/python3.12/site-packages (from ipykernel) (7.2.2)

Requirement already satisfied: markdown-it-py>=2.2.0 in /scratch/llm_inference/venv/lib/python3.12/site-packages (from rich) (4.2.0)

Requirement already satisfied: pygments<3.0.0,>=2.13.0 in /scratch/llm_inference/venv/lib/python3.12/site-packages (from rich) (2.20.0)

Requirement already satisfied: six>=1.9.0 in /scratch/llm_inference/venv/lib/python3.12/site-packages (from ecdsa!=0.15->python-jose) (1.17.0)

Requirement already satisfied: decorator>=5.1.0 in /scratch/llm_inference/venv/lib/python3.12/site-packages (from ipython>=7.23.1->ipykernel) (5.3.1)

Requirement already satisfied: ipython-pygments-lexers>=1.0.0 in /scratch/llm_inference/venv/lib/python3.12/site-packages (from ipython>=7.23.1->ipykernel) (1.1.1)

Requirement already satisfied: jedi>=0.18.2 in /scratch/llm_inference/venv/lib/python3.12/site-packages (from ipython>=7.23.1->ipykernel) (0.20.0)

Requirement already satisfied: pexpect>4.6 in /scratch/llm_inference/venv/lib/python3.12/site-packages (from ipython>=7.23.1->ipykernel) (4.9.0)

Requirement already satisfied: prompt_toolkit<3.1.0,>=3.0.41 in /scratch/llm_inference/venv/lib/python3.12/site-packages (from ipython>=7.23.1->ipykernel) (3.0.52)

Requirement already satisfied: stack_data>=0.6.0 in /scratch/llm_inference/venv/lib/python3.12/site-packages (from ipython>=7.23.1->ipykernel) (0.6.3)

Requirement already satisfied: wcwidth in /scratch/llm_inference/venv/lib/python3.12/site-packages (from prompt_toolkit<3.1.0,>=3.0.41->ipython>=7.23.1->ipykernel) (0.7.0)

Requirement already satisfied: parso<0.9.0,>=0.8.6 in /scratch/llm_inference/venv/lib/python3.12/site-packages (from jedi>=0.18.2->ipython>=7.23.1->ipykernel) (0.8.7)

Requirement already satisfied: platformdirs>=2.5 in /scratch/llm_inference/venv/lib/python3.12/site-packages (from jupyter-core>=5.1->jupyter_client) (4.9.6)

Requirement already satisfied: mdurl~=0.1 in /scratch/llm_inference/venv/lib/python3.12/site-packages (from markdown-it-py>=2.2.0->rich) (0.1.2)

Requirement already satisfied: ptyprocess>=0.5 in /scratch/llm_inference/venv/lib/python3.12/site-packages (from pexpect>4.6->ipython>=7.23.1->ipykernel) (0.7.0)

Requirement already satisfied: joblib>=1.3.0 in /scratch/llm_inference/venv/lib/python3.12/site-packages (from scikit-learn>=0.22.0->sentence-transformers) (1.5.3)

Requirement already satisfied: threadpoolctl>=3.2.0 in /scratch/llm_inference/venv/lib/python3.12/site-packages (from scikit-learn>=0.22.0->sentence-transformers) (3.6.0)

Requirement already satisfied: executing>=1.2.0 in /scratch/llm_inference/venv/lib/python3.12/site-packages (from stack_data>=0.6.0->ipython>=7.23.1->ipykernel) (2.2.1)

Requirement already satisfied: asttokens>=2.1.0 in /scratch/llm_inference/venv/lib/python3.12/site-packages (from stack_data>=0.6.0->ipython>=7.23.1->ipykernel) (3.0.1)

Requirement already satisfied: pure-eval in /scratch/llm_inference/venv/lib/python3.12/site-packages (from stack_data>=0.6.0->ipython>=7.23.1->ipykernel) (0.2.3)

Requirement already satisfied: networkx in /scratch/llm_inference/venv/lib/python3.12/site-packages (from torch>=1.11.0->sentence-transformers) (3.6.1)

Requirement already satisfied: jinja2 in /scratch/llm_inference/venv/lib/python3.12/site-packages (from torch>=1.11.0->sentence-transformers) (3.1.6)

Requirement already satisfied: setuptools in /scratch/llm_inference/venv/lib/python3.12/site-packages (from torch>=1.11.0->sentence-transformers) (80.10.2)

Requirement already satisfied: sympy==1.13.1 in /scratch/llm_inference/venv/lib/python3.12/site-packages (from torch>=1.11.0->sentence-transformers) (1.13.1)

Requirement already satisfied: mpmath<1.4,>=1.1.0 in /scratch/llm_inference/venv/lib/python3.12/site-packages (from sympy==1.13.1->torch>=1.11.0->sentence-transformers) (1.3.0)

Requirement already satisfied: shellingham>=1.3.0 in /scratch/llm_inference/venv/lib/python3.12/site-packages (from typer->transformers) (1.5.4)

Requirement already satisfied: MarkupSafe>=2.0 in /scratch/llm_inference/venv/lib/python3.12/site-packages (from jinja2->torch>=1.11.0->sentence-transformers) (3.0.3)

[1;32m[install][0m Smoke test: torch + vllm

  torch 2.6.0+cpu

  vllm  0.21.0

  CUDA: False

opentelemetry-proto 1.41.1 has requirement protobuf<7.0,>=5.0, but you have protobuf 4.25.9.

opencv-python-headless 4.13.0.92 has requirement numpy>=2; python_version >= "3.9", but you have numpy 1.26.4.

cryptography 48.0.0 has requirement cffi>=2.0.0; platform_python_implementation != "PyPy", but you have cffi 1.16.0.

vllm 0.21.0 has requirement aiohttp>=3.13.3, but you have aiohttp 3.9.5.

vllm 0.21.0 has requirement protobuf!=6.30.*,!=6.31.*,!=6.32.*,!=6.33.0.*,!=6.33.1.*,!=6.33.2.*,!=6.33.3.*,!=6.33.4.*,>=5.29.6, but you have protobuf 4.25.9.

vllm 0.21.0 has requirement pydantic>=2.12.0, but you have pydantic 2.11.10.

vllm 0.21.0 has requirement torch==2.11.0, but you have torch 2.6.0+cpu.

vllm 0.21.0 has requirement torchvision==0.26.0, but you have torchvision 0.21.0+cpu.

[1;33m[install:WARN][0m Inference venv has dependency conflicts.

[1;32m[install][0m LLM Inference venv ready: /scratch/llm_inference/venv

[1;32m[install][0m Activate: source /scratch/llm_inference/venv/bin/activate



[1;35m== llama.cpp (build from source) ==[0m

[1;32m[install][0m Extracting llama.cpp -> /scratch/llama.cpp

[1;32m[install][0m Installing cuda-keyring: cuda-keyring_1.1-1_all.deb

(Reading database ... 273289 files and directories currently installed.)

Preparing to unpack .../cuda-keyring_1.1-1_all.deb ...

Unpacking cuda-keyring (1.1-1) over (1.1-1) ...

Setting up cuda-keyring (1.1-1) ...

[1;32m[install][0m CUDA arches: 90;100

[1;32m[install][0m NCCL: /usr/lib/x86_64-linux-gnu/libnccl.so (hdr: /usr/include)

[1;32m[install][0m CUDA build enabled: Cuda compilation tools, release 13.0, V13.0.88

[1;32m[install][0m Configuring/building llama.cpp (cmake, -j128)

CMAKE_BUILD_TYPE=Release

fatal: not a git repository (or any parent up to mount point /)

Stopping at filesystem boundary (GIT_DISCOVERY_ACROSS_FILESYSTEM not set).

fatal: not a git repository (or any parent up to mount point /)

Stopping at filesystem boundary (GIT_DISCOVERY_ACROSS_FILESYSTEM not set).

CMake Warning at CMakeLists.txt:164 (message):

  LLAMA_CURL is deprecated and will be ignored

Call Stack (most recent call first):

  CMakeLists.txt:178 (llama_option_depr)





-- ccache found, compilation results will be cached. Disable with GGML_CCACHE=OFF.

-- CMAKE_SYSTEM_PROCESSOR: x86_64

-- GGML_SYSTEM_ARCH: x86

-- Including CPU backend

-- x86 detected

-- Adding CPU backend variant ggml-cpu: -march=native 

-- BLAS found, Libraries: /usr/lib/x86_64-linux-gnu/libopenblas.so

-- Checking for module 'openblas64'

--   Package 'openblas64', required by 'virtual:world', not found

-- Checking for module 'openblas'

--   Found openblas, version 0.3.26

-- BLAS found, Includes: /usr/include/x86_64-linux-gnu/openblas-pthread/

-- Including BLAS backend

-- CUDA Toolkit found

-- Using CMAKE_CUDA_ARCHITECTURES=90;100 CMAKE_CUDA_ARCHITECTURES_NATIVE=No CUDA devices found.-real

-- CUDA host compiler is GNU 13.3.0

-- Including CUDA backend

-- ggml version: 0.12.0

-- ggml commit:  unknown

CMake Warning at common/CMakeLists.txt:33 (message):

  Git repository not found; to enable automatic generation of build info,

  make sure Git is installed and the project is a Git repository.





-- OpenSSL found: 3.0.13

-- Generating embedded license file for target: llama-common

-- Configuring done (0.2s)

-- Generating done (0.1s)

-- Build files have been written to: /scratch/llama.cpp/build

[  0%] Built target sha256

[  1%] Built target xxhash

[  1%] Built target llama-common-base

[  1%] Built target llama-llava-cli

[  1%] Built target llama-ui

[  1%] Built target sha1

[  3%] Built target ggml-base

[  3%] Built target llama-qwen2vl-cli

[  3%] Built target llama-minicpmv-cli

[  3%] Built target llama-gemma3-cli

[  3%] Built target cpp-httplib

[  4%] Built target ggml-blas

[  7%] Built target ggml-cpu

[ 34%] Built target ggml-cuda

[ 34%] Built target ggml

[ 34%] Built target llama-gguf-hash

[ 34%] Built target llama-gguf

[ 64%] Built target llama

[ 65%] Built target llama-simple

[ 65%] Built target llama-simple-chat

[ 72%] Built target mtmd

[ 73%] Building CXX object common/CMakeFiles/llama-common.dir/__/license.cpp.o

[ 73%] Linking CXX shared library ../bin/libllama-common.so

[ 79%] Built target llama-common

[ 79%] Linking CXX executable ../../bin/llama-batched

[ 80%] Linking CXX executable ../../bin/llama-eval-callback

[ 81%] Linking CXX executable ../../bin/llama-debug

[ 81%] Linking CXX executable ../../bin/llama-lookup-stats

[ 81%] Linking CXX executable ../../bin/llama-lookup

[ 81%] Linking CXX executable ../../bin/llama-passkey

[ 81%] Linking CXX executable ../../bin/llama-lookup-merge

[ 81%] Linking CXX executable ../../bin/llama-idle

[ 81%] Linking CXX executable ../../bin/llama-embedding

[ 82%] Linking CXX executable ../../bin/llama-gen-docs

[ 82%] Linking CXX executable ../../bin/llama-lookup-create

[ 83%] Linking CXX executable ../../bin/llama-save-load-state

[ 83%] Linking CXX executable ../../bin/llama-convert-llama2c-to-ggml

[ 84%] Linking CXX executable ../../bin/llama-q8dot

[ 85%] Linking CXX executable ../../bin/llama-bench

[ 85%] Linking CXX executable ../../bin/llama-completion

[ 85%] Linking CXX executable ../../bin/llama-finetune

[ 85%] Linking CXX executable ../../bin/llama-vdot

[ 85%] Linking CXX executable ../../bin/llama-retrieval

[ 85%] Linking CXX executable ../../bin/llama-tokenize

[ 85%] Built target llama-diffusion

[ 86%] Linking CXX executable ../../bin/llama-speculative

[ 86%] Linking CXX executable ../../bin/llama-gguf-split

[ 86%] Linking CXX executable ../../bin/llama-batched-bench

[ 86%] Linking CXX executable ../../bin/llama-perplexity

[ 86%] Linking CXX executable ../../bin/llama-tts

[ 86%] Linking CXX executable ../../bin/llama-lookahead

[ 86%] Linking CXX executable ../../bin/llama-quantize

[ 86%] Linking CXX executable ../../bin/llama-export-lora

[ 87%] Linking CXX executable ../../bin/llama-imatrix

[ 87%] Linking CXX executable ../../bin/llama-parallel

[ 87%] Linking CXX executable ../../bin/llama-template-analysis

[ 87%] Linking CXX executable ../../bin/llama-fit-params

[ 87%] Linking CXX executable ../../bin/llama-debug-template-parser

[ 87%] Linking CXX executable ../../bin/llama-results

[ 88%] Linking CXX executable ../../bin/llama-mtmd-cli

[ 88%] Linking CXX executable ../../bin/llama-cvector-generator

[ 88%] Linking CXX executable ../../bin/llama-mtmd-debug

[ 89%] Built target server-context

[ 89%] Linking CXX executable ../../bin/llama-speculative-simple

[ 89%] Linking CXX executable ../../bin/llama-diffusion-cli

[ 89%] Linking CXX executable ../../bin/llama-cli

[ 89%] Linking CXX executable ../../bin/llama-server

[ 89%] Built target llama-q8dot

[ 90%] Built target llama-vdot

[ 92%] Built target llama-lookup-stats

[ 92%] Built target llama-batched

[ 92%] Built target llama-debug

[ 92%] Built target llama-gen-docs

[ 92%] Built target llama-eval-callback

[ 92%] Built target llama-lookup-create

[ 92%] Built target llama-lookup-merge

[ 93%] Built target llama-passkey

[ 93%] Built target llama-embedding

[ 95%] Built target llama-tokenize

[ 96%] Built target llama-gguf-split

[ 96%] Built target llama-convert-llama2c-to-ggml

[ 96%] Built target llama-lookahead

[ 96%] Built target llama-save-load-state

[ 96%] Built target llama-export-lora

[ 96%] Built target llama-retrieval

[ 97%] Built target llama-fit-params

[ 97%] Built target llama-finetune

[ 97%] Built target llama-template-analysis

[ 97%] Built target llama-parallel

[ 97%] Built target llama-speculative

[ 97%] Built target llama-completion

[ 97%] Built target llama-perplexity

[ 99%] Built target llama-lookup

[ 99%] Built target llama-results

[ 99%] Built target llama-idle

[ 99%] Built target llama-debug-template-parser

[ 99%] Built target llama-batched-bench

[ 99%] Built target llama-mtmd-cli

[ 99%] Built target llama-quantize

[ 99%] Built target llama-tts

[ 99%] Built target llama-speculative-simple

[ 99%] Built target llama-imatrix

[ 99%] Built target llama-cvector-generator

[ 99%] Built target llama-mtmd-debug

[ 99%] Built target llama-bench

[100%] Built target llama-diffusion-cli

[100%] Built target llama-cli

[100%] Built target llama-server

[1;32m[install][0m Creating llama.cpp Python venv at /scratch/llama.cpp/venv

Looking in links: /home/leesihun/home_dir/GPU_server_downloads/wheels/llamacpp

Requirement already satisfied: pip in /scratch/llama.cpp/venv/lib/python3.12/site-packages (26.1.1)

Requirement already satisfied: wheel in /scratch/llama.cpp/venv/lib/python3.12/site-packages (0.47.0)

Requirement already satisfied: setuptools in /scratch/llama.cpp/venv/lib/python3.12/site-packages (82.0.1)

Requirement already satisfied: packaging>=24.0 in /scratch/llama.cpp/venv/lib/python3.12/site-packages (from wheel) (26.2)

Looking in links: /home/leesihun/home_dir/GPU_server_downloads/wheels/llamacpp

Ignoring torch: markers 'platform_machine == "s390x"' don't match your environment

Ignoring torch: markers 'platform_machine == "s390x"' don't match your environment

Requirement already satisfied: numpy~=1.26.4 in /scratch/llama.cpp/venv/lib/python3.12/site-packages (from -r /scratch/llama.cpp/requirements/requirements-convert_legacy_llama.txt (line 1)) (1.26.4)

Requirement already satisfied: sentencepiece<0.3.0,>=0.1.98 in /scratch/llama.cpp/venv/lib/python3.12/site-packages (from -r /scratch/llama.cpp/requirements/requirements-convert_legacy_llama.txt (line 2)) (0.2.1)

Requirement already satisfied: transformers==5.5.1 in /scratch/llama.cpp/venv/lib/python3.12/site-packages (from -r /scratch/llama.cpp/requirements/requirements-convert_legacy_llama.txt (line 4)) (5.5.1)

Requirement already satisfied: gguf>=0.1.0 in /scratch/llama.cpp/venv/lib/python3.12/site-packages (from -r /scratch/llama.cpp/requirements/requirements-convert_legacy_llama.txt (line 6)) (0.19.0)

Requirement already satisfied: protobuf<5.0.0,>=4.21.0 in /scratch/llama.cpp/venv/lib/python3.12/site-packages (from -r /scratch/llama.cpp/requirements/requirements-convert_legacy_llama.txt (line 7)) (4.25.9)

Requirement already satisfied: torch~=2.6.0 in /scratch/llama.cpp/venv/lib/python3.12/site-packages (from -r /scratch/llama.cpp/requirements/requirements-convert_hf_to_gguf.txt (line 5)) (2.6.0+cpu)

Requirement already satisfied: aiohttp~=3.9.3 in /scratch/llama.cpp/venv/lib/python3.12/site-packages (from -r /scratch/llama.cpp/requirements/requirements-tool_bench.txt (line 1)) (3.9.5)

Requirement already satisfied: pytest~=8.3.3 in /scratch/llama.cpp/venv/lib/python3.12/site-packages (from -r /scratch/llama.cpp/requirements/requirements-tool_bench.txt (line 2)) (8.3.5)

Requirement already satisfied: huggingface_hub<2.0,>=1.5.0 in /scratch/llama.cpp/venv/lib/python3.12/site-packages (from -r /scratch/llama.cpp/requirements/requirements-tool_bench.txt (line 3)) (1.15.0)

Requirement already satisfied: matplotlib~=3.10.0 in /scratch/llama.cpp/venv/lib/python3.12/site-packages (from -r /scratch/llama.cpp/requirements/requirements-tool_bench.txt (line 4)) (3.10.9)

Requirement already satisfied: openai~=2.14.0 in /scratch/llama.cpp/venv/lib/python3.12/site-packages (from -r /scratch/llama.cpp/requirements/requirements-tool_bench.txt (line 6)) (2.14.0)

Requirement already satisfied: pandas~=2.2.3 in /scratch/llama.cpp/venv/lib/python3.12/site-packages (from -r /scratch/llama.cpp/requirements/requirements-tool_bench.txt (line 7)) (2.2.3)

Requirement already satisfied: prometheus-client~=0.20.0 in /scratch/llama.cpp/venv/lib/python3.12/site-packages (from -r /scratch/llama.cpp/requirements/requirements-tool_bench.txt (line 8)) (0.20.0)

Requirement already satisfied: requests~=2.32.3 in /scratch/llama.cpp/venv/lib/python3.12/site-packages (from -r /scratch/llama.cpp/requirements/requirements-tool_bench.txt (line 9)) (2.32.5)

Requirement already satisfied: wget~=3.2 in /scratch/llama.cpp/venv/lib/python3.12/site-packages (from -r /scratch/llama.cpp/requirements/requirements-tool_bench.txt (line 10)) (3.2)

Requirement already satisfied: typer~=0.24.1 in /scratch/llama.cpp/venv/lib/python3.12/site-packages (from -r /scratch/llama.cpp/requirements/requirements-tool_bench.txt (line 11)) (0.24.2)

Requirement already satisfied: seaborn~=0.13.2 in /scratch/llama.cpp/venv/lib/python3.12/site-packages (from -r /scratch/llama.cpp/requirements/requirements-tool_bench.txt (line 12)) (0.13.2)

Requirement already satisfied: packaging>=20.0 in /scratch/llama.cpp/venv/lib/python3.12/site-packages (from transformers==5.5.1->-r /scratch/llama.cpp/requirements/requirements-convert_legacy_llama.txt (line 4)) (26.2)

Requirement already satisfied: pyyaml>=5.1 in /scratch/llama.cpp/venv/lib/python3.12/site-packages (from transformers==5.5.1->-r /scratch/llama.cpp/requirements/requirements-convert_legacy_llama.txt (line 4)) (6.0.3)

Requirement already satisfied: regex>=2025.10.22 in /scratch/llama.cpp/venv/lib/python3.12/site-packages (from transformers==5.5.1->-r /scratch/llama.cpp/requirements/requirements-convert_legacy_llama.txt (line 4)) (2026.5.9)

Requirement already satisfied: tokenizers<=0.23.0,>=0.22.0 in /scratch/llama.cpp/venv/lib/python3.12/site-packages (from transformers==5.5.1->-r /scratch/llama.cpp/requirements/requirements-convert_legacy_llama.txt (line 4)) (0.22.2)

Requirement already satisfied: safetensors>=0.4.3 in /scratch/llama.cpp/venv/lib/python3.12/site-packages (from transformers==5.5.1->-r /scratch/llama.cpp/requirements/requirements-convert_legacy_llama.txt (line 4)) (0.7.0)

Requirement already satisfied: tqdm>=4.27 in /scratch/llama.cpp/venv/lib/python3.12/site-packages (from transformers==5.5.1->-r /scratch/llama.cpp/requirements/requirements-convert_legacy_llama.txt (line 4)) (4.67.3)

Requirement already satisfied: filelock in /scratch/llama.cpp/venv/lib/python3.12/site-packages (from torch~=2.6.0->-r /scratch/llama.cpp/requirements/requirements-convert_hf_to_gguf.txt (line 5)) (3.29.0)

Requirement already satisfied: typing-extensions>=4.10.0 in /scratch/llama.cpp/venv/lib/python3.12/site-packages (from torch~=2.6.0->-r /scratch/llama.cpp/requirements/requirements-convert_hf_to_gguf.txt (line 5)) (4.15.0)

Requirement already satisfied: networkx in /scratch/llama.cpp/venv/lib/python3.12/site-packages (from torch~=2.6.0->-r /scratch/llama.cpp/requirements/requirements-convert_hf_to_gguf.txt (line 5)) (3.6.1)

Requirement already satisfied: jinja2 in /scratch/llama.cpp/venv/lib/python3.12/site-packages (from torch~=2.6.0->-r /scratch/llama.cpp/requirements/requirements-convert_hf_to_gguf.txt (line 5)) (3.1.6)

Requirement already satisfied: fsspec in /scratch/llama.cpp/venv/lib/python3.12/site-packages (from torch~=2.6.0->-r /scratch/llama.cpp/requirements/requirements-convert_hf_to_gguf.txt (line 5)) (2024.9.0)

Requirement already satisfied: setuptools in /scratch/llama.cpp/venv/lib/python3.12/site-packages (from torch~=2.6.0->-r /scratch/llama.cpp/requirements/requirements-convert_hf_to_gguf.txt (line 5)) (82.0.1)

Requirement already satisfied: sympy==1.13.1 in /scratch/llama.cpp/venv/lib/python3.12/site-packages (from torch~=2.6.0->-r /scratch/llama.cpp/requirements/requirements-convert_hf_to_gguf.txt (line 5)) (1.13.1)

Requirement already satisfied: mpmath<1.4,>=1.1.0 in /scratch/llama.cpp/venv/lib/python3.12/site-packages (from sympy==1.13.1->torch~=2.6.0->-r /scratch/llama.cpp/requirements/requirements-convert_hf_to_gguf.txt (line 5)) (1.3.0)

Requirement already satisfied: aiosignal>=1.1.2 in /scratch/llama.cpp/venv/lib/python3.12/site-packages (from aiohttp~=3.9.3->-r /scratch/llama.cpp/requirements/requirements-tool_bench.txt (line 1)) (1.4.0)

Requirement already satisfied: attrs>=17.3.0 in /scratch/llama.cpp/venv/lib/python3.12/site-packages (from aiohttp~=3.9.3->-r /scratch/llama.cpp/requirements/requirements-tool_bench.txt (line 1)) (26.1.0)

Requirement already satisfied: frozenlist>=1.1.1 in /scratch/llama.cpp/venv/lib/python3.12/site-packages (from aiohttp~=3.9.3->-r /scratch/llama.cpp/requirements/requirements-tool_bench.txt (line 1)) (1.8.0)

Requirement already satisfied: multidict<7.0,>=4.5 in /scratch/llama.cpp/venv/lib/python3.12/site-packages (from aiohttp~=3.9.3->-r /scratch/llama.cpp/requirements/requirements-tool_bench.txt (line 1)) (6.7.1)

Requirement already satisfied: yarl<2.0,>=1.0 in /scratch/llama.cpp/venv/lib/python3.12/site-packages (from aiohttp~=3.9.3->-r /scratch/llama.cpp/requirements/requirements-tool_bench.txt (line 1)) (1.23.0)

Requirement already satisfied: iniconfig in /scratch/llama.cpp/venv/lib/python3.12/site-packages (from pytest~=8.3.3->-r /scratch/llama.cpp/requirements/requirements-tool_bench.txt (line 2)) (2.3.0)

Requirement already satisfied: pluggy<2,>=1.5 in /scratch/llama.cpp/venv/lib/python3.12/site-packages (from pytest~=8.3.3->-r /scratch/llama.cpp/requirements/requirements-tool_bench.txt (line 2)) (1.6.0)

Requirement already satisfied: hf-xet<2.0.0,>=1.4.3 in /scratch/llama.cpp/venv/lib/python3.12/site-packages (from huggingface_hub<2.0,>=1.5.0->-r /scratch/llama.cpp/requirements/requirements-tool_bench.txt (line 3)) (1.5.0)

Requirement already satisfied: httpx<1,>=0.23.0 in /scratch/llama.cpp/venv/lib/python3.12/site-packages (from huggingface_hub<2.0,>=1.5.0->-r /scratch/llama.cpp/requirements/requirements-tool_bench.txt (line 3)) (0.28.1)

Requirement already satisfied: contourpy>=1.0.1 in /scratch/llama.cpp/venv/lib/python3.12/site-packages (from matplotlib~=3.10.0->-r /scratch/llama.cpp/requirements/requirements-tool_bench.txt (line 4)) (1.3.3)

Requirement already satisfied: cycler>=0.10 in /scratch/llama.cpp/venv/lib/python3.12/site-packages (from matplotlib~=3.10.0->-r /scratch/llama.cpp/requirements/requirements-tool_bench.txt (line 4)) (0.12.1)

Requirement already satisfied: fonttools>=4.22.0 in /scratch/llama.cpp/venv/lib/python3.12/site-packages (from matplotlib~=3.10.0->-r /scratch/llama.cpp/requirements/requirements-tool_bench.txt (line 4)) (4.63.0)

Requirement already satisfied: kiwisolver>=1.3.1 in /scratch/llama.cpp/venv/lib/python3.12/site-packages (from matplotlib~=3.10.0->-r /scratch/llama.cpp/requirements/requirements-tool_bench.txt (line 4)) (1.5.0)

Requirement already satisfied: pillow>=8 in /scratch/llama.cpp/venv/lib/python3.12/site-packages (from matplotlib~=3.10.0->-r /scratch/llama.cpp/requirements/requirements-tool_bench.txt (line 4)) (11.3.0)

Requirement already satisfied: pyparsing>=3 in /scratch/llama.cpp/venv/lib/python3.12/site-packages (from matplotlib~=3.10.0->-r /scratch/llama.cpp/requirements/requirements-tool_bench.txt (line 4)) (3.3.2)

Requirement already satisfied: python-dateutil>=2.7 in /scratch/llama.cpp/venv/lib/python3.12/site-packages (from matplotlib~=3.10.0->-r /scratch/llama.cpp/requirements/requirements-tool_bench.txt (line 4)) (2.9.0.post0)

Requirement already satisfied: anyio<5,>=3.5.0 in /scratch/llama.cpp/venv/lib/python3.12/site-packages (from openai~=2.14.0->-r /scratch/llama.cpp/requirements/requirements-tool_bench.txt (line 6)) (4.13.0)

Requirement already satisfied: distro<2,>=1.7.0 in /scratch/llama.cpp/venv/lib/python3.12/site-packages (from openai~=2.14.0->-r /scratch/llama.cpp/requirements/requirements-tool_bench.txt (line 6)) (1.9.0)

Requirement already satisfied: jiter<1,>=0.10.0 in /scratch/llama.cpp/venv/lib/python3.12/site-packages (from openai~=2.14.0->-r /scratch/llama.cpp/requirements/requirements-tool_bench.txt (line 6)) (0.14.0)

Requirement already satisfied: pydantic<3,>=1.9.0 in /scratch/llama.cpp/venv/lib/python3.12/site-packages (from openai~=2.14.0->-r /scratch/llama.cpp/requirements/requirements-tool_bench.txt (line 6)) (2.11.10)

Requirement already satisfied: sniffio in /scratch/llama.cpp/venv/lib/python3.12/site-packages (from openai~=2.14.0->-r /scratch/llama.cpp/requirements/requirements-tool_bench.txt (line 6)) (1.3.1)

Requirement already satisfied: pytz>=2020.1 in /scratch/llama.cpp/venv/lib/python3.12/site-packages (from pandas~=2.2.3->-r /scratch/llama.cpp/requirements/requirements-tool_bench.txt (line 7)) (2026.2)

Requirement already satisfied: tzdata>=2022.7 in /scratch/llama.cpp/venv/lib/python3.12/site-packages (from pandas~=2.2.3->-r /scratch/llama.cpp/requirements/requirements-tool_bench.txt (line 7)) (2026.2)

Requirement already satisfied: charset_normalizer<4,>=2 in /scratch/llama.cpp/venv/lib/python3.12/site-packages (from requests~=2.32.3->-r /scratch/llama.cpp/requirements/requirements-tool_bench.txt (line 9)) (3.4.7)

Requirement already satisfied: idna<4,>=2.5 in /scratch/llama.cpp/venv/lib/python3.12/site-packages (from requests~=2.32.3->-r /scratch/llama.cpp/requirements/requirements-tool_bench.txt (line 9)) (3.15)

Requirement already satisfied: urllib3<3,>=1.21.1 in /scratch/llama.cpp/venv/lib/python3.12/site-packages (from requests~=2.32.3->-r /scratch/llama.cpp/requirements/requirements-tool_bench.txt (line 9)) (2.7.0)

Requirement already satisfied: certifi>=2017.4.17 in /scratch/llama.cpp/venv/lib/python3.12/site-packages (from requests~=2.32.3->-r /scratch/llama.cpp/requirements/requirements-tool_bench.txt (line 9)) (2026.4.22)

Requirement already satisfied: click>=8.2.1 in /scratch/llama.cpp/venv/lib/python3.12/site-packages (from typer~=0.24.1->-r /scratch/llama.cpp/requirements/requirements-tool_bench.txt (line 11)) (8.4.0)

Requirement already satisfied: shellingham>=1.3.0 in /scratch/llama.cpp/venv/lib/python3.12/site-packages (from typer~=0.24.1->-r /scratch/llama.cpp/requirements/requirements-tool_bench.txt (line 11)) (1.5.4)

Requirement already satisfied: rich>=12.3.0 in /scratch/llama.cpp/venv/lib/python3.12/site-packages (from typer~=0.24.1->-r /scratch/llama.cpp/requirements/requirements-tool_bench.txt (line 11)) (15.0.0)

Requirement already satisfied: annotated-doc>=0.0.2 in /scratch/llama.cpp/venv/lib/python3.12/site-packages (from typer~=0.24.1->-r /scratch/llama.cpp/requirements/requirements-tool_bench.txt (line 11)) (0.0.4)

Requirement already satisfied: httpcore==1.* in /scratch/llama.cpp/venv/lib/python3.12/site-packages (from httpx<1,>=0.23.0->huggingface_hub<2.0,>=1.5.0->-r /scratch/llama.cpp/requirements/requirements-tool_bench.txt (line 3)) (1.0.9)

Requirement already satisfied: h11>=0.16 in /scratch/llama.cpp/venv/lib/python3.12/site-packages (from httpcore==1.*->httpx<1,>=0.23.0->huggingface_hub<2.0,>=1.5.0->-r /scratch/llama.cpp/requirements/requirements-tool_bench.txt (line 3)) (0.16.0)

Requirement already satisfied: annotated-types>=0.6.0 in /scratch/llama.cpp/venv/lib/python3.12/site-packages (from pydantic<3,>=1.9.0->openai~=2.14.0->-r /scratch/llama.cpp/requirements/requirements-tool_bench.txt (line 6)) (0.7.0)

Requirement already satisfied: pydantic-core==2.33.2 in /scratch/llama.cpp/venv/lib/python3.12/site-packages (from pydantic<3,>=1.9.0->openai~=2.14.0->-r /scratch/llama.cpp/requirements/requirements-tool_bench.txt (line 6)) (2.33.2)

Requirement already satisfied: typing-inspection>=0.4.0 in /scratch/llama.cpp/venv/lib/python3.12/site-packages (from pydantic<3,>=1.9.0->openai~=2.14.0->-r /scratch/llama.cpp/requirements/requirements-tool_bench.txt (line 6)) (0.4.2)

Requirement already satisfied: propcache>=0.2.1 in /scratch/llama.cpp/venv/lib/python3.12/site-packages (from yarl<2.0,>=1.0->aiohttp~=3.9.3->-r /scratch/llama.cpp/requirements/requirements-tool_bench.txt (line 1)) (0.5.2)

Requirement already satisfied: six>=1.5 in /scratch/llama.cpp/venv/lib/python3.12/site-packages (from python-dateutil>=2.7->matplotlib~=3.10.0->-r /scratch/llama.cpp/requirements/requirements-tool_bench.txt (line 4)) (1.17.0)

Requirement already satisfied: markdown-it-py>=2.2.0 in /scratch/llama.cpp/venv/lib/python3.12/site-packages (from rich>=12.3.0->typer~=0.24.1->-r /scratch/llama.cpp/requirements/requirements-tool_bench.txt (line 11)) (4.2.0)

Requirement already satisfied: pygments<3.0.0,>=2.13.0 in /scratch/llama.cpp/venv/lib/python3.12/site-packages (from rich>=12.3.0->typer~=0.24.1->-r /scratch/llama.cpp/requirements/requirements-tool_bench.txt (line 11)) (2.20.0)

Requirement already satisfied: mdurl~=0.1 in /scratch/llama.cpp/venv/lib/python3.12/site-packages (from markdown-it-py>=2.2.0->rich>=12.3.0->typer~=0.24.1->-r /scratch/llama.cpp/requirements/requirements-tool_bench.txt (line 11)) (0.1.2)

Requirement already satisfied: MarkupSafe>=2.0 in /scratch/llama.cpp/venv/lib/python3.12/site-packages (from jinja2->torch~=2.6.0->-r /scratch/llama.cpp/requirements/requirements-convert_hf_to_gguf.txt (line 5)) (3.0.3)

Looking in links: /home/leesihun/home_dir/GPU_server_downloads/wheels/llamacpp

Ignoring torch: markers 'platform_machine == "s390x"' don't match your environment

Requirement already satisfied: numpy~=1.26.4 in /scratch/llama.cpp/venv/lib/python3.12/site-packages (from -r /scratch/llama.cpp/requirements/requirements-convert_legacy_llama.txt (line 1)) (1.26.4)

Requirement already satisfied: sentencepiece<0.3.0,>=0.1.98 in /scratch/llama.cpp/venv/lib/python3.12/site-packages (from -r /scratch/llama.cpp/requirements/requirements-convert_legacy_llama.txt (line 2)) (0.2.1)

Requirement already satisfied: transformers==5.5.1 in /scratch/llama.cpp/venv/lib/python3.12/site-packages (from -r /scratch/llama.cpp/requirements/requirements-convert_legacy_llama.txt (line 4)) (5.5.1)

Requirement already satisfied: gguf>=0.1.0 in /scratch/llama.cpp/venv/lib/python3.12/site-packages (from -r /scratch/llama.cpp/requirements/requirements-convert_legacy_llama.txt (line 6)) (0.19.0)

Requirement already satisfied: protobuf<5.0.0,>=4.21.0 in /scratch/llama.cpp/venv/lib/python3.12/site-packages (from -r /scratch/llama.cpp/requirements/requirements-convert_legacy_llama.txt (line 7)) (4.25.9)

Requirement already satisfied: pillow~=11.3.0 in /scratch/llama.cpp/venv/lib/python3.12/site-packages (from -r /scratch/llama.cpp/tools/mtmd/requirements.txt (line 3)) (11.3.0)

Requirement already satisfied: torch~=2.6.0 in /scratch/llama.cpp/venv/lib/python3.12/site-packages (from -r /scratch/llama.cpp/tools/mtmd/requirements.txt (line 4)) (2.6.0+cpu)

Requirement already satisfied: torchvision~=0.21.0 in /scratch/llama.cpp/venv/lib/python3.12/site-packages (from -r /scratch/llama.cpp/tools/mtmd/requirements.txt (line 5)) (0.21.0+cpu)

Requirement already satisfied: matplotlib in /scratch/llama.cpp/venv/lib/python3.12/site-packages (from -r /scratch/llama.cpp/tools/server/bench/requirements.txt (line 1)) (3.10.9)

Requirement already satisfied: requests in /scratch/llama.cpp/venv/lib/python3.12/site-packages (from -r /scratch/llama.cpp/tools/server/bench/requirements.txt (line 2)) (2.32.5)

Requirement already satisfied: aiohttp~=3.9.3 in /scratch/llama.cpp/venv/lib/python3.12/site-packages (from -r /scratch/llama.cpp/tools/server/tests/requirements.txt (line 1)) (3.9.5)

Requirement already satisfied: pytest~=8.3.3 in /scratch/llama.cpp/venv/lib/python3.12/site-packages (from -r /scratch/llama.cpp/tools/server/tests/requirements.txt (line 2)) (8.3.5)

Requirement already satisfied: huggingface_hub<2.0,>=1.5.0 in /scratch/llama.cpp/venv/lib/python3.12/site-packages (from -r /scratch/llama.cpp/tools/server/tests/requirements.txt (line 3)) (1.15.0)

Requirement already satisfied: openai~=2.14.0 in /scratch/llama.cpp/venv/lib/python3.12/site-packages (from -r /scratch/llama.cpp/tools/server/tests/requirements.txt (line 5)) (2.14.0)

Requirement already satisfied: prometheus-client~=0.20.0 in /scratch/llama.cpp/venv/lib/python3.12/site-packages (from -r /scratch/llama.cpp/tools/server/tests/requirements.txt (line 6)) (0.20.0)

Requirement already satisfied: wget~=3.2 in /scratch/llama.cpp/venv/lib/python3.12/site-packages (from -r /scratch/llama.cpp/tools/server/tests/requirements.txt (line 8)) (3.2)

Requirement already satisfied: tabulate~=0.9.0 in /scratch/llama.cpp/venv/lib/python3.12/site-packages (from -r /scratch/llama.cpp/requirements/requirements-compare-llama-bench.txt (line 1)) (0.9.0)

Requirement already satisfied: GitPython~=3.1.43 in /scratch/llama.cpp/venv/lib/python3.12/site-packages (from -r /scratch/llama.cpp/requirements/requirements-compare-llama-bench.txt (line 2)) (3.1.50)

Requirement already satisfied: datasets~=3.2.0 in /scratch/llama.cpp/venv/lib/python3.12/site-packages (from -r /scratch/llama.cpp/requirements/requirements-server-bench.txt (line 1)) (3.2.0)

Requirement already satisfied: tqdm~=4.67.1 in /scratch/llama.cpp/venv/lib/python3.12/site-packages (from -r /scratch/llama.cpp/requirements/requirements-server-bench.txt (line 5)) (4.67.3)

Requirement already satisfied: docstring_parser~=0.15 in /scratch/llama.cpp/venv/lib/python3.12/site-packages (from -r /scratch/llama.cpp/requirements/requirements-pydantic.txt (line 1)) (0.18.0)

Requirement already satisfied: pydantic~=2.11.7 in /scratch/llama.cpp/venv/lib/python3.12/site-packages (from -r /scratch/llama.cpp/requirements/requirements-pydantic.txt (line 2)) (2.11.10)

Requirement already satisfied: cffi~=1.16.0 in /scratch/llama.cpp/venv/lib/python3.12/site-packages (from -r /scratch/llama.cpp/requirements/requirements-test-tokenizer-random.txt (line 1)) (1.16.0)

Requirement already satisfied: pandas~=2.2.3 in /scratch/llama.cpp/venv/lib/python3.12/site-packages (from -r /scratch/llama.cpp/requirements/requirements-tool_bench.txt (line 7)) (2.2.3)

Requirement already satisfied: typer~=0.24.1 in /scratch/llama.cpp/venv/lib/python3.12/site-packages (from -r /scratch/llama.cpp/requirements/requirements-tool_bench.txt (line 11)) (0.24.2)

Requirement already satisfied: seaborn~=0.13.2 in /scratch/llama.cpp/venv/lib/python3.12/site-packages (from -r /scratch/llama.cpp/requirements/requirements-tool_bench.txt (line 12)) (0.13.2)

Requirement already satisfied: PySide6~=6.9.0 in /scratch/llama.cpp/venv/lib/python3.12/site-packages (from -r /scratch/llama.cpp/requirements/requirements-gguf_editor_gui.txt (line 2)) (6.9.3)

Requirement already satisfied: accelerate in /scratch/llama.cpp/venv/lib/python3.12/site-packages (from -r /scratch/llama.cpp/examples/model-conversion/requirements.txt (line 6)) (1.13.0)

Requirement already satisfied: sentence-transformers in /scratch/llama.cpp/venv/lib/python3.12/site-packages (from -r /scratch/llama.cpp/examples/model-conversion/requirements.txt (line 7)) (5.5.0)

Requirement already satisfied: packaging>=20.0 in /scratch/llama.cpp/venv/lib/python3.12/site-packages (from transformers==5.5.1->-r /scratch/llama.cpp/requirements/requirements-convert_legacy_llama.txt (line 4)) (26.2)

Requirement already satisfied: pyyaml>=5.1 in /scratch/llama.cpp/venv/lib/python3.12/site-packages (from transformers==5.5.1->-r /scratch/llama.cpp/requirements/requirements-convert_legacy_llama.txt (line 4)) (6.0.3)

Requirement already satisfied: regex>=2025.10.22 in /scratch/llama.cpp/venv/lib/python3.12/site-packages (from transformers==5.5.1->-r /scratch/llama.cpp/requirements/requirements-convert_legacy_llama.txt (line 4)) (2026.5.9)

Requirement already satisfied: tokenizers<=0.23.0,>=0.22.0 in /scratch/llama.cpp/venv/lib/python3.12/site-packages (from transformers==5.5.1->-r /scratch/llama.cpp/requirements/requirements-convert_legacy_llama.txt (line 4)) (0.22.2)

Requirement already satisfied: safetensors>=0.4.3 in /scratch/llama.cpp/venv/lib/python3.12/site-packages (from transformers==5.5.1->-r /scratch/llama.cpp/requirements/requirements-convert_legacy_llama.txt (line 4)) (0.7.0)

Requirement already satisfied: filelock in /scratch/llama.cpp/venv/lib/python3.12/site-packages (from torch~=2.6.0->-r /scratch/llama.cpp/tools/mtmd/requirements.txt (line 4)) (3.29.0)

Requirement already satisfied: typing-extensions>=4.10.0 in /scratch/llama.cpp/venv/lib/python3.12/site-packages (from torch~=2.6.0->-r /scratch/llama.cpp/tools/mtmd/requirements.txt (line 4)) (4.15.0)

Requirement already satisfied: networkx in /scratch/llama.cpp/venv/lib/python3.12/site-packages (from torch~=2.6.0->-r /scratch/llama.cpp/tools/mtmd/requirements.txt (line 4)) (3.6.1)

Requirement already satisfied: jinja2 in /scratch/llama.cpp/venv/lib/python3.12/site-packages (from torch~=2.6.0->-r /scratch/llama.cpp/tools/mtmd/requirements.txt (line 4)) (3.1.6)

Requirement already satisfied: fsspec in /scratch/llama.cpp/venv/lib/python3.12/site-packages (from torch~=2.6.0->-r /scratch/llama.cpp/tools/mtmd/requirements.txt (line 4)) (2024.9.0)

Requirement already satisfied: setuptools in /scratch/llama.cpp/venv/lib/python3.12/site-packages (from torch~=2.6.0->-r /scratch/llama.cpp/tools/mtmd/requirements.txt (line 4)) (82.0.1)

Requirement already satisfied: sympy==1.13.1 in /scratch/llama.cpp/venv/lib/python3.12/site-packages (from torch~=2.6.0->-r /scratch/llama.cpp/tools/mtmd/requirements.txt (line 4)) (1.13.1)

Requirement already satisfied: mpmath<1.4,>=1.1.0 in /scratch/llama.cpp/venv/lib/python3.12/site-packages (from sympy==1.13.1->torch~=2.6.0->-r /scratch/llama.cpp/tools/mtmd/requirements.txt (line 4)) (1.3.0)

Requirement already satisfied: contourpy>=1.0.1 in /scratch/llama.cpp/venv/lib/python3.12/site-packages (from matplotlib->-r /scratch/llama.cpp/tools/server/bench/requirements.txt (line 1)) (1.3.3)

Requirement already satisfied: cycler>=0.10 in /scratch/llama.cpp/venv/lib/python3.12/site-packages (from matplotlib->-r /scratch/llama.cpp/tools/server/bench/requirements.txt (line 1)) (0.12.1)

Requirement already satisfied: fonttools>=4.22.0 in /scratch/llama.cpp/venv/lib/python3.12/site-packages (from matplotlib->-r /scratch/llama.cpp/tools/server/bench/requirements.txt (line 1)) (4.63.0)

Requirement already satisfied: kiwisolver>=1.3.1 in /scratch/llama.cpp/venv/lib/python3.12/site-packages (from matplotlib->-r /scratch/llama.cpp/tools/server/bench/requirements.txt (line 1)) (1.5.0)

Requirement already satisfied: pyparsing>=3 in /scratch/llama.cpp/venv/lib/python3.12/site-packages (from matplotlib->-r /scratch/llama.cpp/tools/server/bench/requirements.txt (line 1)) (3.3.2)

Requirement already satisfied: python-dateutil>=2.7 in /scratch/llama.cpp/venv/lib/python3.12/site-packages (from matplotlib->-r /scratch/llama.cpp/tools/server/bench/requirements.txt (line 1)) (2.9.0.post0)

Requirement already satisfied: charset_normalizer<4,>=2 in /scratch/llama.cpp/venv/lib/python3.12/site-packages (from requests->-r /scratch/llama.cpp/tools/server/bench/requirements.txt (line 2)) (3.4.7)

Requirement already satisfied: idna<4,>=2.5 in /scratch/llama.cpp/venv/lib/python3.12/site-packages (from requests->-r /scratch/llama.cpp/tools/server/bench/requirements.txt (line 2)) (3.15)

Requirement already satisfied: urllib3<3,>=1.21.1 in /scratch/llama.cpp/venv/lib/python3.12/site-packages (from requests->-r /scratch/llama.cpp/tools/server/bench/requirements.txt (line 2)) (2.7.0)

Requirement already satisfied: certifi>=2017.4.17 in /scratch/llama.cpp/venv/lib/python3.12/site-packages (from requests->-r /scratch/llama.cpp/tools/server/bench/requirements.txt (line 2)) (2026.4.22)

Requirement already satisfied: aiosignal>=1.1.2 in /scratch/llama.cpp/venv/lib/python3.12/site-packages (from aiohttp~=3.9.3->-r /scratch/llama.cpp/tools/server/tests/requirements.txt (line 1)) (1.4.0)

Requirement already satisfied: attrs>=17.3.0 in /scratch/llama.cpp/venv/lib/python3.12/site-packages (from aiohttp~=3.9.3->-r /scratch/llama.cpp/tools/server/tests/requirements.txt (line 1)) (26.1.0)

Requirement already satisfied: frozenlist>=1.1.1 in /scratch/llama.cpp/venv/lib/python3.12/site-packages (from aiohttp~=3.9.3->-r /scratch/llama.cpp/tools/server/tests/requirements.txt (line 1)) (1.8.0)

Requirement already satisfied: multidict<7.0,>=4.5 in /scratch/llama.cpp/venv/lib/python3.12/site-packages (from aiohttp~=3.9.3->-r /scratch/llama.cpp/tools/server/tests/requirements.txt (line 1)) (6.7.1)

Requirement already satisfied: yarl<2.0,>=1.0 in /scratch/llama.cpp/venv/lib/python3.12/site-packages (from aiohttp~=3.9.3->-r /scratch/llama.cpp/tools/server/tests/requirements.txt (line 1)) (1.23.0)

Requirement already satisfied: iniconfig in /scratch/llama.cpp/venv/lib/python3.12/site-packages (from pytest~=8.3.3->-r /scratch/llama.cpp/tools/server/tests/requirements.txt (line 2)) (2.3.0)

Requirement already satisfied: pluggy<2,>=1.5 in /scratch/llama.cpp/venv/lib/python3.12/site-packages (from pytest~=8.3.3->-r /scratch/llama.cpp/tools/server/tests/requirements.txt (line 2)) (1.6.0)

Requirement already satisfied: hf-xet<2.0.0,>=1.4.3 in /scratch/llama.cpp/venv/lib/python3.12/site-packages (from huggingface_hub<2.0,>=1.5.0->-r /scratch/llama.cpp/tools/server/tests/requirements.txt (line 3)) (1.5.0)

Requirement already satisfied: httpx<1,>=0.23.0 in /scratch/llama.cpp/venv/lib/python3.12/site-packages (from huggingface_hub<2.0,>=1.5.0->-r /scratch/llama.cpp/tools/server/tests/requirements.txt (line 3)) (0.28.1)

Requirement already satisfied: anyio<5,>=3.5.0 in /scratch/llama.cpp/venv/lib/python3.12/site-packages (from openai~=2.14.0->-r /scratch/llama.cpp/tools/server/tests/requirements.txt (line 5)) (4.13.0)

Requirement already satisfied: distro<2,>=1.7.0 in /scratch/llama.cpp/venv/lib/python3.12/site-packages (from openai~=2.14.0->-r /scratch/llama.cpp/tools/server/tests/requirements.txt (line 5)) (1.9.0)

Requirement already satisfied: jiter<1,>=0.10.0 in /scratch/llama.cpp/venv/lib/python3.12/site-packages (from openai~=2.14.0->-r /scratch/llama.cpp/tools/server/tests/requirements.txt (line 5)) (0.14.0)

Requirement already satisfied: sniffio in /scratch/llama.cpp/venv/lib/python3.12/site-packages (from openai~=2.14.0->-r /scratch/llama.cpp/tools/server/tests/requirements.txt (line 5)) (1.3.1)

Requirement already satisfied: gitdb<5,>=4.0.1 in /scratch/llama.cpp/venv/lib/python3.12/site-packages (from GitPython~=3.1.43->-r /scratch/llama.cpp/requirements/requirements-compare-llama-bench.txt (line 2)) (4.0.12)

Requirement already satisfied: pyarrow>=15.0.0 in /scratch/llama.cpp/venv/lib/python3.12/site-packages (from datasets~=3.2.0->-r /scratch/llama.cpp/requirements/requirements-server-bench.txt (line 1)) (24.0.0)

Requirement already satisfied: dill<0.3.9,>=0.3.0 in /scratch/llama.cpp/venv/lib/python3.12/site-packages (from datasets~=3.2.0->-r /scratch/llama.cpp/requirements/requirements-server-bench.txt (line 1)) (0.3.8)

Requirement already satisfied: xxhash in /scratch/llama.cpp/venv/lib/python3.12/site-packages (from datasets~=3.2.0->-r /scratch/llama.cpp/requirements/requirements-server-bench.txt (line 1)) (3.7.0)

Requirement already satisfied: multiprocess<0.70.17 in /scratch/llama.cpp/venv/lib/python3.12/site-packages (from datasets~=3.2.0->-r /scratch/llama.cpp/requirements/requirements-server-bench.txt (line 1)) (0.70.16)

Requirement already satisfied: annotated-types>=0.6.0 in /scratch/llama.cpp/venv/lib/python3.12/site-packages (from pydantic~=2.11.7->-r /scratch/llama.cpp/requirements/requirements-pydantic.txt (line 2)) (0.7.0)

Requirement already satisfied: pydantic-core==2.33.2 in /scratch/llama.cpp/venv/lib/python3.12/site-packages (from pydantic~=2.11.7->-r /scratch/llama.cpp/requirements/requirements-pydantic.txt (line 2)) (2.33.2)

Requirement already satisfied: typing-inspection>=0.4.0 in /scratch/llama.cpp/venv/lib/python3.12/site-packages (from pydantic~=2.11.7->-r /scratch/llama.cpp/requirements/requirements-pydantic.txt (line 2)) (0.4.2)

Requirement already satisfied: pycparser in /scratch/llama.cpp/venv/lib/python3.12/site-packages (from cffi~=1.16.0->-r /scratch/llama.cpp/requirements/requirements-test-tokenizer-random.txt (line 1)) (3.0)

Requirement already satisfied: pytz>=2020.1 in /scratch/llama.cpp/venv/lib/python3.12/site-packages (from pandas~=2.2.3->-r /scratch/llama.cpp/requirements/requirements-tool_bench.txt (line 7)) (2026.2)

Requirement already satisfied: tzdata>=2022.7 in /scratch/llama.cpp/venv/lib/python3.12/site-packages (from pandas~=2.2.3->-r /scratch/llama.cpp/requirements/requirements-tool_bench.txt (line 7)) (2026.2)

Requirement already satisfied: click>=8.2.1 in /scratch/llama.cpp/venv/lib/python3.12/site-packages (from typer~=0.24.1->-r /scratch/llama.cpp/requirements/requirements-tool_bench.txt (line 11)) (8.4.0)

Requirement already satisfied: shellingham>=1.3.0 in /scratch/llama.cpp/venv/lib/python3.12/site-packages (from typer~=0.24.1->-r /scratch/llama.cpp/requirements/requirements-tool_bench.txt (line 11)) (1.5.4)

Requirement already satisfied: rich>=12.3.0 in /scratch/llama.cpp/venv/lib/python3.12/site-packages (from typer~=0.24.1->-r /scratch/llama.cpp/requirements/requirements-tool_bench.txt (line 11)) (15.0.0)

Requirement already satisfied: annotated-doc>=0.0.2 in /scratch/llama.cpp/venv/lib/python3.12/site-packages (from typer~=0.24.1->-r /scratch/llama.cpp/requirements/requirements-tool_bench.txt (line 11)) (0.0.4)

Requirement already satisfied: shiboken6==6.9.3 in /scratch/llama.cpp/venv/lib/python3.12/site-packages (from PySide6~=6.9.0->-r /scratch/llama.cpp/requirements/requirements-gguf_editor_gui.txt (line 2)) (6.9.3)

Requirement already satisfied: PySide6_Essentials==6.9.3 in /scratch/llama.cpp/venv/lib/python3.12/site-packages (from PySide6~=6.9.0->-r /scratch/llama.cpp/requirements/requirements-gguf_editor_gui.txt (line 2)) (6.9.3)

Requirement already satisfied: PySide6_Addons==6.9.3 in /scratch/llama.cpp/venv/lib/python3.12/site-packages (from PySide6~=6.9.0->-r /scratch/llama.cpp/requirements/requirements-gguf_editor_gui.txt (line 2)) (6.9.3)

Requirement already satisfied: smmap<6,>=3.0.1 in /scratch/llama.cpp/venv/lib/python3.12/site-packages (from gitdb<5,>=4.0.1->GitPython~=3.1.43->-r /scratch/llama.cpp/requirements/requirements-compare-llama-bench.txt (line 2)) (5.0.3)

Requirement already satisfied: httpcore==1.* in /scratch/llama.cpp/venv/lib/python3.12/site-packages (from httpx<1,>=0.23.0->huggingface_hub<2.0,>=1.5.0->-r /scratch/llama.cpp/tools/server/tests/requirements.txt (line 3)) (1.0.9)

Requirement already satisfied: h11>=0.16 in /scratch/llama.cpp/venv/lib/python3.12/site-packages (from httpcore==1.*->httpx<1,>=0.23.0->huggingface_hub<2.0,>=1.5.0->-r /scratch/llama.cpp/tools/server/tests/requirements.txt (line 3)) (0.16.0)

Requirement already satisfied: propcache>=0.2.1 in /scratch/llama.cpp/venv/lib/python3.12/site-packages (from yarl<2.0,>=1.0->aiohttp~=3.9.3->-r /scratch/llama.cpp/tools/server/tests/requirements.txt (line 1)) (0.5.2)

Requirement already satisfied: psutil in /scratch/llama.cpp/venv/lib/python3.12/site-packages (from accelerate->-r /scratch/llama.cpp/examples/model-conversion/requirements.txt (line 6)) (7.2.2)

Requirement already satisfied: scikit-learn>=0.22.0 in /scratch/llama.cpp/venv/lib/python3.12/site-packages (from sentence-transformers->-r /scratch/llama.cpp/examples/model-conversion/requirements.txt (line 7)) (1.8.0)

Requirement already satisfied: scipy>=1.0.0 in /scratch/llama.cpp/venv/lib/python3.12/site-packages (from sentence-transformers->-r /scratch/llama.cpp/examples/model-conversion/requirements.txt (line 7)) (1.17.1)

Requirement already satisfied: six>=1.5 in /scratch/llama.cpp/venv/lib/python3.12/site-packages (from python-dateutil>=2.7->matplotlib->-r /scratch/llama.cpp/tools/server/bench/requirements.txt (line 1)) (1.17.0)

Requirement already satisfied: markdown-it-py>=2.2.0 in /scratch/llama.cpp/venv/lib/python3.12/site-packages (from rich>=12.3.0->typer~=0.24.1->-r /scratch/llama.cpp/requirements/requirements-tool_bench.txt (line 11)) (4.2.0)

Requirement already satisfied: pygments<3.0.0,>=2.13.0 in /scratch/llama.cpp/venv/lib/python3.12/site-packages (from rich>=12.3.0->typer~=0.24.1->-r /scratch/llama.cpp/requirements/requirements-tool_bench.txt (line 11)) (2.20.0)

Requirement already satisfied: mdurl~=0.1 in /scratch/llama.cpp/venv/lib/python3.12/site-packages (from markdown-it-py>=2.2.0->rich>=12.3.0->typer~=0.24.1->-r /scratch/llama.cpp/requirements/requirements-tool_bench.txt (line 11)) (0.1.2)

Requirement already satisfied: joblib>=1.3.0 in /scratch/llama.cpp/venv/lib/python3.12/site-packages (from scikit-learn>=0.22.0->sentence-transformers->-r /scratch/llama.cpp/examples/model-conversion/requirements.txt (line 7)) (1.5.3)

Requirement already satisfied: threadpoolctl>=3.2.0 in /scratch/llama.cpp/venv/lib/python3.12/site-packages (from scikit-learn>=0.22.0->sentence-transformers->-r /scratch/llama.cpp/examples/model-conversion/requirements.txt (line 7)) (3.6.0)

Requirement already satisfied: MarkupSafe>=2.0 in /scratch/llama.cpp/venv/lib/python3.12/site-packages (from jinja2->torch~=2.6.0->-r /scratch/llama.cpp/tools/mtmd/requirements.txt (line 4)) (3.0.3)

Looking in links: /home/leesihun/home_dir/GPU_server_downloads/wheels/llamacpp

Requirement already satisfied: tabulate~=0.9.0 in /scratch/llama.cpp/venv/lib/python3.12/site-packages (from -r /scratch/llama.cpp/requirements/requirements-compare-llama-bench.txt (line 1)) (0.9.0)

Requirement already satisfied: GitPython~=3.1.43 in /scratch/llama.cpp/venv/lib/python3.12/site-packages (from -r /scratch/llama.cpp/requirements/requirements-compare-llama-bench.txt (line 2)) (3.1.50)

Requirement already satisfied: matplotlib~=3.10.0 in /scratch/llama.cpp/venv/lib/python3.12/site-packages (from -r /scratch/llama.cpp/requirements/requirements-compare-llama-bench.txt (line 3)) (3.10.9)

Requirement already satisfied: gitdb<5,>=4.0.1 in /scratch/llama.cpp/venv/lib/python3.12/site-packages (from GitPython~=3.1.43->-r /scratch/llama.cpp/requirements/requirements-compare-llama-bench.txt (line 2)) (4.0.12)

Requirement already satisfied: contourpy>=1.0.1 in /scratch/llama.cpp/venv/lib/python3.12/site-packages (from matplotlib~=3.10.0->-r /scratch/llama.cpp/requirements/requirements-compare-llama-bench.txt (line 3)) (1.3.3)

Requirement already satisfied: cycler>=0.10 in /scratch/llama.cpp/venv/lib/python3.12/site-packages (from matplotlib~=3.10.0->-r /scratch/llama.cpp/requirements/requirements-compare-llama-bench.txt (line 3)) (0.12.1)

Requirement already satisfied: fonttools>=4.22.0 in /scratch/llama.cpp/venv/lib/python3.12/site-packages (from matplotlib~=3.10.0->-r /scratch/llama.cpp/requirements/requirements-compare-llama-bench.txt (line 3)) (4.63.0)

Requirement already satisfied: kiwisolver>=1.3.1 in /scratch/llama.cpp/venv/lib/python3.12/site-packages (from matplotlib~=3.10.0->-r /scratch/llama.cpp/requirements/requirements-compare-llama-bench.txt (line 3)) (1.5.0)

Requirement already satisfied: numpy>=1.23 in /scratch/llama.cpp/venv/lib/python3.12/site-packages (from matplotlib~=3.10.0->-r /scratch/llama.cpp/requirements/requirements-compare-llama-bench.txt (line 3)) (1.26.4)

Requirement already satisfied: packaging>=20.0 in /scratch/llama.cpp/venv/lib/python3.12/site-packages (from matplotlib~=3.10.0->-r /scratch/llama.cpp/requirements/requirements-compare-llama-bench.txt (line 3)) (26.2)

Requirement already satisfied: pillow>=8 in /scratch/llama.cpp/venv/lib/python3.12/site-packages (from matplotlib~=3.10.0->-r /scratch/llama.cpp/requirements/requirements-compare-llama-bench.txt (line 3)) (11.3.0)

Requirement already satisfied: pyparsing>=3 in /scratch/llama.cpp/venv/lib/python3.12/site-packages (from matplotlib~=3.10.0->-r /scratch/llama.cpp/requirements/requirements-compare-llama-bench.txt (line 3)) (3.3.2)

Requirement already satisfied: python-dateutil>=2.7 in /scratch/llama.cpp/venv/lib/python3.12/site-packages (from matplotlib~=3.10.0->-r /scratch/llama.cpp/requirements/requirements-compare-llama-bench.txt (line 3)) (2.9.0.post0)

Requirement already satisfied: smmap<6,>=3.0.1 in /scratch/llama.cpp/venv/lib/python3.12/site-packages (from gitdb<5,>=4.0.1->GitPython~=3.1.43->-r /scratch/llama.cpp/requirements/requirements-compare-llama-bench.txt (line 2)) (5.0.3)

Requirement already satisfied: six>=1.5 in /scratch/llama.cpp/venv/lib/python3.12/site-packages (from python-dateutil>=2.7->matplotlib~=3.10.0->-r /scratch/llama.cpp/requirements/requirements-compare-llama-bench.txt (line 3)) (1.17.0)

Looking in links: /home/leesihun/home_dir/GPU_server_downloads/wheels/llamacpp

Ignoring torch: markers 'platform_machine == "s390x"' don't match your environment

Requirement already satisfied: numpy~=1.26.4 in /scratch/llama.cpp/venv/lib/python3.12/site-packages (from -r /scratch/llama.cpp/requirements/requirements-convert_legacy_llama.txt (line 1)) (1.26.4)

Requirement already satisfied: sentencepiece<0.3.0,>=0.1.98 in /scratch/llama.cpp/venv/lib/python3.12/site-packages (from -r /scratch/llama.cpp/requirements/requirements-convert_legacy_llama.txt (line 2)) (0.2.1)

Requirement already satisfied: transformers==5.5.1 in /scratch/llama.cpp/venv/lib/python3.12/site-packages (from -r /scratch/llama.cpp/requirements/requirements-convert_legacy_llama.txt (line 4)) (5.5.1)

Requirement already satisfied: gguf>=0.1.0 in /scratch/llama.cpp/venv/lib/python3.12/site-packages (from -r /scratch/llama.cpp/requirements/requirements-convert_legacy_llama.txt (line 6)) (0.19.0)

Requirement already satisfied: protobuf<5.0.0,>=4.21.0 in /scratch/llama.cpp/venv/lib/python3.12/site-packages (from -r /scratch/llama.cpp/requirements/requirements-convert_legacy_llama.txt (line 7)) (4.25.9)

Requirement already satisfied: torch~=2.6.0 in /scratch/llama.cpp/venv/lib/python3.12/site-packages (from -r /scratch/llama.cpp/requirements/requirements-convert_hf_to_gguf.txt (line 5)) (2.6.0+cpu)

Requirement already satisfied: huggingface-hub<2.0,>=1.5.0 in /scratch/llama.cpp/venv/lib/python3.12/site-packages (from transformers==5.5.1->-r /scratch/llama.cpp/requirements/requirements-convert_legacy_llama.txt (line 4)) (1.15.0)

Requirement already satisfied: packaging>=20.0 in /scratch/llama.cpp/venv/lib/python3.12/site-packages (from transformers==5.5.1->-r /scratch/llama.cpp/requirements/requirements-convert_legacy_llama.txt (line 4)) (26.2)

Requirement already satisfied: pyyaml>=5.1 in /scratch/llama.cpp/venv/lib/python3.12/site-packages (from transformers==5.5.1->-r /scratch/llama.cpp/requirements/requirements-convert_legacy_llama.txt (line 4)) (6.0.3)

Requirement already satisfied: regex>=2025.10.22 in /scratch/llama.cpp/venv/lib/python3.12/site-packages (from transformers==5.5.1->-r /scratch/llama.cpp/requirements/requirements-convert_legacy_llama.txt (line 4)) (2026.5.9)

Requirement already satisfied: tokenizers<=0.23.0,>=0.22.0 in /scratch/llama.cpp/venv/lib/python3.12/site-packages (from transformers==5.5.1->-r /scratch/llama.cpp/requirements/requirements-convert_legacy_llama.txt (line 4)) (0.22.2)

Requirement already satisfied: typer in /scratch/llama.cpp/venv/lib/python3.12/site-packages (from transformers==5.5.1->-r /scratch/llama.cpp/requirements/requirements-convert_legacy_llama.txt (line 4)) (0.24.2)

Requirement already satisfied: safetensors>=0.4.3 in /scratch/llama.cpp/venv/lib/python3.12/site-packages (from transformers==5.5.1->-r /scratch/llama.cpp/requirements/requirements-convert_legacy_llama.txt (line 4)) (0.7.0)

Requirement already satisfied: tqdm>=4.27 in /scratch/llama.cpp/venv/lib/python3.12/site-packages (from transformers==5.5.1->-r /scratch/llama.cpp/requirements/requirements-convert_legacy_llama.txt (line 4)) (4.67.3)

Requirement already satisfied: filelock in /scratch/llama.cpp/venv/lib/python3.12/site-packages (from torch~=2.6.0->-r /scratch/llama.cpp/requirements/requirements-convert_hf_to_gguf.txt (line 5)) (3.29.0)

Requirement already satisfied: typing-extensions>=4.10.0 in /scratch/llama.cpp/venv/lib/python3.12/site-packages (from torch~=2.6.0->-r /scratch/llama.cpp/requirements/requirements-convert_hf_to_gguf.txt (line 5)) (4.15.0)

Requirement already satisfied: networkx in /scratch/llama.cpp/venv/lib/python3.12/site-packages (from torch~=2.6.0->-r /scratch/llama.cpp/requirements/requirements-convert_hf_to_gguf.txt (line 5)) (3.6.1)

Requirement already satisfied: jinja2 in /scratch/llama.cpp/venv/lib/python3.12/site-packages (from torch~=2.6.0->-r /scratch/llama.cpp/requirements/requirements-convert_hf_to_gguf.txt (line 5)) (3.1.6)

Requirement already satisfied: fsspec in /scratch/llama.cpp/venv/lib/python3.12/site-packages (from torch~=2.6.0->-r /scratch/llama.cpp/requirements/requirements-convert_hf_to_gguf.txt (line 5)) (2024.9.0)

Requirement already satisfied: setuptools in /scratch/llama.cpp/venv/lib/python3.12/site-packages (from torch~=2.6.0->-r /scratch/llama.cpp/requirements/requirements-convert_hf_to_gguf.txt (line 5)) (82.0.1)

Requirement already satisfied: sympy==1.13.1 in /scratch/llama.cpp/venv/lib/python3.12/site-packages (from torch~=2.6.0->-r /scratch/llama.cpp/requirements/requirements-convert_hf_to_gguf.txt (line 5)) (1.13.1)

Requirement already satisfied: mpmath<1.4,>=1.1.0 in /scratch/llama.cpp/venv/lib/python3.12/site-packages (from sympy==1.13.1->torch~=2.6.0->-r /scratch/llama.cpp/requirements/requirements-convert_hf_to_gguf.txt (line 5)) (1.3.0)

Requirement already satisfied: hf-xet<2.0.0,>=1.4.3 in /scratch/llama.cpp/venv/lib/python3.12/site-packages (from huggingface-hub<2.0,>=1.5.0->transformers==5.5.1->-r /scratch/llama.cpp/requirements/requirements-convert_legacy_llama.txt (line 4)) (1.5.0)

Requirement already satisfied: httpx<1,>=0.23.0 in /scratch/llama.cpp/venv/lib/python3.12/site-packages (from huggingface-hub<2.0,>=1.5.0->transformers==5.5.1->-r /scratch/llama.cpp/requirements/requirements-convert_legacy_llama.txt (line 4)) (0.28.1)

Requirement already satisfied: anyio in /scratch/llama.cpp/venv/lib/python3.12/site-packages (from httpx<1,>=0.23.0->huggingface-hub<2.0,>=1.5.0->transformers==5.5.1->-r /scratch/llama.cpp/requirements/requirements-convert_legacy_llama.txt (line 4)) (4.13.0)

Requirement already satisfied: certifi in /scratch/llama.cpp/venv/lib/python3.12/site-packages (from httpx<1,>=0.23.0->huggingface-hub<2.0,>=1.5.0->transformers==5.5.1->-r /scratch/llama.cpp/requirements/requirements-convert_legacy_llama.txt (line 4)) (2026.4.22)

Requirement already satisfied: httpcore==1.* in /scratch/llama.cpp/venv/lib/python3.12/site-packages (from httpx<1,>=0.23.0->huggingface-hub<2.0,>=1.5.0->transformers==5.5.1->-r /scratch/llama.cpp/requirements/requirements-convert_legacy_llama.txt (line 4)) (1.0.9)

Requirement already satisfied: idna in /scratch/llama.cpp/venv/lib/python3.12/site-packages (from httpx<1,>=0.23.0->huggingface-hub<2.0,>=1.5.0->transformers==5.5.1->-r /scratch/llama.cpp/requirements/requirements-convert_legacy_llama.txt (line 4)) (3.15)

Requirement already satisfied: h11>=0.16 in /scratch/llama.cpp/venv/lib/python3.12/site-packages (from httpcore==1.*->httpx<1,>=0.23.0->huggingface-hub<2.0,>=1.5.0->transformers==5.5.1->-r /scratch/llama.cpp/requirements/requirements-convert_legacy_llama.txt (line 4)) (0.16.0)

Requirement already satisfied: requests>=2.25 in /scratch/llama.cpp/venv/lib/python3.12/site-packages (from gguf>=0.1.0->-r /scratch/llama.cpp/requirements/requirements-convert_legacy_llama.txt (line 6)) (2.32.5)

Requirement already satisfied: charset_normalizer<4,>=2 in /scratch/llama.cpp/venv/lib/python3.12/site-packages (from requests>=2.25->gguf>=0.1.0->-r /scratch/llama.cpp/requirements/requirements-convert_legacy_llama.txt (line 6)) (3.4.7)

Requirement already satisfied: urllib3<3,>=1.21.1 in /scratch/llama.cpp/venv/lib/python3.12/site-packages (from requests>=2.25->gguf>=0.1.0->-r /scratch/llama.cpp/requirements/requirements-convert_legacy_llama.txt (line 6)) (2.7.0)

Requirement already satisfied: click>=8.2.1 in /scratch/llama.cpp/venv/lib/python3.12/site-packages (from typer->transformers==5.5.1->-r /scratch/llama.cpp/requirements/requirements-convert_legacy_llama.txt (line 4)) (8.4.0)

Requirement already satisfied: shellingham>=1.3.0 in /scratch/llama.cpp/venv/lib/python3.12/site-packages (from typer->transformers==5.5.1->-r /scratch/llama.cpp/requirements/requirements-convert_legacy_llama.txt (line 4)) (1.5.4)

Requirement already satisfied: rich>=12.3.0 in /scratch/llama.cpp/venv/lib/python3.12/site-packages (from typer->transformers==5.5.1->-r /scratch/llama.cpp/requirements/requirements-convert_legacy_llama.txt (line 4)) (15.0.0)

Requirement already satisfied: annotated-doc>=0.0.2 in /scratch/llama.cpp/venv/lib/python3.12/site-packages (from typer->transformers==5.5.1->-r /scratch/llama.cpp/requirements/requirements-convert_legacy_llama.txt (line 4)) (0.0.4)

Requirement already satisfied: markdown-it-py>=2.2.0 in /scratch/llama.cpp/venv/lib/python3.12/site-packages (from rich>=12.3.0->typer->transformers==5.5.1->-r /scratch/llama.cpp/requirements/requirements-convert_legacy_llama.txt (line 4)) (4.2.0)

Requirement already satisfied: pygments<3.0.0,>=2.13.0 in /scratch/llama.cpp/venv/lib/python3.12/site-packages (from rich>=12.3.0->typer->transformers==5.5.1->-r /scratch/llama.cpp/requirements/requirements-convert_legacy_llama.txt (line 4)) (2.20.0)

Requirement already satisfied: mdurl~=0.1 in /scratch/llama.cpp/venv/lib/python3.12/site-packages (from markdown-it-py>=2.2.0->rich>=12.3.0->typer->transformers==5.5.1->-r /scratch/llama.cpp/requirements/requirements-convert_legacy_llama.txt (line 4)) (0.1.2)

Requirement already satisfied: MarkupSafe>=2.0 in /scratch/llama.cpp/venv/lib/python3.12/site-packages (from jinja2->torch~=2.6.0->-r /scratch/llama.cpp/requirements/requirements-convert_hf_to_gguf.txt (line 5)) (3.0.3)

Looking in links: /home/leesihun/home_dir/GPU_server_downloads/wheels/llamacpp

Requirement already satisfied: numpy~=1.26.4 in /scratch/llama.cpp/venv/lib/python3.12/site-packages (from -r /scratch/llama.cpp/requirements/requirements-convert_legacy_llama.txt (line 1)) (1.26.4)

Requirement already satisfied: sentencepiece<0.3.0,>=0.1.98 in /scratch/llama.cpp/venv/lib/python3.12/site-packages (from -r /scratch/llama.cpp/requirements/requirements-convert_legacy_llama.txt (line 2)) (0.2.1)

Requirement already satisfied: transformers==5.5.1 in /scratch/llama.cpp/venv/lib/python3.12/site-packages (from -r /scratch/llama.cpp/requirements/requirements-convert_legacy_llama.txt (line 4)) (5.5.1)

Requirement already satisfied: gguf>=0.1.0 in /scratch/llama.cpp/venv/lib/python3.12/site-packages (from -r /scratch/llama.cpp/requirements/requirements-convert_legacy_llama.txt (line 6)) (0.19.0)

Requirement already satisfied: protobuf<5.0.0,>=4.21.0 in /scratch/llama.cpp/venv/lib/python3.12/site-packages (from -r /scratch/llama.cpp/requirements/requirements-convert_legacy_llama.txt (line 7)) (4.25.9)

Requirement already satisfied: huggingface-hub<2.0,>=1.5.0 in /scratch/llama.cpp/venv/lib/python3.12/site-packages (from transformers==5.5.1->-r /scratch/llama.cpp/requirements/requirements-convert_legacy_llama.txt (line 4)) (1.15.0)

Requirement already satisfied: packaging>=20.0 in /scratch/llama.cpp/venv/lib/python3.12/site-packages (from transformers==5.5.1->-r /scratch/llama.cpp/requirements/requirements-convert_legacy_llama.txt (line 4)) (26.2)

Requirement already satisfied: pyyaml>=5.1 in /scratch/llama.cpp/venv/lib/python3.12/site-packages (from transformers==5.5.1->-r /scratch/llama.cpp/requirements/requirements-convert_legacy_llama.txt (line 4)) (6.0.3)

Requirement already satisfied: regex>=2025.10.22 in /scratch/llama.cpp/venv/lib/python3.12/site-packages (from transformers==5.5.1->-r /scratch/llama.cpp/requirements/requirements-convert_legacy_llama.txt (line 4)) (2026.5.9)

Requirement already satisfied: tokenizers<=0.23.0,>=0.22.0 in /scratch/llama.cpp/venv/lib/python3.12/site-packages (from transformers==5.5.1->-r /scratch/llama.cpp/requirements/requirements-convert_legacy_llama.txt (line 4)) (0.22.2)

Requirement already satisfied: typer in /scratch/llama.cpp/venv/lib/python3.12/site-packages (from transformers==5.5.1->-r /scratch/llama.cpp/requirements/requirements-convert_legacy_llama.txt (line 4)) (0.24.2)

Requirement already satisfied: safetensors>=0.4.3 in /scratch/llama.cpp/venv/lib/python3.12/site-packages (from transformers==5.5.1->-r /scratch/llama.cpp/requirements/requirements-convert_legacy_llama.txt (line 4)) (0.7.0)

Requirement already satisfied: tqdm>=4.27 in /scratch/llama.cpp/venv/lib/python3.12/site-packages (from transformers==5.5.1->-r /scratch/llama.cpp/requirements/requirements-convert_legacy_llama.txt (line 4)) (4.67.3)

Requirement already satisfied: filelock>=3.10.0 in /scratch/llama.cpp/venv/lib/python3.12/site-packages (from huggingface-hub<2.0,>=1.5.0->transformers==5.5.1->-r /scratch/llama.cpp/requirements/requirements-convert_legacy_llama.txt (line 4)) (3.29.0)

Requirement already satisfied: fsspec>=2023.5.0 in /scratch/llama.cpp/venv/lib/python3.12/site-packages (from huggingface-hub<2.0,>=1.5.0->transformers==5.5.1->-r /scratch/llama.cpp/requirements/requirements-convert_legacy_llama.txt (line 4)) (2024.9.0)

Requirement already satisfied: hf-xet<2.0.0,>=1.4.3 in /scratch/llama.cpp/venv/lib/python3.12/site-packages (from huggingface-hub<2.0,>=1.5.0->transformers==5.5.1->-r /scratch/llama.cpp/requirements/requirements-convert_legacy_llama.txt (line 4)) (1.5.0)

Requirement already satisfied: httpx<1,>=0.23.0 in /scratch/llama.cpp/venv/lib/python3.12/site-packages (from huggingface-hub<2.0,>=1.5.0->transformers==5.5.1->-r /scratch/llama.cpp/requirements/requirements-convert_legacy_llama.txt (line 4)) (0.28.1)

Requirement already satisfied: typing-extensions>=4.1.0 in /scratch/llama.cpp/venv/lib/python3.12/site-packages (from huggingface-hub<2.0,>=1.5.0->transformers==5.5.1->-r /scratch/llama.cpp/requirements/requirements-convert_legacy_llama.txt (line 4)) (4.15.0)

Requirement already satisfied: anyio in /scratch/llama.cpp/venv/lib/python3.12/site-packages (from httpx<1,>=0.23.0->huggingface-hub<2.0,>=1.5.0->transformers==5.5.1->-r /scratch/llama.cpp/requirements/requirements-convert_legacy_llama.txt (line 4)) (4.13.0)

Requirement already satisfied: certifi in /scratch/llama.cpp/venv/lib/python3.12/site-packages (from httpx<1,>=0.23.0->huggingface-hub<2.0,>=1.5.0->transformers==5.5.1->-r /scratch/llama.cpp/requirements/requirements-convert_legacy_llama.txt (line 4)) (2026.4.22)

Requirement already satisfied: httpcore==1.* in /scratch/llama.cpp/venv/lib/python3.12/site-packages (from httpx<1,>=0.23.0->huggingface-hub<2.0,>=1.5.0->transformers==5.5.1->-r /scratch/llama.cpp/requirements/requirements-convert_legacy_llama.txt (line 4)) (1.0.9)

Requirement already satisfied: idna in /scratch/llama.cpp/venv/lib/python3.12/site-packages (from httpx<1,>=0.23.0->huggingface-hub<2.0,>=1.5.0->transformers==5.5.1->-r /scratch/llama.cpp/requirements/requirements-convert_legacy_llama.txt (line 4)) (3.15)

Requirement already satisfied: h11>=0.16 in /scratch/llama.cpp/venv/lib/python3.12/site-packages (from httpcore==1.*->httpx<1,>=0.23.0->huggingface-hub<2.0,>=1.5.0->transformers==5.5.1->-r /scratch/llama.cpp/requirements/requirements-convert_legacy_llama.txt (line 4)) (0.16.0)

Requirement already satisfied: requests>=2.25 in /scratch/llama.cpp/venv/lib/python3.12/site-packages (from gguf>=0.1.0->-r /scratch/llama.cpp/requirements/requirements-convert_legacy_llama.txt (line 6)) (2.32.5)

Requirement already satisfied: charset_normalizer<4,>=2 in /scratch/llama.cpp/venv/lib/python3.12/site-packages (from requests>=2.25->gguf>=0.1.0->-r /scratch/llama.cpp/requirements/requirements-convert_legacy_llama.txt (line 6)) (3.4.7)

Requirement already satisfied: urllib3<3,>=1.21.1 in /scratch/llama.cpp/venv/lib/python3.12/site-packages (from requests>=2.25->gguf>=0.1.0->-r /scratch/llama.cpp/requirements/requirements-convert_legacy_llama.txt (line 6)) (2.7.0)

Requirement already satisfied: click>=8.2.1 in /scratch/llama.cpp/venv/lib/python3.12/site-packages (from typer->transformers==5.5.1->-r /scratch/llama.cpp/requirements/requirements-convert_legacy_llama.txt (line 4)) (8.4.0)

Requirement already satisfied: shellingham>=1.3.0 in /scratch/llama.cpp/venv/lib/python3.12/site-packages (from typer->transformers==5.5.1->-r /scratch/llama.cpp/requirements/requirements-convert_legacy_llama.txt (line 4)) (1.5.4)

Requirement already satisfied: rich>=12.3.0 in /scratch/llama.cpp/venv/lib/python3.12/site-packages (from typer->transformers==5.5.1->-r /scratch/llama.cpp/requirements/requirements-convert_legacy_llama.txt (line 4)) (15.0.0)

Requirement already satisfied: annotated-doc>=0.0.2 in /scratch/llama.cpp/venv/lib/python3.12/site-packages (from typer->transformers==5.5.1->-r /scratch/llama.cpp/requirements/requirements-convert_legacy_llama.txt (line 4)) (0.0.4)

Requirement already satisfied: markdown-it-py>=2.2.0 in /scratch/llama.cpp/venv/lib/python3.12/site-packages (from rich>=12.3.0->typer->transformers==5.5.1->-r /scratch/llama.cpp/requirements/requirements-convert_legacy_llama.txt (line 4)) (4.2.0)

Requirement already satisfied: pygments<3.0.0,>=2.13.0 in /scratch/llama.cpp/venv/lib/python3.12/site-packages (from rich>=12.3.0->typer->transformers==5.5.1->-r /scratch/llama.cpp/requirements/requirements-convert_legacy_llama.txt (line 4)) (2.20.0)

Requirement already satisfied: mdurl~=0.1 in /scratch/llama.cpp/venv/lib/python3.12/site-packages (from markdown-it-py>=2.2.0->rich>=12.3.0->typer->transformers==5.5.1->-r /scratch/llama.cpp/requirements/requirements-convert_legacy_llama.txt (line 4)) (0.1.2)

Looking in links: /home/leesihun/home_dir/GPU_server_downloads/wheels/llamacpp

Requirement already satisfied: numpy~=1.26.4 in /scratch/llama.cpp/venv/lib/python3.12/site-packages (from -r /scratch/llama.cpp/requirements/requirements-convert_legacy_llama.txt (line 1)) (1.26.4)

Requirement already satisfied: sentencepiece<0.3.0,>=0.1.98 in /scratch/llama.cpp/venv/lib/python3.12/site-packages (from -r /scratch/llama.cpp/requirements/requirements-convert_legacy_llama.txt (line 2)) (0.2.1)

Requirement already satisfied: transformers==5.5.1 in /scratch/llama.cpp/venv/lib/python3.12/site-packages (from -r /scratch/llama.cpp/requirements/requirements-convert_legacy_llama.txt (line 4)) (5.5.1)

Requirement already satisfied: gguf>=0.1.0 in /scratch/llama.cpp/venv/lib/python3.12/site-packages (from -r /scratch/llama.cpp/requirements/requirements-convert_legacy_llama.txt (line 6)) (0.19.0)

Requirement already satisfied: protobuf<5.0.0,>=4.21.0 in /scratch/llama.cpp/venv/lib/python3.12/site-packages (from -r /scratch/llama.cpp/requirements/requirements-convert_legacy_llama.txt (line 7)) (4.25.9)

Requirement already satisfied: huggingface-hub<2.0,>=1.5.0 in /scratch/llama.cpp/venv/lib/python3.12/site-packages (from transformers==5.5.1->-r /scratch/llama.cpp/requirements/requirements-convert_legacy_llama.txt (line 4)) (1.15.0)

Requirement already satisfied: packaging>=20.0 in /scratch/llama.cpp/venv/lib/python3.12/site-packages (from transformers==5.5.1->-r /scratch/llama.cpp/requirements/requirements-convert_legacy_llama.txt (line 4)) (26.2)

Requirement already satisfied: pyyaml>=5.1 in /scratch/llama.cpp/venv/lib/python3.12/site-packages (from transformers==5.5.1->-r /scratch/llama.cpp/requirements/requirements-convert_legacy_llama.txt (line 4)) (6.0.3)

Requirement already satisfied: regex>=2025.10.22 in /scratch/llama.cpp/venv/lib/python3.12/site-packages (from transformers==5.5.1->-r /scratch/llama.cpp/requirements/requirements-convert_legacy_llama.txt (line 4)) (2026.5.9)

Requirement already satisfied: tokenizers<=0.23.0,>=0.22.0 in /scratch/llama.cpp/venv/lib/python3.12/site-packages (from transformers==5.5.1->-r /scratch/llama.cpp/requirements/requirements-convert_legacy_llama.txt (line 4)) (0.22.2)

Requirement already satisfied: typer in /scratch/llama.cpp/venv/lib/python3.12/site-packages (from transformers==5.5.1->-r /scratch/llama.cpp/requirements/requirements-convert_legacy_llama.txt (line 4)) (0.24.2)

Requirement already satisfied: safetensors>=0.4.3 in /scratch/llama.cpp/venv/lib/python3.12/site-packages (from transformers==5.5.1->-r /scratch/llama.cpp/requirements/requirements-convert_legacy_llama.txt (line 4)) (0.7.0)

Requirement already satisfied: tqdm>=4.27 in /scratch/llama.cpp/venv/lib/python3.12/site-packages (from transformers==5.5.1->-r /scratch/llama.cpp/requirements/requirements-convert_legacy_llama.txt (line 4)) (4.67.3)

Requirement already satisfied: filelock>=3.10.0 in /scratch/llama.cpp/venv/lib/python3.12/site-packages (from huggingface-hub<2.0,>=1.5.0->transformers==5.5.1->-r /scratch/llama.cpp/requirements/requirements-convert_legacy_llama.txt (line 4)) (3.29.0)

Requirement already satisfied: fsspec>=2023.5.0 in /scratch/llama.cpp/venv/lib/python3.12/site-packages (from huggingface-hub<2.0,>=1.5.0->transformers==5.5.1->-r /scratch/llama.cpp/requirements/requirements-convert_legacy_llama.txt (line 4)) (2024.9.0)

Requirement already satisfied: hf-xet<2.0.0,>=1.4.3 in /scratch/llama.cpp/venv/lib/python3.12/site-packages (from huggingface-hub<2.0,>=1.5.0->transformers==5.5.1->-r /scratch/llama.cpp/requirements/requirements-convert_legacy_llama.txt (line 4)) (1.5.0)

Requirement already satisfied: httpx<1,>=0.23.0 in /scratch/llama.cpp/venv/lib/python3.12/site-packages (from huggingface-hub<2.0,>=1.5.0->transformers==5.5.1->-r /scratch/llama.cpp/requirements/requirements-convert_legacy_llama.txt (line 4)) (0.28.1)

Requirement already satisfied: typing-extensions>=4.1.0 in /scratch/llama.cpp/venv/lib/python3.12/site-packages (from huggingface-hub<2.0,>=1.5.0->transformers==5.5.1->-r /scratch/llama.cpp/requirements/requirements-convert_legacy_llama.txt (line 4)) (4.15.0)

Requirement already satisfied: anyio in /scratch/llama.cpp/venv/lib/python3.12/site-packages (from httpx<1,>=0.23.0->huggingface-hub<2.0,>=1.5.0->transformers==5.5.1->-r /scratch/llama.cpp/requirements/requirements-convert_legacy_llama.txt (line 4)) (4.13.0)

Requirement already satisfied: certifi in /scratch/llama.cpp/venv/lib/python3.12/site-packages (from httpx<1,>=0.23.0->huggingface-hub<2.0,>=1.5.0->transformers==5.5.1->-r /scratch/llama.cpp/requirements/requirements-convert_legacy_llama.txt (line 4)) (2026.4.22)

Requirement already satisfied: httpcore==1.* in /scratch/llama.cpp/venv/lib/python3.12/site-packages (from httpx<1,>=0.23.0->huggingface-hub<2.0,>=1.5.0->transformers==5.5.1->-r /scratch/llama.cpp/requirements/requirements-convert_legacy_llama.txt (line 4)) (1.0.9)

Requirement already satisfied: idna in /scratch/llama.cpp/venv/lib/python3.12/site-packages (from httpx<1,>=0.23.0->huggingface-hub<2.0,>=1.5.0->transformers==5.5.1->-r /scratch/llama.cpp/requirements/requirements-convert_legacy_llama.txt (line 4)) (3.15)

Requirement already satisfied: h11>=0.16 in /scratch/llama.cpp/venv/lib/python3.12/site-packages (from httpcore==1.*->httpx<1,>=0.23.0->huggingface-hub<2.0,>=1.5.0->transformers==5.5.1->-r /scratch/llama.cpp/requirements/requirements-convert_legacy_llama.txt (line 4)) (0.16.0)

Requirement already satisfied: requests>=2.25 in /scratch/llama.cpp/venv/lib/python3.12/site-packages (from gguf>=0.1.0->-r /scratch/llama.cpp/requirements/requirements-convert_legacy_llama.txt (line 6)) (2.32.5)

Requirement already satisfied: charset_normalizer<4,>=2 in /scratch/llama.cpp/venv/lib/python3.12/site-packages (from requests>=2.25->gguf>=0.1.0->-r /scratch/llama.cpp/requirements/requirements-convert_legacy_llama.txt (line 6)) (3.4.7)

Requirement already satisfied: urllib3<3,>=1.21.1 in /scratch/llama.cpp/venv/lib/python3.12/site-packages (from requests>=2.25->gguf>=0.1.0->-r /scratch/llama.cpp/requirements/requirements-convert_legacy_llama.txt (line 6)) (2.7.0)

Requirement already satisfied: click>=8.2.1 in /scratch/llama.cpp/venv/lib/python3.12/site-packages (from typer->transformers==5.5.1->-r /scratch/llama.cpp/requirements/requirements-convert_legacy_llama.txt (line 4)) (8.4.0)

Requirement already satisfied: shellingham>=1.3.0 in /scratch/llama.cpp/venv/lib/python3.12/site-packages (from typer->transformers==5.5.1->-r /scratch/llama.cpp/requirements/requirements-convert_legacy_llama.txt (line 4)) (1.5.4)

Requirement already satisfied: rich>=12.3.0 in /scratch/llama.cpp/venv/lib/python3.12/site-packages (from typer->transformers==5.5.1->-r /scratch/llama.cpp/requirements/requirements-convert_legacy_llama.txt (line 4)) (15.0.0)

Requirement already satisfied: annotated-doc>=0.0.2 in /scratch/llama.cpp/venv/lib/python3.12/site-packages (from typer->transformers==5.5.1->-r /scratch/llama.cpp/requirements/requirements-convert_legacy_llama.txt (line 4)) (0.0.4)

Requirement already satisfied: markdown-it-py>=2.2.0 in /scratch/llama.cpp/venv/lib/python3.12/site-packages (from rich>=12.3.0->typer->transformers==5.5.1->-r /scratch/llama.cpp/requirements/requirements-convert_legacy_llama.txt (line 4)) (4.2.0)

Requirement already satisfied: pygments<3.0.0,>=2.13.0 in /scratch/llama.cpp/venv/lib/python3.12/site-packages (from rich>=12.3.0->typer->transformers==5.5.1->-r /scratch/llama.cpp/requirements/requirements-convert_legacy_llama.txt (line 4)) (2.20.0)

Requirement already satisfied: mdurl~=0.1 in /scratch/llama.cpp/venv/lib/python3.12/site-packages (from markdown-it-py>=2.2.0->rich>=12.3.0->typer->transformers==5.5.1->-r /scratch/llama.cpp/requirements/requirements-convert_legacy_llama.txt (line 4)) (0.1.2)

Looking in links: /home/leesihun/home_dir/GPU_server_downloads/wheels/llamacpp

Requirement already satisfied: numpy~=1.26.4 in /scratch/llama.cpp/venv/lib/python3.12/site-packages (from -r /scratch/llama.cpp/requirements/requirements-convert_legacy_llama.txt (line 1)) (1.26.4)

Requirement already satisfied: sentencepiece<0.3.0,>=0.1.98 in /scratch/llama.cpp/venv/lib/python3.12/site-packages (from -r /scratch/llama.cpp/requirements/requirements-convert_legacy_llama.txt (line 2)) (0.2.1)

Requirement already satisfied: transformers==5.5.1 in /scratch/llama.cpp/venv/lib/python3.12/site-packages (from -r /scratch/llama.cpp/requirements/requirements-convert_legacy_llama.txt (line 4)) (5.5.1)

Requirement already satisfied: gguf>=0.1.0 in /scratch/llama.cpp/venv/lib/python3.12/site-packages (from -r /scratch/llama.cpp/requirements/requirements-convert_legacy_llama.txt (line 6)) (0.19.0)

Requirement already satisfied: protobuf<5.0.0,>=4.21.0 in /scratch/llama.cpp/venv/lib/python3.12/site-packages (from -r /scratch/llama.cpp/requirements/requirements-convert_legacy_llama.txt (line 7)) (4.25.9)

Requirement already satisfied: huggingface-hub<2.0,>=1.5.0 in /scratch/llama.cpp/venv/lib/python3.12/site-packages (from transformers==5.5.1->-r /scratch/llama.cpp/requirements/requirements-convert_legacy_llama.txt (line 4)) (1.15.0)

Requirement already satisfied: packaging>=20.0 in /scratch/llama.cpp/venv/lib/python3.12/site-packages (from transformers==5.5.1->-r /scratch/llama.cpp/requirements/requirements-convert_legacy_llama.txt (line 4)) (26.2)

Requirement already satisfied: pyyaml>=5.1 in /scratch/llama.cpp/venv/lib/python3.12/site-packages (from transformers==5.5.1->-r /scratch/llama.cpp/requirements/requirements-convert_legacy_llama.txt (line 4)) (6.0.3)

Requirement already satisfied: regex>=2025.10.22 in /scratch/llama.cpp/venv/lib/python3.12/site-packages (from transformers==5.5.1->-r /scratch/llama.cpp/requirements/requirements-convert_legacy_llama.txt (line 4)) (2026.5.9)

Requirement already satisfied: tokenizers<=0.23.0,>=0.22.0 in /scratch/llama.cpp/venv/lib/python3.12/site-packages (from transformers==5.5.1->-r /scratch/llama.cpp/requirements/requirements-convert_legacy_llama.txt (line 4)) (0.22.2)

Requirement already satisfied: typer in /scratch/llama.cpp/venv/lib/python3.12/site-packages (from transformers==5.5.1->-r /scratch/llama.cpp/requirements/requirements-convert_legacy_llama.txt (line 4)) (0.24.2)

Requirement already satisfied: safetensors>=0.4.3 in /scratch/llama.cpp/venv/lib/python3.12/site-packages (from transformers==5.5.1->-r /scratch/llama.cpp/requirements/requirements-convert_legacy_llama.txt (line 4)) (0.7.0)

Requirement already satisfied: tqdm>=4.27 in /scratch/llama.cpp/venv/lib/python3.12/site-packages (from transformers==5.5.1->-r /scratch/llama.cpp/requirements/requirements-convert_legacy_llama.txt (line 4)) (4.67.3)

Requirement already satisfied: filelock>=3.10.0 in /scratch/llama.cpp/venv/lib/python3.12/site-packages (from huggingface-hub<2.0,>=1.5.0->transformers==5.5.1->-r /scratch/llama.cpp/requirements/requirements-convert_legacy_llama.txt (line 4)) (3.29.0)

Requirement already satisfied: fsspec>=2023.5.0 in /scratch/llama.cpp/venv/lib/python3.12/site-packages (from huggingface-hub<2.0,>=1.5.0->transformers==5.5.1->-r /scratch/llama.cpp/requirements/requirements-convert_legacy_llama.txt (line 4)) (2024.9.0)

Requirement already satisfied: hf-xet<2.0.0,>=1.4.3 in /scratch/llama.cpp/venv/lib/python3.12/site-packages (from huggingface-hub<2.0,>=1.5.0->transformers==5.5.1->-r /scratch/llama.cpp/requirements/requirements-convert_legacy_llama.txt (line 4)) (1.5.0)

Requirement already satisfied: httpx<1,>=0.23.0 in /scratch/llama.cpp/venv/lib/python3.12/site-packages (from huggingface-hub<2.0,>=1.5.0->transformers==5.5.1->-r /scratch/llama.cpp/requirements/requirements-convert_legacy_llama.txt (line 4)) (0.28.1)

Requirement already satisfied: typing-extensions>=4.1.0 in /scratch/llama.cpp/venv/lib/python3.12/site-packages (from huggingface-hub<2.0,>=1.5.0->transformers==5.5.1->-r /scratch/llama.cpp/requirements/requirements-convert_legacy_llama.txt (line 4)) (4.15.0)

Requirement already satisfied: anyio in /scratch/llama.cpp/venv/lib/python3.12/site-packages (from httpx<1,>=0.23.0->huggingface-hub<2.0,>=1.5.0->transformers==5.5.1->-r /scratch/llama.cpp/requirements/requirements-convert_legacy_llama.txt (line 4)) (4.13.0)

Requirement already satisfied: certifi in /scratch/llama.cpp/venv/lib/python3.12/site-packages (from httpx<1,>=0.23.0->huggingface-hub<2.0,>=1.5.0->transformers==5.5.1->-r /scratch/llama.cpp/requirements/requirements-convert_legacy_llama.txt (line 4)) (2026.4.22)

Requirement already satisfied: httpcore==1.* in /scratch/llama.cpp/venv/lib/python3.12/site-packages (from httpx<1,>=0.23.0->huggingface-hub<2.0,>=1.5.0->transformers==5.5.1->-r /scratch/llama.cpp/requirements/requirements-convert_legacy_llama.txt (line 4)) (1.0.9)

Requirement already satisfied: idna in /scratch/llama.cpp/venv/lib/python3.12/site-packages (from httpx<1,>=0.23.0->huggingface-hub<2.0,>=1.5.0->transformers==5.5.1->-r /scratch/llama.cpp/requirements/requirements-convert_legacy_llama.txt (line 4)) (3.15)

Requirement already satisfied: h11>=0.16 in /scratch/llama.cpp/venv/lib/python3.12/site-packages (from httpcore==1.*->httpx<1,>=0.23.0->huggingface-hub<2.0,>=1.5.0->transformers==5.5.1->-r /scratch/llama.cpp/requirements/requirements-convert_legacy_llama.txt (line 4)) (0.16.0)

Requirement already satisfied: requests>=2.25 in /scratch/llama.cpp/venv/lib/python3.12/site-packages (from gguf>=0.1.0->-r /scratch/llama.cpp/requirements/requirements-convert_legacy_llama.txt (line 6)) (2.32.5)

Requirement already satisfied: charset_normalizer<4,>=2 in /scratch/llama.cpp/venv/lib/python3.12/site-packages (from requests>=2.25->gguf>=0.1.0->-r /scratch/llama.cpp/requirements/requirements-convert_legacy_llama.txt (line 6)) (3.4.7)

Requirement already satisfied: urllib3<3,>=1.21.1 in /scratch/llama.cpp/venv/lib/python3.12/site-packages (from requests>=2.25->gguf>=0.1.0->-r /scratch/llama.cpp/requirements/requirements-convert_legacy_llama.txt (line 6)) (2.7.0)

Requirement already satisfied: click>=8.2.1 in /scratch/llama.cpp/venv/lib/python3.12/site-packages (from typer->transformers==5.5.1->-r /scratch/llama.cpp/requirements/requirements-convert_legacy_llama.txt (line 4)) (8.4.0)

Requirement already satisfied: shellingham>=1.3.0 in /scratch/llama.cpp/venv/lib/python3.12/site-packages (from typer->transformers==5.5.1->-r /scratch/llama.cpp/requirements/requirements-convert_legacy_llama.txt (line 4)) (1.5.4)

Requirement already satisfied: rich>=12.3.0 in /scratch/llama.cpp/venv/lib/python3.12/site-packages (from typer->transformers==5.5.1->-r /scratch/llama.cpp/requirements/requirements-convert_legacy_llama.txt (line 4)) (15.0.0)

Requirement already satisfied: annotated-doc>=0.0.2 in /scratch/llama.cpp/venv/lib/python3.12/site-packages (from typer->transformers==5.5.1->-r /scratch/llama.cpp/requirements/requirements-convert_legacy_llama.txt (line 4)) (0.0.4)

Requirement already satisfied: markdown-it-py>=2.2.0 in /scratch/llama.cpp/venv/lib/python3.12/site-packages (from rich>=12.3.0->typer->transformers==5.5.1->-r /scratch/llama.cpp/requirements/requirements-convert_legacy_llama.txt (line 4)) (4.2.0)

Requirement already satisfied: pygments<3.0.0,>=2.13.0 in /scratch/llama.cpp/venv/lib/python3.12/site-packages (from rich>=12.3.0->typer->transformers==5.5.1->-r /scratch/llama.cpp/requirements/requirements-convert_legacy_llama.txt (line 4)) (2.20.0)

Requirement already satisfied: mdurl~=0.1 in /scratch/llama.cpp/venv/lib/python3.12/site-packages (from markdown-it-py>=2.2.0->rich>=12.3.0->typer->transformers==5.5.1->-r /scratch/llama.cpp/requirements/requirements-convert_legacy_llama.txt (line 4)) (0.1.2)

Looking in links: /home/leesihun/home_dir/GPU_server_downloads/wheels/llamacpp

Ignoring torch: markers 'platform_machine == "s390x"' don't match your environment

Requirement already satisfied: numpy~=1.26.4 in /scratch/llama.cpp/venv/lib/python3.12/site-packages (from -r /scratch/llama.cpp/requirements/requirements-convert_legacy_llama.txt (line 1)) (1.26.4)

Requirement already satisfied: sentencepiece<0.3.0,>=0.1.98 in /scratch/llama.cpp/venv/lib/python3.12/site-packages (from -r /scratch/llama.cpp/requirements/requirements-convert_legacy_llama.txt (line 2)) (0.2.1)

Requirement already satisfied: transformers==5.5.1 in /scratch/llama.cpp/venv/lib/python3.12/site-packages (from -r /scratch/llama.cpp/requirements/requirements-convert_legacy_llama.txt (line 4)) (5.5.1)

Requirement already satisfied: gguf>=0.1.0 in /scratch/llama.cpp/venv/lib/python3.12/site-packages (from -r /scratch/llama.cpp/requirements/requirements-convert_legacy_llama.txt (line 6)) (0.19.0)

Requirement already satisfied: protobuf<5.0.0,>=4.21.0 in /scratch/llama.cpp/venv/lib/python3.12/site-packages (from -r /scratch/llama.cpp/requirements/requirements-convert_legacy_llama.txt (line 7)) (4.25.9)

Requirement already satisfied: torch~=2.6.0 in /scratch/llama.cpp/venv/lib/python3.12/site-packages (from -r /scratch/llama.cpp/requirements/requirements-convert_hf_to_gguf.txt (line 5)) (2.6.0+cpu)

Requirement already satisfied: huggingface-hub<2.0,>=1.5.0 in /scratch/llama.cpp/venv/lib/python3.12/site-packages (from transformers==5.5.1->-r /scratch/llama.cpp/requirements/requirements-convert_legacy_llama.txt (line 4)) (1.15.0)

Requirement already satisfied: packaging>=20.0 in /scratch/llama.cpp/venv/lib/python3.12/site-packages (from transformers==5.5.1->-r /scratch/llama.cpp/requirements/requirements-convert_legacy_llama.txt (line 4)) (26.2)

Requirement already satisfied: pyyaml>=5.1 in /scratch/llama.cpp/venv/lib/python3.12/site-packages (from transformers==5.5.1->-r /scratch/llama.cpp/requirements/requirements-convert_legacy_llama.txt (line 4)) (6.0.3)

Requirement already satisfied: regex>=2025.10.22 in /scratch/llama.cpp/venv/lib/python3.12/site-packages (from transformers==5.5.1->-r /scratch/llama.cpp/requirements/requirements-convert_legacy_llama.txt (line 4)) (2026.5.9)

Requirement already satisfied: tokenizers<=0.23.0,>=0.22.0 in /scratch/llama.cpp/venv/lib/python3.12/site-packages (from transformers==5.5.1->-r /scratch/llama.cpp/requirements/requirements-convert_legacy_llama.txt (line 4)) (0.22.2)

Requirement already satisfied: typer in /scratch/llama.cpp/venv/lib/python3.12/site-packages (from transformers==5.5.1->-r /scratch/llama.cpp/requirements/requirements-convert_legacy_llama.txt (line 4)) (0.24.2)

Requirement already satisfied: safetensors>=0.4.3 in /scratch/llama.cpp/venv/lib/python3.12/site-packages (from transformers==5.5.1->-r /scratch/llama.cpp/requirements/requirements-convert_legacy_llama.txt (line 4)) (0.7.0)

Requirement already satisfied: tqdm>=4.27 in /scratch/llama.cpp/venv/lib/python3.12/site-packages (from transformers==5.5.1->-r /scratch/llama.cpp/requirements/requirements-convert_legacy_llama.txt (line 4)) (4.67.3)

Requirement already satisfied: filelock in /scratch/llama.cpp/venv/lib/python3.12/site-packages (from torch~=2.6.0->-r /scratch/llama.cpp/requirements/requirements-convert_hf_to_gguf.txt (line 5)) (3.29.0)

Requirement already satisfied: typing-extensions>=4.10.0 in /scratch/llama.cpp/venv/lib/python3.12/site-packages (from torch~=2.6.0->-r /scratch/llama.cpp/requirements/requirements-convert_hf_to_gguf.txt (line 5)) (4.15.0)

Requirement already satisfied: networkx in /scratch/llama.cpp/venv/lib/python3.12/site-packages (from torch~=2.6.0->-r /scratch/llama.cpp/requirements/requirements-convert_hf_to_gguf.txt (line 5)) (3.6.1)

Requirement already satisfied: jinja2 in /scratch/llama.cpp/venv/lib/python3.12/site-packages (from torch~=2.6.0->-r /scratch/llama.cpp/requirements/requirements-convert_hf_to_gguf.txt (line 5)) (3.1.6)

Requirement already satisfied: fsspec in /scratch/llama.cpp/venv/lib/python3.12/site-packages (from torch~=2.6.0->-r /scratch/llama.cpp/requirements/requirements-convert_hf_to_gguf.txt (line 5)) (2024.9.0)

Requirement already satisfied: setuptools in /scratch/llama.cpp/venv/lib/python3.12/site-packages (from torch~=2.6.0->-r /scratch/llama.cpp/requirements/requirements-convert_hf_to_gguf.txt (line 5)) (82.0.1)

Requirement already satisfied: sympy==1.13.1 in /scratch/llama.cpp/venv/lib/python3.12/site-packages (from torch~=2.6.0->-r /scratch/llama.cpp/requirements/requirements-convert_hf_to_gguf.txt (line 5)) (1.13.1)

Requirement already satisfied: mpmath<1.4,>=1.1.0 in /scratch/llama.cpp/venv/lib/python3.12/site-packages (from sympy==1.13.1->torch~=2.6.0->-r /scratch/llama.cpp/requirements/requirements-convert_hf_to_gguf.txt (line 5)) (1.3.0)

Requirement already satisfied: hf-xet<2.0.0,>=1.4.3 in /scratch/llama.cpp/venv/lib/python3.12/site-packages (from huggingface-hub<2.0,>=1.5.0->transformers==5.5.1->-r /scratch/llama.cpp/requirements/requirements-convert_legacy_llama.txt (line 4)) (1.5.0)

Requirement already satisfied: httpx<1,>=0.23.0 in /scratch/llama.cpp/venv/lib/python3.12/site-packages (from huggingface-hub<2.0,>=1.5.0->transformers==5.5.1->-r /scratch/llama.cpp/requirements/requirements-convert_legacy_llama.txt (line 4)) (0.28.1)

Requirement already satisfied: anyio in /scratch/llama.cpp/venv/lib/python3.12/site-packages (from httpx<1,>=0.23.0->huggingface-hub<2.0,>=1.5.0->transformers==5.5.1->-r /scratch/llama.cpp/requirements/requirements-convert_legacy_llama.txt (line 4)) (4.13.0)

Requirement already satisfied: certifi in /scratch/llama.cpp/venv/lib/python3.12/site-packages (from httpx<1,>=0.23.0->huggingface-hub<2.0,>=1.5.0->transformers==5.5.1->-r /scratch/llama.cpp/requirements/requirements-convert_legacy_llama.txt (line 4)) (2026.4.22)

Requirement already satisfied: httpcore==1.* in /scratch/llama.cpp/venv/lib/python3.12/site-packages (from httpx<1,>=0.23.0->huggingface-hub<2.0,>=1.5.0->transformers==5.5.1->-r /scratch/llama.cpp/requirements/requirements-convert_legacy_llama.txt (line 4)) (1.0.9)

Requirement already satisfied: idna in /scratch/llama.cpp/venv/lib/python3.12/site-packages (from httpx<1,>=0.23.0->huggingface-hub<2.0,>=1.5.0->transformers==5.5.1->-r /scratch/llama.cpp/requirements/requirements-convert_legacy_llama.txt (line 4)) (3.15)

Requirement already satisfied: h11>=0.16 in /scratch/llama.cpp/venv/lib/python3.12/site-packages (from httpcore==1.*->httpx<1,>=0.23.0->huggingface-hub<2.0,>=1.5.0->transformers==5.5.1->-r /scratch/llama.cpp/requirements/requirements-convert_legacy_llama.txt (line 4)) (0.16.0)

Requirement already satisfied: requests>=2.25 in /scratch/llama.cpp/venv/lib/python3.12/site-packages (from gguf>=0.1.0->-r /scratch/llama.cpp/requirements/requirements-convert_legacy_llama.txt (line 6)) (2.32.5)

Requirement already satisfied: charset_normalizer<4,>=2 in /scratch/llama.cpp/venv/lib/python3.12/site-packages (from requests>=2.25->gguf>=0.1.0->-r /scratch/llama.cpp/requirements/requirements-convert_legacy_llama.txt (line 6)) (3.4.7)

Requirement already satisfied: urllib3<3,>=1.21.1 in /scratch/llama.cpp/venv/lib/python3.12/site-packages (from requests>=2.25->gguf>=0.1.0->-r /scratch/llama.cpp/requirements/requirements-convert_legacy_llama.txt (line 6)) (2.7.0)

Requirement already satisfied: click>=8.2.1 in /scratch/llama.cpp/venv/lib/python3.12/site-packages (from typer->transformers==5.5.1->-r /scratch/llama.cpp/requirements/requirements-convert_legacy_llama.txt (line 4)) (8.4.0)

Requirement already satisfied: shellingham>=1.3.0 in /scratch/llama.cpp/venv/lib/python3.12/site-packages (from typer->transformers==5.5.1->-r /scratch/llama.cpp/requirements/requirements-convert_legacy_llama.txt (line 4)) (1.5.4)

Requirement already satisfied: rich>=12.3.0 in /scratch/llama.cpp/venv/lib/python3.12/site-packages (from typer->transformers==5.5.1->-r /scratch/llama.cpp/requirements/requirements-convert_legacy_llama.txt (line 4)) (15.0.0)

Requirement already satisfied: annotated-doc>=0.0.2 in /scratch/llama.cpp/venv/lib/python3.12/site-packages (from typer->transformers==5.5.1->-r /scratch/llama.cpp/requirements/requirements-convert_legacy_llama.txt (line 4)) (0.0.4)

Requirement already satisfied: markdown-it-py>=2.2.0 in /scratch/llama.cpp/venv/lib/python3.12/site-packages (from rich>=12.3.0->typer->transformers==5.5.1->-r /scratch/llama.cpp/requirements/requirements-convert_legacy_llama.txt (line 4)) (4.2.0)

Requirement already satisfied: pygments<3.0.0,>=2.13.0 in /scratch/llama.cpp/venv/lib/python3.12/site-packages (from rich>=12.3.0->typer->transformers==5.5.1->-r /scratch/llama.cpp/requirements/requirements-convert_legacy_llama.txt (line 4)) (2.20.0)

Requirement already satisfied: mdurl~=0.1 in /scratch/llama.cpp/venv/lib/python3.12/site-packages (from markdown-it-py>=2.2.0->rich>=12.3.0->typer->transformers==5.5.1->-r /scratch/llama.cpp/requirements/requirements-convert_legacy_llama.txt (line 4)) (0.1.2)

Requirement already satisfied: MarkupSafe>=2.0 in /scratch/llama.cpp/venv/lib/python3.12/site-packages (from jinja2->torch~=2.6.0->-r /scratch/llama.cpp/requirements/requirements-convert_hf_to_gguf.txt (line 5)) (3.0.3)

Looking in links: /home/leesihun/home_dir/GPU_server_downloads/wheels/llamacpp

Requirement already satisfied: numpy~=1.26.4 in /scratch/llama.cpp/venv/lib/python3.12/site-packages (from -r /scratch/llama.cpp/requirements/requirements-gguf_editor_gui.txt (line 1)) (1.26.4)

Requirement already satisfied: PySide6~=6.9.0 in /scratch/llama.cpp/venv/lib/python3.12/site-packages (from -r /scratch/llama.cpp/requirements/requirements-gguf_editor_gui.txt (line 2)) (6.9.3)

Requirement already satisfied: gguf>=0.17.0 in /scratch/llama.cpp/venv/lib/python3.12/site-packages (from -r /scratch/llama.cpp/requirements/requirements-gguf_editor_gui.txt (line 3)) (0.19.0)

Requirement already satisfied: shiboken6==6.9.3 in /scratch/llama.cpp/venv/lib/python3.12/site-packages (from PySide6~=6.9.0->-r /scratch/llama.cpp/requirements/requirements-gguf_editor_gui.txt (line 2)) (6.9.3)

Requirement already satisfied: PySide6_Essentials==6.9.3 in /scratch/llama.cpp/venv/lib/python3.12/site-packages (from PySide6~=6.9.0->-r /scratch/llama.cpp/requirements/requirements-gguf_editor_gui.txt (line 2)) (6.9.3)

Requirement already satisfied: PySide6_Addons==6.9.3 in /scratch/llama.cpp/venv/lib/python3.12/site-packages (from PySide6~=6.9.0->-r /scratch/llama.cpp/requirements/requirements-gguf_editor_gui.txt (line 2)) (6.9.3)

Requirement already satisfied: pyyaml>=5.1 in /scratch/llama.cpp/venv/lib/python3.12/site-packages (from gguf>=0.17.0->-r /scratch/llama.cpp/requirements/requirements-gguf_editor_gui.txt (line 3)) (6.0.3)

Requirement already satisfied: requests>=2.25 in /scratch/llama.cpp/venv/lib/python3.12/site-packages (from gguf>=0.17.0->-r /scratch/llama.cpp/requirements/requirements-gguf_editor_gui.txt (line 3)) (2.32.5)

Requirement already satisfied: tqdm>=4.27 in /scratch/llama.cpp/venv/lib/python3.12/site-packages (from gguf>=0.17.0->-r /scratch/llama.cpp/requirements/requirements-gguf_editor_gui.txt (line 3)) (4.67.3)

Requirement already satisfied: charset_normalizer<4,>=2 in /scratch/llama.cpp/venv/lib/python3.12/site-packages (from requests>=2.25->gguf>=0.17.0->-r /scratch/llama.cpp/requirements/requirements-gguf_editor_gui.txt (line 3)) (3.4.7)

Requirement already satisfied: idna<4,>=2.5 in /scratch/llama.cpp/venv/lib/python3.12/site-packages (from requests>=2.25->gguf>=0.17.0->-r /scratch/llama.cpp/requirements/requirements-gguf_editor_gui.txt (line 3)) (3.15)

Requirement already satisfied: urllib3<3,>=1.21.1 in /scratch/llama.cpp/venv/lib/python3.12/site-packages (from requests>=2.25->gguf>=0.17.0->-r /scratch/llama.cpp/requirements/requirements-gguf_editor_gui.txt (line 3)) (2.7.0)

Requirement already satisfied: certifi>=2017.4.17 in /scratch/llama.cpp/venv/lib/python3.12/site-packages (from requests>=2.25->gguf>=0.17.0->-r /scratch/llama.cpp/requirements/requirements-gguf_editor_gui.txt (line 3)) (2026.4.22)

Looking in links: /home/leesihun/home_dir/GPU_server_downloads/wheels/llamacpp

Requirement already satisfied: docstring_parser~=0.15 in /scratch/llama.cpp/venv/lib/python3.12/site-packages (from -r /scratch/llama.cpp/requirements/requirements-pydantic.txt (line 1)) (0.18.0)

Requirement already satisfied: pydantic~=2.11.7 in /scratch/llama.cpp/venv/lib/python3.12/site-packages (from -r /scratch/llama.cpp/requirements/requirements-pydantic.txt (line 2)) (2.11.10)

Requirement already satisfied: requests~=2.32.3 in /scratch/llama.cpp/venv/lib/python3.12/site-packages (from -r /scratch/llama.cpp/requirements/requirements-pydantic.txt (line 3)) (2.32.5)

Requirement already satisfied: annotated-types>=0.6.0 in /scratch/llama.cpp/venv/lib/python3.12/site-packages (from pydantic~=2.11.7->-r /scratch/llama.cpp/requirements/requirements-pydantic.txt (line 2)) (0.7.0)

Requirement already satisfied: pydantic-core==2.33.2 in /scratch/llama.cpp/venv/lib/python3.12/site-packages (from pydantic~=2.11.7->-r /scratch/llama.cpp/requirements/requirements-pydantic.txt (line 2)) (2.33.2)

Requirement already satisfied: typing-extensions>=4.12.2 in /scratch/llama.cpp/venv/lib/python3.12/site-packages (from pydantic~=2.11.7->-r /scratch/llama.cpp/requirements/requirements-pydantic.txt (line 2)) (4.15.0)

Requirement already satisfied: typing-inspection>=0.4.0 in /scratch/llama.cpp/venv/lib/python3.12/site-packages (from pydantic~=2.11.7->-r /scratch/llama.cpp/requirements/requirements-pydantic.txt (line 2)) (0.4.2)

Requirement already satisfied: charset_normalizer<4,>=2 in /scratch/llama.cpp/venv/lib/python3.12/site-packages (from requests~=2.32.3->-r /scratch/llama.cpp/requirements/requirements-pydantic.txt (line 3)) (3.4.7)

Requirement already satisfied: idna<4,>=2.5 in /scratch/llama.cpp/venv/lib/python3.12/site-packages (from requests~=2.32.3->-r /scratch/llama.cpp/requirements/requirements-pydantic.txt (line 3)) (3.15)

Requirement already satisfied: urllib3<3,>=1.21.1 in /scratch/llama.cpp/venv/lib/python3.12/site-packages (from requests~=2.32.3->-r /scratch/llama.cpp/requirements/requirements-pydantic.txt (line 3)) (2.7.0)

Requirement already satisfied: certifi>=2017.4.17 in /scratch/llama.cpp/venv/lib/python3.12/site-packages (from requests~=2.32.3->-r /scratch/llama.cpp/requirements/requirements-pydantic.txt (line 3)) (2026.4.22)

Looking in links: /home/leesihun/home_dir/GPU_server_downloads/wheels/llamacpp

Requirement already satisfied: datasets~=3.2.0 in /scratch/llama.cpp/venv/lib/python3.12/site-packages (from -r /scratch/llama.cpp/requirements/requirements-server-bench.txt (line 1)) (3.2.0)

Requirement already satisfied: matplotlib~=3.10.0 in /scratch/llama.cpp/venv/lib/python3.12/site-packages (from -r /scratch/llama.cpp/requirements/requirements-server-bench.txt (line 2)) (3.10.9)

Requirement already satisfied: numpy~=1.26.4 in /scratch/llama.cpp/venv/lib/python3.12/site-packages (from -r /scratch/llama.cpp/requirements/requirements-server-bench.txt (line 3)) (1.26.4)

Requirement already satisfied: requests~=2.32.3 in /scratch/llama.cpp/venv/lib/python3.12/site-packages (from -r /scratch/llama.cpp/requirements/requirements-server-bench.txt (line 4)) (2.32.5)

Requirement already satisfied: tqdm~=4.67.1 in /scratch/llama.cpp/venv/lib/python3.12/site-packages (from -r /scratch/llama.cpp/requirements/requirements-server-bench.txt (line 5)) (4.67.3)

Requirement already satisfied: filelock in /scratch/llama.cpp/venv/lib/python3.12/site-packages (from datasets~=3.2.0->-r /scratch/llama.cpp/requirements/requirements-server-bench.txt (line 1)) (3.29.0)

Requirement already satisfied: pyarrow>=15.0.0 in /scratch/llama.cpp/venv/lib/python3.12/site-packages (from datasets~=3.2.0->-r /scratch/llama.cpp/requirements/requirements-server-bench.txt (line 1)) (24.0.0)

Requirement already satisfied: dill<0.3.9,>=0.3.0 in /scratch/llama.cpp/venv/lib/python3.12/site-packages (from datasets~=3.2.0->-r /scratch/llama.cpp/requirements/requirements-server-bench.txt (line 1)) (0.3.8)

Requirement already satisfied: pandas in /scratch/llama.cpp/venv/lib/python3.12/site-packages (from datasets~=3.2.0->-r /scratch/llama.cpp/requirements/requirements-server-bench.txt (line 1)) (2.2.3)

Requirement already satisfied: xxhash in /scratch/llama.cpp/venv/lib/python3.12/site-packages (from datasets~=3.2.0->-r /scratch/llama.cpp/requirements/requirements-server-bench.txt (line 1)) (3.7.0)

Requirement already satisfied: multiprocess<0.70.17 in /scratch/llama.cpp/venv/lib/python3.12/site-packages (from datasets~=3.2.0->-r /scratch/llama.cpp/requirements/requirements-server-bench.txt (line 1)) (0.70.16)

Requirement already satisfied: fsspec<=2024.9.0,>=2023.1.0 in /scratch/llama.cpp/venv/lib/python3.12/site-packages (from fsspec[http]<=2024.9.0,>=2023.1.0->datasets~=3.2.0->-r /scratch/llama.cpp/requirements/requirements-server-bench.txt (line 1)) (2024.9.0)

Requirement already satisfied: aiohttp in /scratch/llama.cpp/venv/lib/python3.12/site-packages (from datasets~=3.2.0->-r /scratch/llama.cpp/requirements/requirements-server-bench.txt (line 1)) (3.9.5)

Requirement already satisfied: huggingface-hub>=0.23.0 in /scratch/llama.cpp/venv/lib/python3.12/site-packages (from datasets~=3.2.0->-r /scratch/llama.cpp/requirements/requirements-server-bench.txt (line 1)) (1.15.0)

Requirement already satisfied: packaging in /scratch/llama.cpp/venv/lib/python3.12/site-packages (from datasets~=3.2.0->-r /scratch/llama.cpp/requirements/requirements-server-bench.txt (line 1)) (26.2)

Requirement already satisfied: pyyaml>=5.1 in /scratch/llama.cpp/venv/lib/python3.12/site-packages (from datasets~=3.2.0->-r /scratch/llama.cpp/requirements/requirements-server-bench.txt (line 1)) (6.0.3)

Requirement already satisfied: contourpy>=1.0.1 in /scratch/llama.cpp/venv/lib/python3.12/site-packages (from matplotlib~=3.10.0->-r /scratch/llama.cpp/requirements/requirements-server-bench.txt (line 2)) (1.3.3)

Requirement already satisfied: cycler>=0.10 in /scratch/llama.cpp/venv/lib/python3.12/site-packages (from matplotlib~=3.10.0->-r /scratch/llama.cpp/requirements/requirements-server-bench.txt (line 2)) (0.12.1)

Requirement already satisfied: fonttools>=4.22.0 in /scratch/llama.cpp/venv/lib/python3.12/site-packages (from matplotlib~=3.10.0->-r /scratch/llama.cpp/requirements/requirements-server-bench.txt (line 2)) (4.63.0)

Requirement already satisfied: kiwisolver>=1.3.1 in /scratch/llama.cpp/venv/lib/python3.12/site-packages (from matplotlib~=3.10.0->-r /scratch/llama.cpp/requirements/requirements-server-bench.txt (line 2)) (1.5.0)

Requirement already satisfied: pillow>=8 in /scratch/llama.cpp/venv/lib/python3.12/site-packages (from matplotlib~=3.10.0->-r /scratch/llama.cpp/requirements/requirements-server-bench.txt (line 2)) (11.3.0)

Requirement already satisfied: pyparsing>=3 in /scratch/llama.cpp/venv/lib/python3.12/site-packages (from matplotlib~=3.10.0->-r /scratch/llama.cpp/requirements/requirements-server-bench.txt (line 2)) (3.3.2)

Requirement already satisfied: python-dateutil>=2.7 in /scratch/llama.cpp/venv/lib/python3.12/site-packages (from matplotlib~=3.10.0->-r /scratch/llama.cpp/requirements/requirements-server-bench.txt (line 2)) (2.9.0.post0)

Requirement already satisfied: charset_normalizer<4,>=2 in /scratch/llama.cpp/venv/lib/python3.12/site-packages (from requests~=2.32.3->-r /scratch/llama.cpp/requirements/requirements-server-bench.txt (line 4)) (3.4.7)

Requirement already satisfied: idna<4,>=2.5 in /scratch/llama.cpp/venv/lib/python3.12/site-packages (from requests~=2.32.3->-r /scratch/llama.cpp/requirements/requirements-server-bench.txt (line 4)) (3.15)

Requirement already satisfied: urllib3<3,>=1.21.1 in /scratch/llama.cpp/venv/lib/python3.12/site-packages (from requests~=2.32.3->-r /scratch/llama.cpp/requirements/requirements-server-bench.txt (line 4)) (2.7.0)

Requirement already satisfied: certifi>=2017.4.17 in /scratch/llama.cpp/venv/lib/python3.12/site-packages (from requests~=2.32.3->-r /scratch/llama.cpp/requirements/requirements-server-bench.txt (line 4)) (2026.4.22)

Requirement already satisfied: aiosignal>=1.1.2 in /scratch/llama.cpp/venv/lib/python3.12/site-packages (from aiohttp->datasets~=3.2.0->-r /scratch/llama.cpp/requirements/requirements-server-bench.txt (line 1)) (1.4.0)

Requirement already satisfied: attrs>=17.3.0 in /scratch/llama.cpp/venv/lib/python3.12/site-packages (from aiohttp->datasets~=3.2.0->-r /scratch/llama.cpp/requirements/requirements-server-bench.txt (line 1)) (26.1.0)

Requirement already satisfied: frozenlist>=1.1.1 in /scratch/llama.cpp/venv/lib/python3.12/site-packages (from aiohttp->datasets~=3.2.0->-r /scratch/llama.cpp/requirements/requirements-server-bench.txt (line 1)) (1.8.0)

Requirement already satisfied: multidict<7.0,>=4.5 in /scratch/llama.cpp/venv/lib/python3.12/site-packages (from aiohttp->datasets~=3.2.0->-r /scratch/llama.cpp/requirements/requirements-server-bench.txt (line 1)) (6.7.1)

Requirement already satisfied: yarl<2.0,>=1.0 in /scratch/llama.cpp/venv/lib/python3.12/site-packages (from aiohttp->datasets~=3.2.0->-r /scratch/llama.cpp/requirements/requirements-server-bench.txt (line 1)) (1.23.0)

Requirement already satisfied: propcache>=0.2.1 in /scratch/llama.cpp/venv/lib/python3.12/site-packages (from yarl<2.0,>=1.0->aiohttp->datasets~=3.2.0->-r /scratch/llama.cpp/requirements/requirements-server-bench.txt (line 1)) (0.5.2)

Requirement already satisfied: typing-extensions>=4.2 in /scratch/llama.cpp/venv/lib/python3.12/site-packages (from aiosignal>=1.1.2->aiohttp->datasets~=3.2.0->-r /scratch/llama.cpp/requirements/requirements-server-bench.txt (line 1)) (4.15.0)

Requirement already satisfied: hf-xet<2.0.0,>=1.4.3 in /scratch/llama.cpp/venv/lib/python3.12/site-packages (from huggingface-hub>=0.23.0->datasets~=3.2.0->-r /scratch/llama.cpp/requirements/requirements-server-bench.txt (line 1)) (1.5.0)

Requirement already satisfied: httpx<1,>=0.23.0 in /scratch/llama.cpp/venv/lib/python3.12/site-packages (from huggingface-hub>=0.23.0->datasets~=3.2.0->-r /scratch/llama.cpp/requirements/requirements-server-bench.txt (line 1)) (0.28.1)

Requirement already satisfied: typer>=0.20.0 in /scratch/llama.cpp/venv/lib/python3.12/site-packages (from huggingface-hub>=0.23.0->datasets~=3.2.0->-r /scratch/llama.cpp/requirements/requirements-server-bench.txt (line 1)) (0.24.2)

Requirement already satisfied: anyio in /scratch/llama.cpp/venv/lib/python3.12/site-packages (from httpx<1,>=0.23.0->huggingface-hub>=0.23.0->datasets~=3.2.0->-r /scratch/llama.cpp/requirements/requirements-server-bench.txt (line 1)) (4.13.0)

Requirement already satisfied: httpcore==1.* in /scratch/llama.cpp/venv/lib/python3.12/site-packages (from httpx<1,>=0.23.0->huggingface-hub>=0.23.0->datasets~=3.2.0->-r /scratch/llama.cpp/requirements/requirements-server-bench.txt (line 1)) (1.0.9)

Requirement already satisfied: h11>=0.16 in /scratch/llama.cpp/venv/lib/python3.12/site-packages (from httpcore==1.*->httpx<1,>=0.23.0->huggingface-hub>=0.23.0->datasets~=3.2.0->-r /scratch/llama.cpp/requirements/requirements-server-bench.txt (line 1)) (0.16.0)

Requirement already satisfied: six>=1.5 in /scratch/llama.cpp/venv/lib/python3.12/site-packages (from python-dateutil>=2.7->matplotlib~=3.10.0->-r /scratch/llama.cpp/requirements/requirements-server-bench.txt (line 2)) (1.17.0)

Requirement already satisfied: click>=8.2.1 in /scratch/llama.cpp/venv/lib/python3.12/site-packages (from typer>=0.20.0->huggingface-hub>=0.23.0->datasets~=3.2.0->-r /scratch/llama.cpp/requirements/requirements-server-bench.txt (line 1)) (8.4.0)

Requirement already satisfied: shellingham>=1.3.0 in /scratch/llama.cpp/venv/lib/python3.12/site-packages (from typer>=0.20.0->huggingface-hub>=0.23.0->datasets~=3.2.0->-r /scratch/llama.cpp/requirements/requirements-server-bench.txt (line 1)) (1.5.4)

Requirement already satisfied: rich>=12.3.0 in /scratch/llama.cpp/venv/lib/python3.12/site-packages (from typer>=0.20.0->huggingface-hub>=0.23.0->datasets~=3.2.0->-r /scratch/llama.cpp/requirements/requirements-server-bench.txt (line 1)) (15.0.0)

Requirement already satisfied: annotated-doc>=0.0.2 in /scratch/llama.cpp/venv/lib/python3.12/site-packages (from typer>=0.20.0->huggingface-hub>=0.23.0->datasets~=3.2.0->-r /scratch/llama.cpp/requirements/requirements-server-bench.txt (line 1)) (0.0.4)

Requirement already satisfied: markdown-it-py>=2.2.0 in /scratch/llama.cpp/venv/lib/python3.12/site-packages (from rich>=12.3.0->typer>=0.20.0->huggingface-hub>=0.23.0->datasets~=3.2.0->-r /scratch/llama.cpp/requirements/requirements-server-bench.txt (line 1)) (4.2.0)

Requirement already satisfied: pygments<3.0.0,>=2.13.0 in /scratch/llama.cpp/venv/lib/python3.12/site-packages (from rich>=12.3.0->typer>=0.20.0->huggingface-hub>=0.23.0->datasets~=3.2.0->-r /scratch/llama.cpp/requirements/requirements-server-bench.txt (line 1)) (2.20.0)

Requirement already satisfied: mdurl~=0.1 in /scratch/llama.cpp/venv/lib/python3.12/site-packages (from markdown-it-py>=2.2.0->rich>=12.3.0->typer>=0.20.0->huggingface-hub>=0.23.0->datasets~=3.2.0->-r /scratch/llama.cpp/requirements/requirements-server-bench.txt (line 1)) (0.1.2)

Requirement already satisfied: pytz>=2020.1 in /scratch/llama.cpp/venv/lib/python3.12/site-packages (from pandas->datasets~=3.2.0->-r /scratch/llama.cpp/requirements/requirements-server-bench.txt (line 1)) (2026.2)

Requirement already satisfied: tzdata>=2022.7 in /scratch/llama.cpp/venv/lib/python3.12/site-packages (from pandas->datasets~=3.2.0->-r /scratch/llama.cpp/requirements/requirements-server-bench.txt (line 1)) (2026.2)

Looking in links: /home/leesihun/home_dir/GPU_server_downloads/wheels/llamacpp

Requirement already satisfied: cffi~=1.16.0 in /scratch/llama.cpp/venv/lib/python3.12/site-packages (from -r /scratch/llama.cpp/requirements/requirements-test-tokenizer-random.txt (line 1)) (1.16.0)

Requirement already satisfied: pycparser in /scratch/llama.cpp/venv/lib/python3.12/site-packages (from cffi~=1.16.0->-r /scratch/llama.cpp/requirements/requirements-test-tokenizer-random.txt (line 1)) (3.0)

Looking in links: /home/leesihun/home_dir/GPU_server_downloads/wheels/llamacpp

Requirement already satisfied: aiohttp~=3.9.3 in /scratch/llama.cpp/venv/lib/python3.12/site-packages (from -r /scratch/llama.cpp/requirements/requirements-tool_bench.txt (line 1)) (3.9.5)

Requirement already satisfied: pytest~=8.3.3 in /scratch/llama.cpp/venv/lib/python3.12/site-packages (from -r /scratch/llama.cpp/requirements/requirements-tool_bench.txt (line 2)) (8.3.5)

Requirement already satisfied: huggingface_hub<2.0,>=1.5.0 in /scratch/llama.cpp/venv/lib/python3.12/site-packages (from -r /scratch/llama.cpp/requirements/requirements-tool_bench.txt (line 3)) (1.15.0)

Requirement already satisfied: matplotlib~=3.10.0 in /scratch/llama.cpp/venv/lib/python3.12/site-packages (from -r /scratch/llama.cpp/requirements/requirements-tool_bench.txt (line 4)) (3.10.9)

Requirement already satisfied: numpy~=1.26.4 in /scratch/llama.cpp/venv/lib/python3.12/site-packages (from -r /scratch/llama.cpp/requirements/requirements-tool_bench.txt (line 5)) (1.26.4)

Requirement already satisfied: openai~=2.14.0 in /scratch/llama.cpp/venv/lib/python3.12/site-packages (from -r /scratch/llama.cpp/requirements/requirements-tool_bench.txt (line 6)) (2.14.0)

Requirement already satisfied: pandas~=2.2.3 in /scratch/llama.cpp/venv/lib/python3.12/site-packages (from -r /scratch/llama.cpp/requirements/requirements-tool_bench.txt (line 7)) (2.2.3)

Requirement already satisfied: prometheus-client~=0.20.0 in /scratch/llama.cpp/venv/lib/python3.12/site-packages (from -r /scratch/llama.cpp/requirements/requirements-tool_bench.txt (line 8)) (0.20.0)

Requirement already satisfied: requests~=2.32.3 in /scratch/llama.cpp/venv/lib/python3.12/site-packages (from -r /scratch/llama.cpp/requirements/requirements-tool_bench.txt (line 9)) (2.32.5)

Requirement already satisfied: wget~=3.2 in /scratch/llama.cpp/venv/lib/python3.12/site-packages (from -r /scratch/llama.cpp/requirements/requirements-tool_bench.txt (line 10)) (3.2)

Requirement already satisfied: typer~=0.24.1 in /scratch/llama.cpp/venv/lib/python3.12/site-packages (from -r /scratch/llama.cpp/requirements/requirements-tool_bench.txt (line 11)) (0.24.2)

Requirement already satisfied: seaborn~=0.13.2 in /scratch/llama.cpp/venv/lib/python3.12/site-packages (from -r /scratch/llama.cpp/requirements/requirements-tool_bench.txt (line 12)) (0.13.2)

Requirement already satisfied: aiosignal>=1.1.2 in /scratch/llama.cpp/venv/lib/python3.12/site-packages (from aiohttp~=3.9.3->-r /scratch/llama.cpp/requirements/requirements-tool_bench.txt (line 1)) (1.4.0)

Requirement already satisfied: attrs>=17.3.0 in /scratch/llama.cpp/venv/lib/python3.12/site-packages (from aiohttp~=3.9.3->-r /scratch/llama.cpp/requirements/requirements-tool_bench.txt (line 1)) (26.1.0)

Requirement already satisfied: frozenlist>=1.1.1 in /scratch/llama.cpp/venv/lib/python3.12/site-packages (from aiohttp~=3.9.3->-r /scratch/llama.cpp/requirements/requirements-tool_bench.txt (line 1)) (1.8.0)

Requirement already satisfied: multidict<7.0,>=4.5 in /scratch/llama.cpp/venv/lib/python3.12/site-packages (from aiohttp~=3.9.3->-r /scratch/llama.cpp/requirements/requirements-tool_bench.txt (line 1)) (6.7.1)

Requirement already satisfied: yarl<2.0,>=1.0 in /scratch/llama.cpp/venv/lib/python3.12/site-packages (from aiohttp~=3.9.3->-r /scratch/llama.cpp/requirements/requirements-tool_bench.txt (line 1)) (1.23.0)

Requirement already satisfied: iniconfig in /scratch/llama.cpp/venv/lib/python3.12/site-packages (from pytest~=8.3.3->-r /scratch/llama.cpp/requirements/requirements-tool_bench.txt (line 2)) (2.3.0)

Requirement already satisfied: packaging in /scratch/llama.cpp/venv/lib/python3.12/site-packages (from pytest~=8.3.3->-r /scratch/llama.cpp/requirements/requirements-tool_bench.txt (line 2)) (26.2)

Requirement already satisfied: pluggy<2,>=1.5 in /scratch/llama.cpp/venv/lib/python3.12/site-packages (from pytest~=8.3.3->-r /scratch/llama.cpp/requirements/requirements-tool_bench.txt (line 2)) (1.6.0)

Requirement already satisfied: filelock>=3.10.0 in /scratch/llama.cpp/venv/lib/python3.12/site-packages (from huggingface_hub<2.0,>=1.5.0->-r /scratch/llama.cpp/requirements/requirements-tool_bench.txt (line 3)) (3.29.0)

Requirement already satisfied: fsspec>=2023.5.0 in /scratch/llama.cpp/venv/lib/python3.12/site-packages (from huggingface_hub<2.0,>=1.5.0->-r /scratch/llama.cpp/requirements/requirements-tool_bench.txt (line 3)) (2024.9.0)

Requirement already satisfied: hf-xet<2.0.0,>=1.4.3 in /scratch/llama.cpp/venv/lib/python3.12/site-packages (from huggingface_hub<2.0,>=1.5.0->-r /scratch/llama.cpp/requirements/requirements-tool_bench.txt (line 3)) (1.5.0)

Requirement already satisfied: httpx<1,>=0.23.0 in /scratch/llama.cpp/venv/lib/python3.12/site-packages (from huggingface_hub<2.0,>=1.5.0->-r /scratch/llama.cpp/requirements/requirements-tool_bench.txt (line 3)) (0.28.1)

Requirement already satisfied: pyyaml>=5.1 in /scratch/llama.cpp/venv/lib/python3.12/site-packages (from huggingface_hub<2.0,>=1.5.0->-r /scratch/llama.cpp/requirements/requirements-tool_bench.txt (line 3)) (6.0.3)

Requirement already satisfied: tqdm>=4.42.1 in /scratch/llama.cpp/venv/lib/python3.12/site-packages (from huggingface_hub<2.0,>=1.5.0->-r /scratch/llama.cpp/requirements/requirements-tool_bench.txt (line 3)) (4.67.3)

Requirement already satisfied: typing-extensions>=4.1.0 in /scratch/llama.cpp/venv/lib/python3.12/site-packages (from huggingface_hub<2.0,>=1.5.0->-r /scratch/llama.cpp/requirements/requirements-tool_bench.txt (line 3)) (4.15.0)

Requirement already satisfied: contourpy>=1.0.1 in /scratch/llama.cpp/venv/lib/python3.12/site-packages (from matplotlib~=3.10.0->-r /scratch/llama.cpp/requirements/requirements-tool_bench.txt (line 4)) (1.3.3)

Requirement already satisfied: cycler>=0.10 in /scratch/llama.cpp/venv/lib/python3.12/site-packages (from matplotlib~=3.10.0->-r /scratch/llama.cpp/requirements/requirements-tool_bench.txt (line 4)) (0.12.1)

Requirement already satisfied: fonttools>=4.22.0 in /scratch/llama.cpp/venv/lib/python3.12/site-packages (from matplotlib~=3.10.0->-r /scratch/llama.cpp/requirements/requirements-tool_bench.txt (line 4)) (4.63.0)

Requirement already satisfied: kiwisolver>=1.3.1 in /scratch/llama.cpp/venv/lib/python3.12/site-packages (from matplotlib~=3.10.0->-r /scratch/llama.cpp/requirements/requirements-tool_bench.txt (line 4)) (1.5.0)

Requirement already satisfied: pillow>=8 in /scratch/llama.cpp/venv/lib/python3.12/site-packages (from matplotlib~=3.10.0->-r /scratch/llama.cpp/requirements/requirements-tool_bench.txt (line 4)) (11.3.0)

Requirement already satisfied: pyparsing>=3 in /scratch/llama.cpp/venv/lib/python3.12/site-packages (from matplotlib~=3.10.0->-r /scratch/llama.cpp/requirements/requirements-tool_bench.txt (line 4)) (3.3.2)

Requirement already satisfied: python-dateutil>=2.7 in /scratch/llama.cpp/venv/lib/python3.12/site-packages (from matplotlib~=3.10.0->-r /scratch/llama.cpp/requirements/requirements-tool_bench.txt (line 4)) (2.9.0.post0)

Requirement already satisfied: anyio<5,>=3.5.0 in /scratch/llama.cpp/venv/lib/python3.12/site-packages (from openai~=2.14.0->-r /scratch/llama.cpp/requirements/requirements-tool_bench.txt (line 6)) (4.13.0)

Requirement already satisfied: distro<2,>=1.7.0 in /scratch/llama.cpp/venv/lib/python3.12/site-packages (from openai~=2.14.0->-r /scratch/llama.cpp/requirements/requirements-tool_bench.txt (line 6)) (1.9.0)

Requirement already satisfied: jiter<1,>=0.10.0 in /scratch/llama.cpp/venv/lib/python3.12/site-packages (from openai~=2.14.0->-r /scratch/llama.cpp/requirements/requirements-tool_bench.txt (line 6)) (0.14.0)

Requirement already satisfied: pydantic<3,>=1.9.0 in /scratch/llama.cpp/venv/lib/python3.12/site-packages (from openai~=2.14.0->-r /scratch/llama.cpp/requirements/requirements-tool_bench.txt (line 6)) (2.11.10)

Requirement already satisfied: sniffio in /scratch/llama.cpp/venv/lib/python3.12/site-packages (from openai~=2.14.0->-r /scratch/llama.cpp/requirements/requirements-tool_bench.txt (line 6)) (1.3.1)

Requirement already satisfied: pytz>=2020.1 in /scratch/llama.cpp/venv/lib/python3.12/site-packages (from pandas~=2.2.3->-r /scratch/llama.cpp/requirements/requirements-tool_bench.txt (line 7)) (2026.2)

Requirement already satisfied: tzdata>=2022.7 in /scratch/llama.cpp/venv/lib/python3.12/site-packages (from pandas~=2.2.3->-r /scratch/llama.cpp/requirements/requirements-tool_bench.txt (line 7)) (2026.2)

Requirement already satisfied: charset_normalizer<4,>=2 in /scratch/llama.cpp/venv/lib/python3.12/site-packages (from requests~=2.32.3->-r /scratch/llama.cpp/requirements/requirements-tool_bench.txt (line 9)) (3.4.7)

Requirement already satisfied: idna<4,>=2.5 in /scratch/llama.cpp/venv/lib/python3.12/site-packages (from requests~=2.32.3->-r /scratch/llama.cpp/requirements/requirements-tool_bench.txt (line 9)) (3.15)

Requirement already satisfied: urllib3<3,>=1.21.1 in /scratch/llama.cpp/venv/lib/python3.12/site-packages (from requests~=2.32.3->-r /scratch/llama.cpp/requirements/requirements-tool_bench.txt (line 9)) (2.7.0)

Requirement already satisfied: certifi>=2017.4.17 in /scratch/llama.cpp/venv/lib/python3.12/site-packages (from requests~=2.32.3->-r /scratch/llama.cpp/requirements/requirements-tool_bench.txt (line 9)) (2026.4.22)

Requirement already satisfied: click>=8.2.1 in /scratch/llama.cpp/venv/lib/python3.12/site-packages (from typer~=0.24.1->-r /scratch/llama.cpp/requirements/requirements-tool_bench.txt (line 11)) (8.4.0)

Requirement already satisfied: shellingham>=1.3.0 in /scratch/llama.cpp/venv/lib/python3.12/site-packages (from typer~=0.24.1->-r /scratch/llama.cpp/requirements/requirements-tool_bench.txt (line 11)) (1.5.4)

Requirement already satisfied: rich>=12.3.0 in /scratch/llama.cpp/venv/lib/python3.12/site-packages (from typer~=0.24.1->-r /scratch/llama.cpp/requirements/requirements-tool_bench.txt (line 11)) (15.0.0)

Requirement already satisfied: annotated-doc>=0.0.2 in /scratch/llama.cpp/venv/lib/python3.12/site-packages (from typer~=0.24.1->-r /scratch/llama.cpp/requirements/requirements-tool_bench.txt (line 11)) (0.0.4)

Requirement already satisfied: httpcore==1.* in /scratch/llama.cpp/venv/lib/python3.12/site-packages (from httpx<1,>=0.23.0->huggingface_hub<2.0,>=1.5.0->-r /scratch/llama.cpp/requirements/requirements-tool_bench.txt (line 3)) (1.0.9)

Requirement already satisfied: h11>=0.16 in /scratch/llama.cpp/venv/lib/python3.12/site-packages (from httpcore==1.*->httpx<1,>=0.23.0->huggingface_hub<2.0,>=1.5.0->-r /scratch/llama.cpp/requirements/requirements-tool_bench.txt (line 3)) (0.16.0)

Requirement already satisfied: annotated-types>=0.6.0 in /scratch/llama.cpp/venv/lib/python3.12/site-packages (from pydantic<3,>=1.9.0->openai~=2.14.0->-r /scratch/llama.cpp/requirements/requirements-tool_bench.txt (line 6)) (0.7.0)

Requirement already satisfied: pydantic-core==2.33.2 in /scratch/llama.cpp/venv/lib/python3.12/site-packages (from pydantic<3,>=1.9.0->openai~=2.14.0->-r /scratch/llama.cpp/requirements/requirements-tool_bench.txt (line 6)) (2.33.2)

Requirement already satisfied: typing-inspection>=0.4.0 in /scratch/llama.cpp/venv/lib/python3.12/site-packages (from pydantic<3,>=1.9.0->openai~=2.14.0->-r /scratch/llama.cpp/requirements/requirements-tool_bench.txt (line 6)) (0.4.2)

Requirement already satisfied: propcache>=0.2.1 in /scratch/llama.cpp/venv/lib/python3.12/site-packages (from yarl<2.0,>=1.0->aiohttp~=3.9.3->-r /scratch/llama.cpp/requirements/requirements-tool_bench.txt (line 1)) (0.5.2)

Requirement already satisfied: six>=1.5 in /scratch/llama.cpp/venv/lib/python3.12/site-packages (from python-dateutil>=2.7->matplotlib~=3.10.0->-r /scratch/llama.cpp/requirements/requirements-tool_bench.txt (line 4)) (1.17.0)

Requirement already satisfied: markdown-it-py>=2.2.0 in /scratch/llama.cpp/venv/lib/python3.12/site-packages (from rich>=12.3.0->typer~=0.24.1->-r /scratch/llama.cpp/requirements/requirements-tool_bench.txt (line 11)) (4.2.0)

Requirement already satisfied: pygments<3.0.0,>=2.13.0 in /scratch/llama.cpp/venv/lib/python3.12/site-packages (from rich>=12.3.0->typer~=0.24.1->-r /scratch/llama.cpp/requirements/requirements-tool_bench.txt (line 11)) (2.20.0)

Requirement already satisfied: mdurl~=0.1 in /scratch/llama.cpp/venv/lib/python3.12/site-packages (from markdown-it-py>=2.2.0->rich>=12.3.0->typer~=0.24.1->-r /scratch/llama.cpp/requirements/requirements-tool_bench.txt (line 11)) (0.1.2)

[1;32m[install][0m Smoke test: llama-cli --version

0.00.003.888 E ggml_cuda_init: failed to initialize CUDA: system has unsupported display driver / cuda driver combination

version: 0 (unknown)

built with GNU 13.3.0 for Linux x86_64

[1;32m[install][0m llama.cpp OK



[1;35m== nccl-tests (build from source) ==[0m

[1;32m[install][0m Building nccl-tests (CUDA_HOME=/usr/local/cuda-13.0, NCCL_HOME=/usr, MPI=0)

[1;32m[install][0m nccl-tests installed: /usr/local/bin/all_reduce_perf (and friends)

[1;32m[install][0m Verify multi-GPU bandwidth: all_reduce_perf -b 8 -e 8G -f 2 -g $(nvidia-smi -L | wc -l)



[1;35m== Kernel tuning (sysctl + THP) ==[0m

[1;32m[install][0m sysctl applied: /etc/sysctl.d/99-llm-multigpu.conf

[1;32m[install][0m transparent hugepages: madvise (via disable-thp-defrag.service)



[1;35m== NCCL env defaults + system limits ==[0m

[1;32m[install][0m NCCL env defaults: /etc/profile.d/nccl-multigpu.sh (NVLS enabled)

[1;32m[install][0m System limits: /etc/security/limits.d/99-llm-multigpu.conf (+ systemd mirror)



[1;35m== GPU + LLM-inference operational tooling ==[0m

[1;32m[install][0m Installed: gpu-health-check (run with: gpu-health-check)

[1;32m[install][0m Installed: llama-server-multigpu (run with: llama-server-multigpu --model X.gguf)

[1;32m[install][0m Installed: llama-model-preload (preload models into page cache)

[1;32m[install][0m Installed: llama-server@.service template (config dir: /etc/llama-server/)

[1;32m[install][0m   Try: cp /etc/llama-server/example.env /etc/llama-server/mymodel.env; $EDITOR it; systemctl enable --now llama-server@mymodel



[1;35m== Python venv: General Training ==[0m

[1;32m[install][0m Creating General Training venv at /scratch/general_training/venv

Looking in links: /home/leesihun/home_dir/GPU_server_downloads/wheels/training

Requirement already satisfied: pip in /scratch/general_training/venv/lib/python3.12/site-packages (26.1.1)

Requirement already satisfied: wheel in /scratch/general_training/venv/lib/python3.12/site-packages (0.47.0)

Requirement already satisfied: setuptools in /scratch/general_training/venv/lib/python3.12/site-packages (81.0.0)

Processing ./GPU_server_downloads/wheels/training/setuptools-82.0.1-py3-none-any.whl

Requirement already satisfied: packaging>=24.0 in /scratch/general_training/venv/lib/python3.12/site-packages (from wheel) (26.2)

Installing collected packages: setuptools

  Attempting uninstall: setuptools

    Found existing installation: setuptools 81.0.0

    Uninstalling setuptools-81.0.0:

      Successfully uninstalled setuptools-81.0.0

ERROR: pip's dependency resolver does not currently take into account all the packages that are installed. This behaviour is the source of the following dependency conflicts.

torch 2.11.0+cu130 requires setuptools<82, but you have setuptools 82.0.1 which is incompatible.

Successfully installed setuptools-82.0.1

[1;32m[install][0m Installing PyTorch (training)

Looking in links: /home/leesihun/home_dir/GPU_server_downloads/wheels/training

Requirement already satisfied: torch in /scratch/general_training/venv/lib/python3.12/site-packages (2.11.0+cu130)

Requirement already satisfied: torchvision in /scratch/general_training/venv/lib/python3.12/site-packages (0.26.0+cu130)

Requirement already satisfied: torchaudio in /scratch/general_training/venv/lib/python3.12/site-packages (2.11.0+cu130)

Requirement already satisfied: filelock in /scratch/general_training/venv/lib/python3.12/site-packages (from torch) (3.29.0)

Requirement already satisfied: typing-extensions>=4.10.0 in /scratch/general_training/venv/lib/python3.12/site-packages (from torch) (4.15.0)

Processing ./GPU_server_downloads/wheels/training/setuptools-81.0.0-py3-none-any.whl (from torch)

Requirement already satisfied: sympy>=1.13.3 in /scratch/general_training/venv/lib/python3.12/site-packages (from torch) (1.14.0)

Requirement already satisfied: networkx>=2.5.1 in /scratch/general_training/venv/lib/python3.12/site-packages (from torch) (3.6.1)

Requirement already satisfied: jinja2 in /scratch/general_training/venv/lib/python3.12/site-packages (from torch) (3.1.6)

Requirement already satisfied: fsspec>=0.8.5 in /scratch/general_training/venv/lib/python3.12/site-packages (from torch) (2026.4.0)

Requirement already satisfied: cuda-toolkit==13.0.2 in /scratch/general_training/venv/lib/python3.12/site-packages (from cuda-toolkit[cublas,cudart,cufft,cufile,cupti,curand,cusolver,cusparse,nvjitlink,nvrtc,nvtx]==13.0.2; platform_system == "Linux"->torch) (13.0.2)

Requirement already satisfied: cuda-bindings<14,>=13.0.3 in /scratch/general_training/venv/lib/python3.12/site-packages (from torch) (13.2.0)

Requirement already satisfied: nvidia-cudnn-cu13==9.19.0.56 in /scratch/general_training/venv/lib/python3.12/site-packages (from torch) (9.19.0.56)

Requirement already satisfied: nvidia-cusparselt-cu13==0.8.0 in /scratch/general_training/venv/lib/python3.12/site-packages (from torch) (0.8.0)

Requirement already satisfied: nvidia-nccl-cu13==2.28.9 in /scratch/general_training/venv/lib/python3.12/site-packages (from torch) (2.28.9)

Requirement already satisfied: nvidia-nvshmem-cu13==3.4.5 in /scratch/general_training/venv/lib/python3.12/site-packages (from torch) (3.4.5)

Requirement already satisfied: triton==3.6.0 in /scratch/general_training/venv/lib/python3.12/site-packages (from torch) (3.6.0)

Requirement already satisfied: nvidia-cublas==13.1.0.3.* in /scratch/general_training/venv/lib/python3.12/site-packages (from cuda-toolkit[cublas,cudart,cufft,cufile,cupti,curand,cusolver,cusparse,nvjitlink,nvrtc,nvtx]==13.0.2; platform_system == "Linux"->torch) (13.1.0.3)

Requirement already satisfied: nvidia-cuda-runtime==13.0.96.* in /scratch/general_training/venv/lib/python3.12/site-packages (from cuda-toolkit[cublas,cudart,cufft,cufile,cupti,curand,cusolver,cusparse,nvjitlink,nvrtc,nvtx]==13.0.2; platform_system == "Linux"->torch) (13.0.96)

Requirement already satisfied: nvidia-cufft==12.0.0.61.* in /scratch/general_training/venv/lib/python3.12/site-packages (from cuda-toolkit[cublas,cudart,cufft,cufile,cupti,curand,cusolver,cusparse,nvjitlink,nvrtc,nvtx]==13.0.2; platform_system == "Linux"->torch) (12.0.0.61)

Requirement already satisfied: nvidia-cufile==1.15.1.6.* in /scratch/general_training/venv/lib/python3.12/site-packages (from cuda-toolkit[cublas,cudart,cufft,cufile,cupti,curand,cusolver,cusparse,nvjitlink,nvrtc,nvtx]==13.0.2; platform_system == "Linux"->torch) (1.15.1.6)

Requirement already satisfied: nvidia-cuda-cupti==13.0.85.* in /scratch/general_training/venv/lib/python3.12/site-packages (from cuda-toolkit[cublas,cudart,cufft,cufile,cupti,curand,cusolver,cusparse,nvjitlink,nvrtc,nvtx]==13.0.2; platform_system == "Linux"->torch) (13.0.85)

Requirement already satisfied: nvidia-curand==10.4.0.35.* in /scratch/general_training/venv/lib/python3.12/site-packages (from cuda-toolkit[cublas,cudart,cufft,cufile,cupti,curand,cusolver,cusparse,nvjitlink,nvrtc,nvtx]==13.0.2; platform_system == "Linux"->torch) (10.4.0.35)

Requirement already satisfied: nvidia-cusolver==12.0.4.66.* in /scratch/general_training/venv/lib/python3.12/site-packages (from cuda-toolkit[cublas,cudart,cufft,cufile,cupti,curand,cusolver,cusparse,nvjitlink,nvrtc,nvtx]==13.0.2; platform_system == "Linux"->torch) (12.0.4.66)

Requirement already satisfied: nvidia-cusparse==12.6.3.3.* in /scratch/general_training/venv/lib/python3.12/site-packages (from cuda-toolkit[cublas,cudart,cufft,cufile,cupti,curand,cusolver,cusparse,nvjitlink,nvrtc,nvtx]==13.0.2; platform_system == "Linux"->torch) (12.6.3.3)

Requirement already satisfied: nvidia-nvjitlink==13.0.88.* in /scratch/general_training/venv/lib/python3.12/site-packages (from cuda-toolkit[cublas,cudart,cufft,cufile,cupti,curand,cusolver,cusparse,nvjitlink,nvrtc,nvtx]==13.0.2; platform_system == "Linux"->torch) (13.0.88)

Requirement already satisfied: nvidia-cuda-nvrtc==13.0.88.* in /scratch/general_training/venv/lib/python3.12/site-packages (from cuda-toolkit[cublas,cudart,cufft,cufile,cupti,curand,cusolver,cusparse,nvjitlink,nvrtc,nvtx]==13.0.2; platform_system == "Linux"->torch) (13.0.88)

Requirement already satisfied: nvidia-nvtx==13.0.85.* in /scratch/general_training/venv/lib/python3.12/site-packages (from cuda-toolkit[cublas,cudart,cufft,cufile,cupti,curand,cusolver,cusparse,nvjitlink,nvrtc,nvtx]==13.0.2; platform_system == "Linux"->torch) (13.0.85)

Requirement already satisfied: cuda-pathfinder~=1.1 in /scratch/general_training/venv/lib/python3.12/site-packages (from cuda-bindings<14,>=13.0.3->torch) (1.5.4)

Requirement already satisfied: numpy in /scratch/general_training/venv/lib/python3.12/site-packages (from torchvision) (2.4.6)

Requirement already satisfied: pillow!=8.3.*,>=5.3.0 in /scratch/general_training/venv/lib/python3.12/site-packages (from torchvision) (12.2.0)

Requirement already satisfied: mpmath<1.4,>=1.1.0 in /scratch/general_training/venv/lib/python3.12/site-packages (from sympy>=1.13.3->torch) (1.3.0)

Requirement already satisfied: MarkupSafe>=2.0 in /scratch/general_training/venv/lib/python3.12/site-packages (from jinja2->torch) (3.0.3)

Installing collected packages: setuptools

  Attempting uninstall: setuptools

    Found existing installation: setuptools 82.0.1

    Uninstalling setuptools-82.0.1:

      Successfully uninstalled setuptools-82.0.1

Successfully installed setuptools-81.0.0

[1;32m[install][0m Installing torch-geometric

Looking in links: /home/leesihun/home_dir/GPU_server_downloads/wheels/training

Requirement already satisfied: torch-geometric in /scratch/general_training/venv/lib/python3.12/site-packages (2.7.0)

Requirement already satisfied: aiohttp in /scratch/general_training/venv/lib/python3.12/site-packages (from torch-geometric) (3.13.5)

Requirement already satisfied: fsspec in /scratch/general_training/venv/lib/python3.12/site-packages (from torch-geometric) (2026.4.0)

Requirement already satisfied: jinja2 in /scratch/general_training/venv/lib/python3.12/site-packages (from torch-geometric) (3.1.6)

Requirement already satisfied: numpy in /scratch/general_training/venv/lib/python3.12/site-packages (from torch-geometric) (2.4.6)

Requirement already satisfied: psutil>=5.8.0 in /scratch/general_training/venv/lib/python3.12/site-packages (from torch-geometric) (7.2.2)

Requirement already satisfied: pyparsing in /scratch/general_training/venv/lib/python3.12/site-packages (from torch-geometric) (3.3.2)

Requirement already satisfied: requests in /scratch/general_training/venv/lib/python3.12/site-packages (from torch-geometric) (2.34.2)

Requirement already satisfied: tqdm in /scratch/general_training/venv/lib/python3.12/site-packages (from torch-geometric) (4.67.3)

Requirement already satisfied: xxhash in /scratch/general_training/venv/lib/python3.12/site-packages (from torch-geometric) (3.7.0)

Requirement already satisfied: aiohappyeyeballs>=2.5.0 in /scratch/general_training/venv/lib/python3.12/site-packages (from aiohttp->torch-geometric) (2.6.1)

Requirement already satisfied: aiosignal>=1.4.0 in /scratch/general_training/venv/lib/python3.12/site-packages (from aiohttp->torch-geometric) (1.4.0)

Requirement already satisfied: attrs>=17.3.0 in /scratch/general_training/venv/lib/python3.12/site-packages (from aiohttp->torch-geometric) (26.1.0)

Requirement already satisfied: frozenlist>=1.1.1 in /scratch/general_training/venv/lib/python3.12/site-packages (from aiohttp->torch-geometric) (1.8.0)

Requirement already satisfied: multidict<7.0,>=4.5 in /scratch/general_training/venv/lib/python3.12/site-packages (from aiohttp->torch-geometric) (6.7.1)

Requirement already satisfied: propcache>=0.2.0 in /scratch/general_training/venv/lib/python3.12/site-packages (from aiohttp->torch-geometric) (0.5.2)

Requirement already satisfied: yarl<2.0,>=1.17.0 in /scratch/general_training/venv/lib/python3.12/site-packages (from aiohttp->torch-geometric) (1.23.0)

Requirement already satisfied: idna>=2.0 in /scratch/general_training/venv/lib/python3.12/site-packages (from yarl<2.0,>=1.17.0->aiohttp->torch-geometric) (3.15)

Requirement already satisfied: typing-extensions>=4.2 in /scratch/general_training/venv/lib/python3.12/site-packages (from aiosignal>=1.4.0->aiohttp->torch-geometric) (4.15.0)

Requirement already satisfied: MarkupSafe>=2.0 in /scratch/general_training/venv/lib/python3.12/site-packages (from jinja2->torch-geometric) (3.0.3)

Requirement already satisfied: charset_normalizer<4,>=2 in /scratch/general_training/venv/lib/python3.12/site-packages (from requests->torch-geometric) (3.4.7)

Requirement already satisfied: urllib3<3,>=1.26 in /scratch/general_training/venv/lib/python3.12/site-packages (from requests->torch-geometric) (2.7.0)

Requirement already satisfied: certifi>=2023.5.7 in /scratch/general_training/venv/lib/python3.12/site-packages (from requests->torch-geometric) (2026.4.22)

[1;32m[install][0m Installing PyG extensions

Looking in links: /home/leesihun/home_dir/GPU_server_downloads/wheels/training

Requirement already satisfied: pyg_lib in /scratch/general_training/venv/lib/python3.12/site-packages (0.6.0+pt211cu130)

[1;32m[install][0m   pyg_lib: OK

Looking in links: /home/leesihun/home_dir/GPU_server_downloads/wheels/training

Requirement already satisfied: torch-scatter in /scratch/general_training/venv/lib/python3.12/site-packages (2.1.2+pt211cu130)

[1;32m[install][0m   torch-scatter: OK

Looking in links: /home/leesihun/home_dir/GPU_server_downloads/wheels/training

Requirement already satisfied: torch-sparse in /scratch/general_training/venv/lib/python3.12/site-packages (0.6.18+pt211cu130)

Requirement already satisfied: scipy in /scratch/general_training/venv/lib/python3.12/site-packages (from torch-sparse) (1.17.1)

Requirement already satisfied: numpy<2.7,>=1.26.4 in /scratch/general_training/venv/lib/python3.12/site-packages (from scipy->torch-sparse) (2.4.6)

[1;32m[install][0m   torch-sparse: OK

Looking in links: /home/leesihun/home_dir/GPU_server_downloads/wheels/training

Requirement already satisfied: torch-cluster in /scratch/general_training/venv/lib/python3.12/site-packages (1.6.3+pt211cu130)

Requirement already satisfied: scipy in /scratch/general_training/venv/lib/python3.12/site-packages (from torch-cluster) (1.17.1)

Requirement already satisfied: numpy<2.7,>=1.26.4 in /scratch/general_training/venv/lib/python3.12/site-packages (from scipy->torch-cluster) (2.4.6)

[1;32m[install][0m   torch-cluster: OK

[1;32m[install][0m   Installing from meshgraphnets.txt

Looking in links: /home/leesihun/home_dir/GPU_server_downloads/wheels/training

Requirement already satisfied: torch>=2.1.0 in /scratch/general_training/venv/lib/python3.12/site-packages (from -r /home/leesihun/home_dir/GPU_server_downloads/requirements/meshgraphnets.txt (line 2)) (2.11.0+cu130)

Requirement already satisfied: torch-geometric>=2.4.0 in /scratch/general_training/venv/lib/python3.12/site-packages (from -r /home/leesihun/home_dir/GPU_server_downloads/requirements/meshgraphnets.txt (line 3)) (2.7.0)

Requirement already satisfied: torch-cluster>=1.6.3 in /scratch/general_training/venv/lib/python3.12/site-packages (from -r /home/leesihun/home_dir/GPU_server_downloads/requirements/meshgraphnets.txt (line 4)) (1.6.3+pt211cu130)

Requirement already satisfied: torch-scatter>=2.1.2 in /scratch/general_training/venv/lib/python3.12/site-packages (from -r /home/leesihun/home_dir/GPU_server_downloads/requirements/meshgraphnets.txt (line 5)) (2.1.2+pt211cu130)

Requirement already satisfied: numpy>=1.24.0 in /scratch/general_training/venv/lib/python3.12/site-packages (from -r /home/leesihun/home_dir/GPU_server_downloads/requirements/meshgraphnets.txt (line 8)) (2.4.6)

Requirement already satisfied: scipy>=1.10.0 in /scratch/general_training/venv/lib/python3.12/site-packages (from -r /home/leesihun/home_dir/GPU_server_downloads/requirements/meshgraphnets.txt (line 9)) (1.17.1)

Requirement already satisfied: h5py>=3.8.0 in /scratch/general_training/venv/lib/python3.12/site-packages (from -r /home/leesihun/home_dir/GPU_server_downloads/requirements/meshgraphnets.txt (line 12)) (3.16.0)

Requirement already satisfied: pandas>=1.5.0 in /scratch/general_training/venv/lib/python3.12/site-packages (from -r /home/leesihun/home_dir/GPU_server_downloads/requirements/meshgraphnets.txt (line 13)) (3.0.3)

Requirement already satisfied: tqdm>=4.65.0 in /scratch/general_training/venv/lib/python3.12/site-packages (from -r /home/leesihun/home_dir/GPU_server_downloads/requirements/meshgraphnets.txt (line 16)) (4.67.3)

Requirement already satisfied: matplotlib>=3.7.0 in /scratch/general_training/venv/lib/python3.12/site-packages (from -r /home/leesihun/home_dir/GPU_server_downloads/requirements/meshgraphnets.txt (line 19)) (3.10.9)

Requirement already satisfied: Pillow>=9.5.0 in /scratch/general_training/venv/lib/python3.12/site-packages (from -r /home/leesihun/home_dir/GPU_server_downloads/requirements/meshgraphnets.txt (line 20)) (12.2.0)

Requirement already satisfied: pyvista>=0.43.0 in /scratch/general_training/venv/lib/python3.12/site-packages (from -r /home/leesihun/home_dir/GPU_server_downloads/requirements/meshgraphnets.txt (line 21)) (0.48.4)

Requirement already satisfied: filelock in /scratch/general_training/venv/lib/python3.12/site-packages (from torch>=2.1.0->-r /home/leesihun/home_dir/GPU_server_downloads/requirements/meshgraphnets.txt (line 2)) (3.29.0)

Requirement already satisfied: typing-extensions>=4.10.0 in /scratch/general_training/venv/lib/python3.12/site-packages (from torch>=2.1.0->-r /home/leesihun/home_dir/GPU_server_downloads/requirements/meshgraphnets.txt (line 2)) (4.15.0)

Requirement already satisfied: setuptools<82 in /scratch/general_training/venv/lib/python3.12/site-packages (from torch>=2.1.0->-r /home/leesihun/home_dir/GPU_server_downloads/requirements/meshgraphnets.txt (line 2)) (81.0.0)

Requirement already satisfied: sympy>=1.13.3 in /scratch/general_training/venv/lib/python3.12/site-packages (from torch>=2.1.0->-r /home/leesihun/home_dir/GPU_server_downloads/requirements/meshgraphnets.txt (line 2)) (1.14.0)

Requirement already satisfied: networkx>=2.5.1 in /scratch/general_training/venv/lib/python3.12/site-packages (from torch>=2.1.0->-r /home/leesihun/home_dir/GPU_server_downloads/requirements/meshgraphnets.txt (line 2)) (3.6.1)

Requirement already satisfied: jinja2 in /scratch/general_training/venv/lib/python3.12/site-packages (from torch>=2.1.0->-r /home/leesihun/home_dir/GPU_server_downloads/requirements/meshgraphnets.txt (line 2)) (3.1.6)

Requirement already satisfied: fsspec>=0.8.5 in /scratch/general_training/venv/lib/python3.12/site-packages (from torch>=2.1.0->-r /home/leesihun/home_dir/GPU_server_downloads/requirements/meshgraphnets.txt (line 2)) (2026.4.0)

Requirement already satisfied: cuda-toolkit==13.0.2 in /scratch/general_training/venv/lib/python3.12/site-packages (from cuda-toolkit[cublas,cudart,cufft,cufile,cupti,curand,cusolver,cusparse,nvjitlink,nvrtc,nvtx]==13.0.2; platform_system == "Linux"->torch>=2.1.0->-r /home/leesihun/home_dir/GPU_server_downloads/requirements/meshgraphnets.txt (line 2)) (13.0.2)

Requirement already satisfied: cuda-bindings<14,>=13.0.3 in /scratch/general_training/venv/lib/python3.12/site-packages (from torch>=2.1.0->-r /home/leesihun/home_dir/GPU_server_downloads/requirements/meshgraphnets.txt (line 2)) (13.2.0)

Requirement already satisfied: nvidia-cudnn-cu13==9.19.0.56 in /scratch/general_training/venv/lib/python3.12/site-packages (from torch>=2.1.0->-r /home/leesihun/home_dir/GPU_server_downloads/requirements/meshgraphnets.txt (line 2)) (9.19.0.56)

Requirement already satisfied: nvidia-cusparselt-cu13==0.8.0 in /scratch/general_training/venv/lib/python3.12/site-packages (from torch>=2.1.0->-r /home/leesihun/home_dir/GPU_server_downloads/requirements/meshgraphnets.txt (line 2)) (0.8.0)

Requirement already satisfied: nvidia-nccl-cu13==2.28.9 in /scratch/general_training/venv/lib/python3.12/site-packages (from torch>=2.1.0->-r /home/leesihun/home_dir/GPU_server_downloads/requirements/meshgraphnets.txt (line 2)) (2.28.9)

Requirement already satisfied: nvidia-nvshmem-cu13==3.4.5 in /scratch/general_training/venv/lib/python3.12/site-packages (from torch>=2.1.0->-r /home/leesihun/home_dir/GPU_server_downloads/requirements/meshgraphnets.txt (line 2)) (3.4.5)

Requirement already satisfied: triton==3.6.0 in /scratch/general_training/venv/lib/python3.12/site-packages (from torch>=2.1.0->-r /home/leesihun/home_dir/GPU_server_downloads/requirements/meshgraphnets.txt (line 2)) (3.6.0)

Requirement already satisfied: nvidia-cublas==13.1.0.3.* in /scratch/general_training/venv/lib/python3.12/site-packages (from cuda-toolkit[cublas,cudart,cufft,cufile,cupti,curand,cusolver,cusparse,nvjitlink,nvrtc,nvtx]==13.0.2; platform_system == "Linux"->torch>=2.1.0->-r /home/leesihun/home_dir/GPU_server_downloads/requirements/meshgraphnets.txt (line 2)) (13.1.0.3)

Requirement already satisfied: nvidia-cuda-runtime==13.0.96.* in /scratch/general_training/venv/lib/python3.12/site-packages (from cuda-toolkit[cublas,cudart,cufft,cufile,cupti,curand,cusolver,cusparse,nvjitlink,nvrtc,nvtx]==13.0.2; platform_system == "Linux"->torch>=2.1.0->-r /home/leesihun/home_dir/GPU_server_downloads/requirements/meshgraphnets.txt (line 2)) (13.0.96)

Requirement already satisfied: nvidia-cufft==12.0.0.61.* in /scratch/general_training/venv/lib/python3.12/site-packages (from cuda-toolkit[cublas,cudart,cufft,cufile,cupti,curand,cusolver,cusparse,nvjitlink,nvrtc,nvtx]==13.0.2; platform_system == "Linux"->torch>=2.1.0->-r /home/leesihun/home_dir/GPU_server_downloads/requirements/meshgraphnets.txt (line 2)) (12.0.0.61)

Requirement already satisfied: nvidia-cufile==1.15.1.6.* in /scratch/general_training/venv/lib/python3.12/site-packages (from cuda-toolkit[cublas,cudart,cufft,cufile,cupti,curand,cusolver,cusparse,nvjitlink,nvrtc,nvtx]==13.0.2; platform_system == "Linux"->torch>=2.1.0->-r /home/leesihun/home_dir/GPU_server_downloads/requirements/meshgraphnets.txt (line 2)) (1.15.1.6)

Requirement already satisfied: nvidia-cuda-cupti==13.0.85.* in /scratch/general_training/venv/lib/python3.12/site-packages (from cuda-toolkit[cublas,cudart,cufft,cufile,cupti,curand,cusolver,cusparse,nvjitlink,nvrtc,nvtx]==13.0.2; platform_system == "Linux"->torch>=2.1.0->-r /home/leesihun/home_dir/GPU_server_downloads/requirements/meshgraphnets.txt (line 2)) (13.0.85)

Requirement already satisfied: nvidia-curand==10.4.0.35.* in /scratch/general_training/venv/lib/python3.12/site-packages (from cuda-toolkit[cublas,cudart,cufft,cufile,cupti,curand,cusolver,cusparse,nvjitlink,nvrtc,nvtx]==13.0.2; platform_system == "Linux"->torch>=2.1.0->-r /home/leesihun/home_dir/GPU_server_downloads/requirements/meshgraphnets.txt (line 2)) (10.4.0.35)

Requirement already satisfied: nvidia-cusolver==12.0.4.66.* in /scratch/general_training/venv/lib/python3.12/site-packages (from cuda-toolkit[cublas,cudart,cufft,cufile,cupti,curand,cusolver,cusparse,nvjitlink,nvrtc,nvtx]==13.0.2; platform_system == "Linux"->torch>=2.1.0->-r /home/leesihun/home_dir/GPU_server_downloads/requirements/meshgraphnets.txt (line 2)) (12.0.4.66)

Requirement already satisfied: nvidia-cusparse==12.6.3.3.* in /scratch/general_training/venv/lib/python3.12/site-packages (from cuda-toolkit[cublas,cudart,cufft,cufile,cupti,curand,cusolver,cusparse,nvjitlink,nvrtc,nvtx]==13.0.2; platform_system == "Linux"->torch>=2.1.0->-r /home/leesihun/home_dir/GPU_server_downloads/requirements/meshgraphnets.txt (line 2)) (12.6.3.3)

Requirement already satisfied: nvidia-nvjitlink==13.0.88.* in /scratch/general_training/venv/lib/python3.12/site-packages (from cuda-toolkit[cublas,cudart,cufft,cufile,cupti,curand,cusolver,cusparse,nvjitlink,nvrtc,nvtx]==13.0.2; platform_system == "Linux"->torch>=2.1.0->-r /home/leesihun/home_dir/GPU_server_downloads/requirements/meshgraphnets.txt (line 2)) (13.0.88)

Requirement already satisfied: nvidia-cuda-nvrtc==13.0.88.* in /scratch/general_training/venv/lib/python3.12/site-packages (from cuda-toolkit[cublas,cudart,cufft,cufile,cupti,curand,cusolver,cusparse,nvjitlink,nvrtc,nvtx]==13.0.2; platform_system == "Linux"->torch>=2.1.0->-r /home/leesihun/home_dir/GPU_server_downloads/requirements/meshgraphnets.txt (line 2)) (13.0.88)

Requirement already satisfied: nvidia-nvtx==13.0.85.* in /scratch/general_training/venv/lib/python3.12/site-packages (from cuda-toolkit[cublas,cudart,cufft,cufile,cupti,curand,cusolver,cusparse,nvjitlink,nvrtc,nvtx]==13.0.2; platform_system == "Linux"->torch>=2.1.0->-r /home/leesihun/home_dir/GPU_server_downloads/requirements/meshgraphnets.txt (line 2)) (13.0.85)

Requirement already satisfied: cuda-pathfinder~=1.1 in /scratch/general_training/venv/lib/python3.12/site-packages (from cuda-bindings<14,>=13.0.3->torch>=2.1.0->-r /home/leesihun/home_dir/GPU_server_downloads/requirements/meshgraphnets.txt (line 2)) (1.5.4)

Requirement already satisfied: aiohttp in /scratch/general_training/venv/lib/python3.12/site-packages (from torch-geometric>=2.4.0->-r /home/leesihun/home_dir/GPU_server_downloads/requirements/meshgraphnets.txt (line 3)) (3.13.5)

Requirement already satisfied: psutil>=5.8.0 in /scratch/general_training/venv/lib/python3.12/site-packages (from torch-geometric>=2.4.0->-r /home/leesihun/home_dir/GPU_server_downloads/requirements/meshgraphnets.txt (line 3)) (7.2.2)

Requirement already satisfied: pyparsing in /scratch/general_training/venv/lib/python3.12/site-packages (from torch-geometric>=2.4.0->-r /home/leesihun/home_dir/GPU_server_downloads/requirements/meshgraphnets.txt (line 3)) (3.3.2)

Requirement already satisfied: requests in /scratch/general_training/venv/lib/python3.12/site-packages (from torch-geometric>=2.4.0->-r /home/leesihun/home_dir/GPU_server_downloads/requirements/meshgraphnets.txt (line 3)) (2.34.2)

Requirement already satisfied: xxhash in /scratch/general_training/venv/lib/python3.12/site-packages (from torch-geometric>=2.4.0->-r /home/leesihun/home_dir/GPU_server_downloads/requirements/meshgraphnets.txt (line 3)) (3.7.0)

Requirement already satisfied: python-dateutil>=2.8.2 in /scratch/general_training/venv/lib/python3.12/site-packages (from pandas>=1.5.0->-r /home/leesihun/home_dir/GPU_server_downloads/requirements/meshgraphnets.txt (line 13)) (2.9.0.post0)

Requirement already satisfied: contourpy>=1.0.1 in /scratch/general_training/venv/lib/python3.12/site-packages (from matplotlib>=3.7.0->-r /home/leesihun/home_dir/GPU_server_downloads/requirements/meshgraphnets.txt (line 19)) (1.3.3)

Requirement already satisfied: cycler>=0.10 in /scratch/general_training/venv/lib/python3.12/site-packages (from matplotlib>=3.7.0->-r /home/leesihun/home_dir/GPU_server_downloads/requirements/meshgraphnets.txt (line 19)) (0.12.1)

Requirement already satisfied: fonttools>=4.22.0 in /scratch/general_training/venv/lib/python3.12/site-packages (from matplotlib>=3.7.0->-r /home/leesihun/home_dir/GPU_server_downloads/requirements/meshgraphnets.txt (line 19)) (4.63.0)

Requirement already satisfied: kiwisolver>=1.3.1 in /scratch/general_training/venv/lib/python3.12/site-packages (from matplotlib>=3.7.0->-r /home/leesihun/home_dir/GPU_server_downloads/requirements/meshgraphnets.txt (line 19)) (1.5.0)

Requirement already satisfied: packaging>=20.0 in /scratch/general_training/venv/lib/python3.12/site-packages (from matplotlib>=3.7.0->-r /home/leesihun/home_dir/GPU_server_downloads/requirements/meshgraphnets.txt (line 19)) (26.2)

Requirement already satisfied: cyclopts>=4.0.0 in /scratch/general_training/venv/lib/python3.12/site-packages (from pyvista>=0.43.0->-r /home/leesihun/home_dir/GPU_server_downloads/requirements/meshgraphnets.txt (line 21)) (4.14.0)

Requirement already satisfied: pooch in /scratch/general_training/venv/lib/python3.12/site-packages (from pyvista>=0.43.0->-r /home/leesihun/home_dir/GPU_server_downloads/requirements/meshgraphnets.txt (line 21)) (1.9.0)

Requirement already satisfied: scooby>=0.5.1 in /scratch/general_training/venv/lib/python3.12/site-packages (from pyvista>=0.43.0->-r /home/leesihun/home_dir/GPU_server_downloads/requirements/meshgraphnets.txt (line 21)) (0.11.2)

Requirement already satisfied: vtk!=9.4.0 in /scratch/general_training/venv/lib/python3.12/site-packages (from pyvista>=0.43.0->-r /home/leesihun/home_dir/GPU_server_downloads/requirements/meshgraphnets.txt (line 21)) (9.6.1)

Requirement already satisfied: attrs>=23.1.0 in /scratch/general_training/venv/lib/python3.12/site-packages (from cyclopts>=4.0.0->pyvista>=0.43.0->-r /home/leesihun/home_dir/GPU_server_downloads/requirements/meshgraphnets.txt (line 21)) (26.1.0)

Requirement already satisfied: docstring-parser<4.0,>=0.15 in /scratch/general_training/venv/lib/python3.12/site-packages (from cyclopts>=4.0.0->pyvista>=0.43.0->-r /home/leesihun/home_dir/GPU_server_downloads/requirements/meshgraphnets.txt (line 21)) (0.18.0)

Requirement already satisfied: rich-rst<3.0.0,>=1.3.1 in /scratch/general_training/venv/lib/python3.12/site-packages (from cyclopts>=4.0.0->pyvista>=0.43.0->-r /home/leesihun/home_dir/GPU_server_downloads/requirements/meshgraphnets.txt (line 21)) (2.0.1)

Requirement already satisfied: rich>=13.6.0 in /scratch/general_training/venv/lib/python3.12/site-packages (from cyclopts>=4.0.0->pyvista>=0.43.0->-r /home/leesihun/home_dir/GPU_server_downloads/requirements/meshgraphnets.txt (line 21)) (15.0.0)

Requirement already satisfied: pygments>=2.0.0 in /scratch/general_training/venv/lib/python3.12/site-packages (from rich-rst<3.0.0,>=1.3.1->cyclopts>=4.0.0->pyvista>=0.43.0->-r /home/leesihun/home_dir/GPU_server_downloads/requirements/meshgraphnets.txt (line 21)) (2.20.0)

Requirement already satisfied: six>=1.5 in /scratch/general_training/venv/lib/python3.12/site-packages (from python-dateutil>=2.8.2->pandas>=1.5.0->-r /home/leesihun/home_dir/GPU_server_downloads/requirements/meshgraphnets.txt (line 13)) (1.17.0)

Requirement already satisfied: markdown-it-py>=2.2.0 in /scratch/general_training/venv/lib/python3.12/site-packages (from rich>=13.6.0->cyclopts>=4.0.0->pyvista>=0.43.0->-r /home/leesihun/home_dir/GPU_server_downloads/requirements/meshgraphnets.txt (line 21)) (4.2.0)

Requirement already satisfied: mdurl~=0.1 in /scratch/general_training/venv/lib/python3.12/site-packages (from markdown-it-py>=2.2.0->rich>=13.6.0->cyclopts>=4.0.0->pyvista>=0.43.0->-r /home/leesihun/home_dir/GPU_server_downloads/requirements/meshgraphnets.txt (line 21)) (0.1.2)

Requirement already satisfied: mpmath<1.4,>=1.1.0 in /scratch/general_training/venv/lib/python3.12/site-packages (from sympy>=1.13.3->torch>=2.1.0->-r /home/leesihun/home_dir/GPU_server_downloads/requirements/meshgraphnets.txt (line 2)) (1.3.0)

Requirement already satisfied: aiohappyeyeballs>=2.5.0 in /scratch/general_training/venv/lib/python3.12/site-packages (from aiohttp->torch-geometric>=2.4.0->-r /home/leesihun/home_dir/GPU_server_downloads/requirements/meshgraphnets.txt (line 3)) (2.6.1)

Requirement already satisfied: aiosignal>=1.4.0 in /scratch/general_training/venv/lib/python3.12/site-packages (from aiohttp->torch-geometric>=2.4.0->-r /home/leesihun/home_dir/GPU_server_downloads/requirements/meshgraphnets.txt (line 3)) (1.4.0)

Requirement already satisfied: frozenlist>=1.1.1 in /scratch/general_training/venv/lib/python3.12/site-packages (from aiohttp->torch-geometric>=2.4.0->-r /home/leesihun/home_dir/GPU_server_downloads/requirements/meshgraphnets.txt (line 3)) (1.8.0)

Requirement already satisfied: multidict<7.0,>=4.5 in /scratch/general_training/venv/lib/python3.12/site-packages (from aiohttp->torch-geometric>=2.4.0->-r /home/leesihun/home_dir/GPU_server_downloads/requirements/meshgraphnets.txt (line 3)) (6.7.1)

Requirement already satisfied: propcache>=0.2.0 in /scratch/general_training/venv/lib/python3.12/site-packages (from aiohttp->torch-geometric>=2.4.0->-r /home/leesihun/home_dir/GPU_server_downloads/requirements/meshgraphnets.txt (line 3)) (0.5.2)

Requirement already satisfied: yarl<2.0,>=1.17.0 in /scratch/general_training/venv/lib/python3.12/site-packages (from aiohttp->torch-geometric>=2.4.0->-r /home/leesihun/home_dir/GPU_server_downloads/requirements/meshgraphnets.txt (line 3)) (1.23.0)

Requirement already satisfied: idna>=2.0 in /scratch/general_training/venv/lib/python3.12/site-packages (from yarl<2.0,>=1.17.0->aiohttp->torch-geometric>=2.4.0->-r /home/leesihun/home_dir/GPU_server_downloads/requirements/meshgraphnets.txt (line 3)) (3.15)

Requirement already satisfied: MarkupSafe>=2.0 in /scratch/general_training/venv/lib/python3.12/site-packages (from jinja2->torch>=2.1.0->-r /home/leesihun/home_dir/GPU_server_downloads/requirements/meshgraphnets.txt (line 2)) (3.0.3)

Requirement already satisfied: platformdirs>=2.5.0 in /scratch/general_training/venv/lib/python3.12/site-packages (from pooch->pyvista>=0.43.0->-r /home/leesihun/home_dir/GPU_server_downloads/requirements/meshgraphnets.txt (line 21)) (4.9.6)

Requirement already satisfied: charset_normalizer<4,>=2 in /scratch/general_training/venv/lib/python3.12/site-packages (from requests->torch-geometric>=2.4.0->-r /home/leesihun/home_dir/GPU_server_downloads/requirements/meshgraphnets.txt (line 3)) (3.4.7)

Requirement already satisfied: urllib3<3,>=1.26 in /scratch/general_training/venv/lib/python3.12/site-packages (from requests->torch-geometric>=2.4.0->-r /home/leesihun/home_dir/GPU_server_downloads/requirements/meshgraphnets.txt (line 3)) (2.7.0)

Requirement already satisfied: certifi>=2023.5.7 in /scratch/general_training/venv/lib/python3.12/site-packages (from requests->torch-geometric>=2.4.0->-r /home/leesihun/home_dir/GPU_server_downloads/requirements/meshgraphnets.txt (line 3)) (2026.4.22)

[1;32m[install][0m   Installing from simulgen.txt

Looking in links: /home/leesihun/home_dir/GPU_server_downloads/wheels/training

Requirement already satisfied: torch in /scratch/general_training/venv/lib/python3.12/site-packages (from -r /home/leesihun/home_dir/GPU_server_downloads/requirements/simulgen.txt (line 1)) (2.11.0+cu130)

Requirement already satisfied: numpy in /scratch/general_training/venv/lib/python3.12/site-packages (from -r /home/leesihun/home_dir/GPU_server_downloads/requirements/simulgen.txt (line 2)) (2.4.6)

Requirement already satisfied: pandas in /scratch/general_training/venv/lib/python3.12/site-packages (from -r /home/leesihun/home_dir/GPU_server_downloads/requirements/simulgen.txt (line 3)) (3.0.3)

Requirement already satisfied: matplotlib in /scratch/general_training/venv/lib/python3.12/site-packages (from -r /home/leesihun/home_dir/GPU_server_downloads/requirements/simulgen.txt (line 4)) (3.10.9)

Requirement already satisfied: torchinfo in /scratch/general_training/venv/lib/python3.12/site-packages (from -r /home/leesihun/home_dir/GPU_server_downloads/requirements/simulgen.txt (line 5)) (1.8.0)

Requirement already satisfied: audiomentations in /scratch/general_training/venv/lib/python3.12/site-packages (from -r /home/leesihun/home_dir/GPU_server_downloads/requirements/simulgen.txt (line 6)) (0.43.1)

Requirement already satisfied: scikit-learn in /scratch/general_training/venv/lib/python3.12/site-packages (from -r /home/leesihun/home_dir/GPU_server_downloads/requirements/simulgen.txt (line 7)) (1.8.0)

Requirement already satisfied: librosa in /scratch/general_training/venv/lib/python3.12/site-packages (from -r /home/leesihun/home_dir/GPU_server_downloads/requirements/simulgen.txt (line 8)) (0.11.0)

Requirement already satisfied: soxr in /scratch/general_training/venv/lib/python3.12/site-packages (from -r /home/leesihun/home_dir/GPU_server_downloads/requirements/simulgen.txt (line 9)) (0.5.0.post1)

Requirement already satisfied: audioread in /scratch/general_training/venv/lib/python3.12/site-packages (from -r /home/leesihun/home_dir/GPU_server_downloads/requirements/simulgen.txt (line 10)) (3.1.0)

[1;32m[install][0m   Installing from pemtron.txt

Looking in links: /home/leesihun/home_dir/GPU_server_downloads/wheels/training

Ignoring pathlib2: markers 'python_version < "3.4"' don't match your environment

Requirement already satisfied: numpy>=1.21.0 in /scratch/general_training/venv/lib/python3.12/site-packages (from -r /home/leesihun/home_dir/GPU_server_downloads/requirements/pemtron.txt (line 3)) (2.4.6)

Requirement already satisfied: scipy>=1.7.0 in /scratch/general_training/venv/lib/python3.12/site-packages (from -r /home/leesihun/home_dir/GPU_server_downloads/requirements/pemtron.txt (line 4)) (1.17.1)

Requirement already satisfied: matplotlib>=3.5.0 in /scratch/general_training/venv/lib/python3.12/site-packages (from -r /home/leesihun/home_dir/GPU_server_downloads/requirements/pemtron.txt (line 7)) (3.10.9)

Requirement already satisfied: plotly>=5.0.0 in /scratch/general_training/venv/lib/python3.12/site-packages (from -r /home/leesihun/home_dir/GPU_server_downloads/requirements/pemtron.txt (line 8)) (6.7.0)

Requirement already satisfied: kaleido>=0.2.1 in /scratch/general_training/venv/lib/python3.12/site-packages (from -r /home/leesihun/home_dir/GPU_server_downloads/requirements/pemtron.txt (line 9)) (1.3.0)

Requirement already satisfied: Flask>=2.0.0 in /scratch/general_training/venv/lib/python3.12/site-packages (from -r /home/leesihun/home_dir/GPU_server_downloads/requirements/pemtron.txt (line 12)) (3.1.3)

Requirement already satisfied: Flask-CORS>=3.0.0 in /scratch/general_training/venv/lib/python3.12/site-packages (from -r /home/leesihun/home_dir/GPU_server_downloads/requirements/pemtron.txt (line 13)) (6.0.2)

Requirement already satisfied: Werkzeug>=2.0.0 in /scratch/general_training/venv/lib/python3.12/site-packages (from -r /home/leesihun/home_dir/GPU_server_downloads/requirements/pemtron.txt (line 14)) (3.1.8)

Requirement already satisfied: reportlab>=3.6.0 in /scratch/general_training/venv/lib/python3.12/site-packages (from -r /home/leesihun/home_dir/GPU_server_downloads/requirements/pemtron.txt (line 17)) (4.5.1)

Requirement already satisfied: scikit-learn>=1.0.0 in /scratch/general_training/venv/lib/python3.12/site-packages (from -r /home/leesihun/home_dir/GPU_server_downloads/requirements/pemtron.txt (line 23)) (1.8.0)

Requirement already satisfied: pandas>=1.3.0 in /scratch/general_training/venv/lib/python3.12/site-packages (from -r /home/leesihun/home_dir/GPU_server_downloads/requirements/pemtron.txt (line 24)) (3.0.3)

Requirement already satisfied: pytest>=7.0.0 in /scratch/general_training/venv/lib/python3.12/site-packages (from -r /home/leesihun/home_dir/GPU_server_downloads/requirements/pemtron.txt (line 27)) (9.0.3)

Requirement already satisfied: pytest-cov>=4.0.0 in /scratch/general_training/venv/lib/python3.12/site-packages (from -r /home/leesihun/home_dir/GPU_server_downloads/requirements/pemtron.txt (line 28)) (7.1.0)

Requirement already satisfied: black>=22.0.0 in /scratch/general_training/venv/lib/python3.12/site-packages (from -r /home/leesihun/home_dir/GPU_server_downloads/requirements/pemtron.txt (line 29)) (26.5.1)

Requirement already satisfied: flake8>=5.0.0 in /scratch/general_training/venv/lib/python3.12/site-packages (from -r /home/leesihun/home_dir/GPU_server_downloads/requirements/pemtron.txt (line 30)) (7.3.0)

Requirement already satisfied: contourpy>=1.0.1 in /scratch/general_training/venv/lib/python3.12/site-packages (from matplotlib>=3.5.0->-r /home/leesihun/home_dir/GPU_server_downloads/requirements/pemtron.txt (line 7)) (1.3.3)

Requirement already satisfied: cycler>=0.10 in /scratch/general_training/venv/lib/python3.12/site-packages (from matplotlib>=3.5.0->-r /home/leesihun/home_dir/GPU_server_downloads/requirements/pemtron.txt (line 7)) (0.12.1)

Requirement already satisfied: fonttools>=4.22.0 in /scratch/general_training/venv/lib/python3.12/site-packages (from matplotlib>=3.5.0->-r /home/leesihun/home_dir/GPU_server_downloads/requirements/pemtron.txt (line 7)) (4.63.0)

Requirement already satisfied: kiwisolver>=1.3.1 in /scratch/general_training/venv/lib/python3.12/site-packages (from matplotlib>=3.5.0->-r /home/leesihun/home_dir/GPU_server_downloads/requirements/pemtron.txt (line 7)) (1.5.0)

Requirement already satisfied: packaging>=20.0 in /scratch/general_training/venv/lib/python3.12/site-packages (from matplotlib>=3.5.0->-r /home/leesihun/home_dir/GPU_server_downloads/requirements/pemtron.txt (line 7)) (26.2)

Requirement already satisfied: pillow>=8 in /scratch/general_training/venv/lib/python3.12/site-packages (from matplotlib>=3.5.0->-r /home/leesihun/home_dir/GPU_server_downloads/requirements/pemtron.txt (line 7)) (12.2.0)

Requirement already satisfied: pyparsing>=3 in /scratch/general_training/venv/lib/python3.12/site-packages (from matplotlib>=3.5.0->-r /home/leesihun/home_dir/GPU_server_downloads/requirements/pemtron.txt (line 7)) (3.3.2)

Requirement already satisfied: python-dateutil>=2.7 in /scratch/general_training/venv/lib/python3.12/site-packages (from matplotlib>=3.5.0->-r /home/leesihun/home_dir/GPU_server_downloads/requirements/pemtron.txt (line 7)) (2.9.0.post0)

Requirement already satisfied: narwhals>=1.15.1 in /scratch/general_training/venv/lib/python3.12/site-packages (from plotly>=5.0.0->-r /home/leesihun/home_dir/GPU_server_downloads/requirements/pemtron.txt (line 8)) (2.21.2)

Requirement already satisfied: choreographer>=1.3.0 in /scratch/general_training/venv/lib/python3.12/site-packages (from kaleido>=0.2.1->-r /home/leesihun/home_dir/GPU_server_downloads/requirements/pemtron.txt (line 9)) (1.3.0)

Requirement already satisfied: logistro>=1.0.8 in /scratch/general_training/venv/lib/python3.12/site-packages (from kaleido>=0.2.1->-r /home/leesihun/home_dir/GPU_server_downloads/requirements/pemtron.txt (line 9)) (2.0.1)

Requirement already satisfied: orjson>=3.10.15 in /scratch/general_training/venv/lib/python3.12/site-packages (from kaleido>=0.2.1->-r /home/leesihun/home_dir/GPU_server_downloads/requirements/pemtron.txt (line 9)) (3.11.9)

Requirement already satisfied: blinker>=1.9.0 in /scratch/general_training/venv/lib/python3.12/site-packages (from Flask>=2.0.0->-r /home/leesihun/home_dir/GPU_server_downloads/requirements/pemtron.txt (line 12)) (1.9.0)

Requirement already satisfied: click>=8.1.3 in /scratch/general_training/venv/lib/python3.12/site-packages (from Flask>=2.0.0->-r /home/leesihun/home_dir/GPU_server_downloads/requirements/pemtron.txt (line 12)) (8.4.0)

Requirement already satisfied: itsdangerous>=2.2.0 in /scratch/general_training/venv/lib/python3.12/site-packages (from Flask>=2.0.0->-r /home/leesihun/home_dir/GPU_server_downloads/requirements/pemtron.txt (line 12)) (2.2.0)

Requirement already satisfied: jinja2>=3.1.2 in /scratch/general_training/venv/lib/python3.12/site-packages (from Flask>=2.0.0->-r /home/leesihun/home_dir/GPU_server_downloads/requirements/pemtron.txt (line 12)) (3.1.6)

Requirement already satisfied: markupsafe>=2.1.1 in /scratch/general_training/venv/lib/python3.12/site-packages (from Flask>=2.0.0->-r /home/leesihun/home_dir/GPU_server_downloads/requirements/pemtron.txt (line 12)) (3.0.3)

Requirement already satisfied: charset-normalizer in /scratch/general_training/venv/lib/python3.12/site-packages (from reportlab>=3.6.0->-r /home/leesihun/home_dir/GPU_server_downloads/requirements/pemtron.txt (line 17)) (3.4.7)

Requirement already satisfied: joblib>=1.3.0 in /scratch/general_training/venv/lib/python3.12/site-packages (from scikit-learn>=1.0.0->-r /home/leesihun/home_dir/GPU_server_downloads/requirements/pemtron.txt (line 23)) (1.5.3)

Requirement already satisfied: threadpoolctl>=3.2.0 in /scratch/general_training/venv/lib/python3.12/site-packages (from scikit-learn>=1.0.0->-r /home/leesihun/home_dir/GPU_server_downloads/requirements/pemtron.txt (line 23)) (3.6.0)

Requirement already satisfied: iniconfig>=1.0.1 in /scratch/general_training/venv/lib/python3.12/site-packages (from pytest>=7.0.0->-r /home/leesihun/home_dir/GPU_server_downloads/requirements/pemtron.txt (line 27)) (2.3.0)

Requirement already satisfied: pluggy<2,>=1.5 in /scratch/general_training/venv/lib/python3.12/site-packages (from pytest>=7.0.0->-r /home/leesihun/home_dir/GPU_server_downloads/requirements/pemtron.txt (line 27)) (1.6.0)

Requirement already satisfied: pygments>=2.7.2 in /scratch/general_training/venv/lib/python3.12/site-packages (from pytest>=7.0.0->-r /home/leesihun/home_dir/GPU_server_downloads/requirements/pemtron.txt (line 27)) (2.20.0)

Requirement already satisfied: coverage>=7.10.6 in /scratch/general_training/venv/lib/python3.12/site-packages (from coverage[toml]>=7.10.6->pytest-cov>=4.0.0->-r /home/leesihun/home_dir/GPU_server_downloads/requirements/pemtron.txt (line 28)) (7.14.0)

Requirement already satisfied: mypy-extensions>=0.4.3 in /scratch/general_training/venv/lib/python3.12/site-packages (from black>=22.0.0->-r /home/leesihun/home_dir/GPU_server_downloads/requirements/pemtron.txt (line 29)) (1.1.0)

Requirement already satisfied: pathspec>=1.0.0 in /scratch/general_training/venv/lib/python3.12/site-packages (from black>=22.0.0->-r /home/leesihun/home_dir/GPU_server_downloads/requirements/pemtron.txt (line 29)) (1.1.1)

Requirement already satisfied: platformdirs>=2 in /scratch/general_training/venv/lib/python3.12/site-packages (from black>=22.0.0->-r /home/leesihun/home_dir/GPU_server_downloads/requirements/pemtron.txt (line 29)) (4.9.6)

Requirement already satisfied: pytokens~=0.4.0 in /scratch/general_training/venv/lib/python3.12/site-packages (from black>=22.0.0->-r /home/leesihun/home_dir/GPU_server_downloads/requirements/pemtron.txt (line 29)) (0.4.1)

Requirement already satisfied: mccabe<0.8.0,>=0.7.0 in /scratch/general_training/venv/lib/python3.12/site-packages (from flake8>=5.0.0->-r /home/leesihun/home_dir/GPU_server_downloads/requirements/pemtron.txt (line 30)) (0.7.0)

Requirement already satisfied: pycodestyle<2.15.0,>=2.14.0 in /scratch/general_training/venv/lib/python3.12/site-packages (from flake8>=5.0.0->-r /home/leesihun/home_dir/GPU_server_downloads/requirements/pemtron.txt (line 30)) (2.14.0)

Requirement already satisfied: pyflakes<3.5.0,>=3.4.0 in /scratch/general_training/venv/lib/python3.12/site-packages (from flake8>=5.0.0->-r /home/leesihun/home_dir/GPU_server_downloads/requirements/pemtron.txt (line 30)) (3.4.0)

Requirement already satisfied: simplejson>=3.19.3 in /scratch/general_training/venv/lib/python3.12/site-packages (from choreographer>=1.3.0->kaleido>=0.2.1->-r /home/leesihun/home_dir/GPU_server_downloads/requirements/pemtron.txt (line 9)) (4.1.1)

Requirement already satisfied: six>=1.5 in /scratch/general_training/venv/lib/python3.12/site-packages (from python-dateutil>=2.7->matplotlib>=3.5.0->-r /home/leesihun/home_dir/GPU_server_downloads/requirements/pemtron.txt (line 7)) (1.17.0)

[1;32m[install][0m   Installing from pemtron_transfer.txt

Looking in links: /home/leesihun/home_dir/GPU_server_downloads/wheels/training

Requirement already satisfied: schedule>=1.2.0 in /scratch/general_training/venv/lib/python3.12/site-packages (from -r /home/leesihun/home_dir/GPU_server_downloads/requirements/pemtron_transfer.txt (line 4)) (1.2.2)

Requirement already satisfied: paramiko>=2.11.0 in /scratch/general_training/venv/lib/python3.12/site-packages (from -r /home/leesihun/home_dir/GPU_server_downloads/requirements/pemtron_transfer.txt (line 7)) (5.0.0)

Requirement already satisfied: smbprotocol>=1.10.0 in /scratch/general_training/venv/lib/python3.12/site-packages (from -r /home/leesihun/home_dir/GPU_server_downloads/requirements/pemtron_transfer.txt (line 10)) (1.16.1)

Requirement already satisfied: bcrypt>=3.2 in /scratch/general_training/venv/lib/python3.12/site-packages (from paramiko>=2.11.0->-r /home/leesihun/home_dir/GPU_server_downloads/requirements/pemtron_transfer.txt (line 7)) (5.0.0)

Requirement already satisfied: cryptography>=3.3 in /scratch/general_training/venv/lib/python3.12/site-packages (from paramiko>=2.11.0->-r /home/leesihun/home_dir/GPU_server_downloads/requirements/pemtron_transfer.txt (line 7)) (48.0.0)

Requirement already satisfied: invoke>=2.0 in /scratch/general_training/venv/lib/python3.12/site-packages (from paramiko>=2.11.0->-r /home/leesihun/home_dir/GPU_server_downloads/requirements/pemtron_transfer.txt (line 7)) (3.0.3)

Requirement already satisfied: pynacl>=1.5 in /scratch/general_training/venv/lib/python3.12/site-packages (from paramiko>=2.11.0->-r /home/leesihun/home_dir/GPU_server_downloads/requirements/pemtron_transfer.txt (line 7)) (1.6.2)

Requirement already satisfied: pyspnego in /scratch/general_training/venv/lib/python3.12/site-packages (from smbprotocol>=1.10.0->-r /home/leesihun/home_dir/GPU_server_downloads/requirements/pemtron_transfer.txt (line 10)) (0.12.1)

Requirement already satisfied: cffi>=2.0.0 in /scratch/general_training/venv/lib/python3.12/site-packages (from cryptography>=3.3->paramiko>=2.11.0->-r /home/leesihun/home_dir/GPU_server_downloads/requirements/pemtron_transfer.txt (line 7)) (2.0.0)

Requirement already satisfied: pycparser in /scratch/general_training/venv/lib/python3.12/site-packages (from cffi>=2.0.0->cryptography>=3.3->paramiko>=2.11.0->-r /home/leesihun/home_dir/GPU_server_downloads/requirements/pemtron_transfer.txt (line 7)) (3.0)

[1;32m[install][0m Installing core training/scientific stack

Looking in links: /home/leesihun/home_dir/GPU_server_downloads/wheels/training

Requirement already satisfied: numpy in /scratch/general_training/venv/lib/python3.12/site-packages (2.4.6)

Requirement already satisfied: scipy in /scratch/general_training/venv/lib/python3.12/site-packages (1.17.1)

Requirement already satisfied: h5py in /scratch/general_training/venv/lib/python3.12/site-packages (3.16.0)

Requirement already satisfied: pandas in /scratch/general_training/venv/lib/python3.12/site-packages (3.0.3)

Requirement already satisfied: tqdm in /scratch/general_training/venv/lib/python3.12/site-packages (4.67.3)

Requirement already satisfied: matplotlib in /scratch/general_training/venv/lib/python3.12/site-packages (3.10.9)

Requirement already satisfied: seaborn in /scratch/general_training/venv/lib/python3.12/site-packages (0.13.2)

Requirement already satisfied: Pillow in /scratch/general_training/venv/lib/python3.12/site-packages (12.2.0)

Requirement already satisfied: pyvista in /scratch/general_training/venv/lib/python3.12/site-packages (0.48.4)

Requirement already satisfied: scikit-learn in /scratch/general_training/venv/lib/python3.12/site-packages (1.8.0)

Requirement already satisfied: scikit-image in /scratch/general_training/venv/lib/python3.12/site-packages (0.26.0)

Requirement already satisfied: statsmodels in /scratch/general_training/venv/lib/python3.12/site-packages (0.14.6)

Requirement already satisfied: networkx in /scratch/general_training/venv/lib/python3.12/site-packages (3.6.1)

Requirement already satisfied: sympy in /scratch/general_training/venv/lib/python3.12/site-packages (1.14.0)

Requirement already satisfied: torchinfo in /scratch/general_training/venv/lib/python3.12/site-packages (1.8.0)

Requirement already satisfied: tensorboard in /scratch/general_training/venv/lib/python3.12/site-packages (2.20.0)

Requirement already satisfied: opencv-python in /scratch/general_training/venv/lib/python3.12/site-packages (4.13.0.92)

Requirement already satisfied: imageio in /scratch/general_training/venv/lib/python3.12/site-packages (2.37.3)

Requirement already satisfied: librosa in /scratch/general_training/venv/lib/python3.12/site-packages (0.11.0)

Requirement already satisfied: audiomentations in /scratch/general_training/venv/lib/python3.12/site-packages (0.43.1)

Requirement already satisfied: soxr in /scratch/general_training/venv/lib/python3.12/site-packages (0.5.0.post1)

Requirement already satisfied: natsort in /scratch/general_training/venv/lib/python3.12/site-packages (8.4.0)

Requirement already satisfied: reportlab in /scratch/general_training/venv/lib/python3.12/site-packages (4.5.1)

Requirement already satisfied: python-dateutil>=2.8.2 in /scratch/general_training/venv/lib/python3.12/site-packages (from pandas) (2.9.0.post0)

Requirement already satisfied: contourpy>=1.0.1 in /scratch/general_training/venv/lib/python3.12/site-packages (from matplotlib) (1.3.3)

Requirement already satisfied: cycler>=0.10 in /scratch/general_training/venv/lib/python3.12/site-packages (from matplotlib) (0.12.1)

Requirement already satisfied: fonttools>=4.22.0 in /scratch/general_training/venv/lib/python3.12/site-packages (from matplotlib) (4.63.0)

Requirement already satisfied: kiwisolver>=1.3.1 in /scratch/general_training/venv/lib/python3.12/site-packages (from matplotlib) (1.5.0)

Requirement already satisfied: packaging>=20.0 in /scratch/general_training/venv/lib/python3.12/site-packages (from matplotlib) (26.2)

Requirement already satisfied: pyparsing>=3 in /scratch/general_training/venv/lib/python3.12/site-packages (from matplotlib) (3.3.2)

Requirement already satisfied: cyclopts>=4.0.0 in /scratch/general_training/venv/lib/python3.12/site-packages (from pyvista) (4.14.0)

Requirement already satisfied: pooch in /scratch/general_training/venv/lib/python3.12/site-packages (from pyvista) (1.9.0)

Requirement already satisfied: scooby>=0.5.1 in /scratch/general_training/venv/lib/python3.12/site-packages (from pyvista) (0.11.2)

Requirement already satisfied: typing-extensions>=4.10 in /scratch/general_training/venv/lib/python3.12/site-packages (from pyvista) (4.15.0)

Requirement already satisfied: vtk!=9.4.0 in /scratch/general_training/venv/lib/python3.12/site-packages (from pyvista) (9.6.1)

Requirement already satisfied: joblib>=1.3.0 in /scratch/general_training/venv/lib/python3.12/site-packages (from scikit-learn) (1.5.3)

Requirement already satisfied: threadpoolctl>=3.2.0 in /scratch/general_training/venv/lib/python3.12/site-packages (from scikit-learn) (3.6.0)

Requirement already satisfied: tifffile>=2022.8.12 in /scratch/general_training/venv/lib/python3.12/site-packages (from scikit-image) (2026.5.15)

Requirement already satisfied: lazy-loader>=0.4 in /scratch/general_training/venv/lib/python3.12/site-packages (from scikit-image) (0.5)

Requirement already satisfied: patsy>=0.5.6 in /scratch/general_training/venv/lib/python3.12/site-packages (from statsmodels) (1.0.2)

Requirement already satisfied: mpmath<1.4,>=1.1.0 in /scratch/general_training/venv/lib/python3.12/site-packages (from sympy) (1.3.0)

Requirement already satisfied: absl-py>=0.4 in /scratch/general_training/venv/lib/python3.12/site-packages (from tensorboard) (2.4.0)

Requirement already satisfied: grpcio>=1.48.2 in /scratch/general_training/venv/lib/python3.12/site-packages (from tensorboard) (1.80.0)

Requirement already satisfied: markdown>=2.6.8 in /scratch/general_training/venv/lib/python3.12/site-packages (from tensorboard) (3.10.2)

Requirement already satisfied: protobuf!=4.24.0,>=3.19.6 in /scratch/general_training/venv/lib/python3.12/site-packages (from tensorboard) (7.34.1)

Requirement already satisfied: setuptools>=41.0.0 in /scratch/general_training/venv/lib/python3.12/site-packages (from tensorboard) (81.0.0)

Requirement already satisfied: tensorboard-data-server<0.8.0,>=0.7.0 in /scratch/general_training/venv/lib/python3.12/site-packages (from tensorboard) (0.7.2)

Requirement already satisfied: werkzeug>=1.0.1 in /scratch/general_training/venv/lib/python3.12/site-packages (from tensorboard) (3.1.8)

Requirement already satisfied: audioread>=2.1.9 in /scratch/general_training/venv/lib/python3.12/site-packages (from librosa) (3.1.0)

Requirement already satisfied: numba>=0.51.0 in /scratch/general_training/venv/lib/python3.12/site-packages (from librosa) (0.65.1)

Requirement already satisfied: decorator>=4.3.0 in /scratch/general_training/venv/lib/python3.12/site-packages (from librosa) (5.3.1)

Requirement already satisfied: soundfile>=0.12.1 in /scratch/general_training/venv/lib/python3.12/site-packages (from librosa) (0.13.1)

Requirement already satisfied: msgpack>=1.0 in /scratch/general_training/venv/lib/python3.12/site-packages (from librosa) (1.1.2)

Requirement already satisfied: numpy-minmax<1,>=0.3.0 in /scratch/general_training/venv/lib/python3.12/site-packages (from audiomentations) (0.5.0)

Requirement already satisfied: numpy-rms<1,>=0.4.2 in /scratch/general_training/venv/lib/python3.12/site-packages (from audiomentations) (0.6.0)

Requirement already satisfied: python-stretch<1,>=0.3.1 in /scratch/general_training/venv/lib/python3.12/site-packages (from audiomentations) (0.3.1)

Requirement already satisfied: cffi>=1.0.0 in /scratch/general_training/venv/lib/python3.12/site-packages (from numpy-minmax<1,>=0.3.0->audiomentations) (2.0.0)

Requirement already satisfied: charset-normalizer in /scratch/general_training/venv/lib/python3.12/site-packages (from reportlab) (3.4.7)

Requirement already satisfied: pycparser in /scratch/general_training/venv/lib/python3.12/site-packages (from cffi>=1.0.0->numpy-minmax<1,>=0.3.0->audiomentations) (3.0)

Requirement already satisfied: attrs>=23.1.0 in /scratch/general_training/venv/lib/python3.12/site-packages (from cyclopts>=4.0.0->pyvista) (26.1.0)

Requirement already satisfied: docstring-parser<4.0,>=0.15 in /scratch/general_training/venv/lib/python3.12/site-packages (from cyclopts>=4.0.0->pyvista) (0.18.0)

Requirement already satisfied: rich-rst<3.0.0,>=1.3.1 in /scratch/general_training/venv/lib/python3.12/site-packages (from cyclopts>=4.0.0->pyvista) (2.0.1)

Requirement already satisfied: rich>=13.6.0 in /scratch/general_training/venv/lib/python3.12/site-packages (from cyclopts>=4.0.0->pyvista) (15.0.0)

Requirement already satisfied: pygments>=2.0.0 in /scratch/general_training/venv/lib/python3.12/site-packages (from rich-rst<3.0.0,>=1.3.1->cyclopts>=4.0.0->pyvista) (2.20.0)

Requirement already satisfied: llvmlite<0.48,>=0.47.0dev0 in /scratch/general_training/venv/lib/python3.12/site-packages (from numba>=0.51.0->librosa) (0.47.0)

Requirement already satisfied: platformdirs>=2.5.0 in /scratch/general_training/venv/lib/python3.12/site-packages (from pooch->pyvista) (4.9.6)

Requirement already satisfied: requests>=2.19.0 in /scratch/general_training/venv/lib/python3.12/site-packages (from pooch->pyvista) (2.34.2)

Requirement already satisfied: six>=1.5 in /scratch/general_training/venv/lib/python3.12/site-packages (from python-dateutil>=2.8.2->pandas) (1.17.0)

Requirement already satisfied: idna<4,>=2.5 in /scratch/general_training/venv/lib/python3.12/site-packages (from requests>=2.19.0->pooch->pyvista) (3.15)

Requirement already satisfied: urllib3<3,>=1.26 in /scratch/general_training/venv/lib/python3.12/site-packages (from requests>=2.19.0->pooch->pyvista) (2.7.0)

Requirement already satisfied: certifi>=2023.5.7 in /scratch/general_training/venv/lib/python3.12/site-packages (from requests>=2.19.0->pooch->pyvista) (2026.4.22)

Requirement already satisfied: markdown-it-py>=2.2.0 in /scratch/general_training/venv/lib/python3.12/site-packages (from rich>=13.6.0->cyclopts>=4.0.0->pyvista) (4.2.0)

Requirement already satisfied: mdurl~=0.1 in /scratch/general_training/venv/lib/python3.12/site-packages (from markdown-it-py>=2.2.0->rich>=13.6.0->cyclopts>=4.0.0->pyvista) (0.1.2)

Requirement already satisfied: markupsafe>=2.1.1 in /scratch/general_training/venv/lib/python3.12/site-packages (from werkzeug>=1.0.1->tensorboard) (3.0.3)

[1;32m[install][0m Smoke test: torch + PyG

/scratch/general_training/venv/lib/python3.12/site-packages/torch/__config__.py:9: UserWarning: CUDA initialization: Unexpected error from cudaGetDeviceCount(). Did you run some cuda functions before calling NumCudaDevices() that might have already set an error? Error 803: system has unsupported display driver / cuda driver combination (Triggered internally at /pytorch/c10/cuda/CUDAFunctions.cpp:119.)

  return torch._C._show_config()

  torch 2.11.0+cu130

  torch-geometric OK

  CUDA: False

No broken requirements found.

[1;32m[install][0m General Training venv ready: /scratch/general_training/venv

[1;32m[install][0m Activate: source /scratch/general_training/venv/bin/activate



[1;35m== Python venv: Jupyter + data science ==[0m

[1;32m[install][0m Creating Jupyter venv at /scratch/jupyter/venv

Looking in links: /home/leesihun/home_dir/GPU_server_downloads/wheels/jupyter

Requirement already satisfied: pip in /scratch/jupyter/venv/lib/python3.12/site-packages (26.1.1)

Requirement already satisfied: wheel in /scratch/jupyter/venv/lib/python3.12/site-packages (0.47.0)

Requirement already satisfied: setuptools in /scratch/jupyter/venv/lib/python3.12/site-packages (82.0.1)

Requirement already satisfied: packaging>=24.0 in /scratch/jupyter/venv/lib/python3.12/site-packages (from wheel) (26.2)

Looking in links: /home/leesihun/home_dir/GPU_server_downloads/wheels/jupyter

Requirement already satisfied: jupyterlab in /scratch/jupyter/venv/lib/python3.12/site-packages (4.5.7)

Requirement already satisfied: notebook in /scratch/jupyter/venv/lib/python3.12/site-packages (7.5.6)

Requirement already satisfied: ipykernel in /scratch/jupyter/venv/lib/python3.12/site-packages (7.2.0)

Requirement already satisfied: ipywidgets in /scratch/jupyter/venv/lib/python3.12/site-packages (8.1.8)

Requirement already satisfied: jupyter-server in /scratch/jupyter/venv/lib/python3.12/site-packages (2.18.2)

Requirement already satisfied: pandas in /scratch/jupyter/venv/lib/python3.12/site-packages (3.0.3)

Requirement already satisfied: polars in /scratch/jupyter/venv/lib/python3.12/site-packages (1.40.1)

Requirement already satisfied: numpy in /scratch/jupyter/venv/lib/python3.12/site-packages (2.4.6)

Requirement already satisfied: scipy in /scratch/jupyter/venv/lib/python3.12/site-packages (1.17.1)

Requirement already satisfied: matplotlib in /scratch/jupyter/venv/lib/python3.12/site-packages (3.10.9)

Requirement already satisfied: seaborn in /scratch/jupyter/venv/lib/python3.12/site-packages (0.13.2)

Requirement already satisfied: plotly in /scratch/jupyter/venv/lib/python3.12/site-packages (6.7.0)

Requirement already satisfied: scikit-learn in /scratch/jupyter/venv/lib/python3.12/site-packages (1.8.0)

Requirement already satisfied: statsmodels in /scratch/jupyter/venv/lib/python3.12/site-packages (0.14.6)

Requirement already satisfied: tqdm in /scratch/jupyter/venv/lib/python3.12/site-packages (4.67.3)

Requirement already satisfied: rich in /scratch/jupyter/venv/lib/python3.12/site-packages (15.0.0)

Requirement already satisfied: requests in /scratch/jupyter/venv/lib/python3.12/site-packages (2.34.2)

Requirement already satisfied: aiohttp in /scratch/jupyter/venv/lib/python3.12/site-packages (3.13.5)

Requirement already satisfied: black in /scratch/jupyter/venv/lib/python3.12/site-packages (26.5.1)

Requirement already satisfied: ruff in /scratch/jupyter/venv/lib/python3.12/site-packages (0.15.13)

Requirement already satisfied: mypy in /scratch/jupyter/venv/lib/python3.12/site-packages (2.1.0)

Requirement already satisfied: pytest in /scratch/jupyter/venv/lib/python3.12/site-packages (9.0.3)

Requirement already satisfied: ipdb in /scratch/jupyter/venv/lib/python3.12/site-packages (0.13.13)

Requirement already satisfied: async-lru>=1.0.0 in /scratch/jupyter/venv/lib/python3.12/site-packages (from jupyterlab) (2.3.0)

Requirement already satisfied: httpx<1,>=0.25.0 in /scratch/jupyter/venv/lib/python3.12/site-packages (from jupyterlab) (0.28.1)

Requirement already satisfied: jinja2>=3.0.3 in /scratch/jupyter/venv/lib/python3.12/site-packages (from jupyterlab) (3.1.6)

Requirement already satisfied: jupyter-core in /scratch/jupyter/venv/lib/python3.12/site-packages (from jupyterlab) (5.9.1)

Requirement already satisfied: jupyter-lsp>=2.0.0 in /scratch/jupyter/venv/lib/python3.12/site-packages (from jupyterlab) (2.3.1)

Requirement already satisfied: jupyterlab-server<3,>=2.28.0 in /scratch/jupyter/venv/lib/python3.12/site-packages (from jupyterlab) (2.28.0)

Requirement already satisfied: notebook-shim>=0.2 in /scratch/jupyter/venv/lib/python3.12/site-packages (from jupyterlab) (0.2.4)

Requirement already satisfied: packaging in /scratch/jupyter/venv/lib/python3.12/site-packages (from jupyterlab) (26.2)

Requirement already satisfied: setuptools>=41.1.0 in /scratch/jupyter/venv/lib/python3.12/site-packages (from jupyterlab) (82.0.1)

Requirement already satisfied: tornado>=6.2.0 in /scratch/jupyter/venv/lib/python3.12/site-packages (from jupyterlab) (6.5.5)

Requirement already satisfied: traitlets in /scratch/jupyter/venv/lib/python3.12/site-packages (from jupyterlab) (5.15.0)

Requirement already satisfied: anyio>=3.1.0 in /scratch/jupyter/venv/lib/python3.12/site-packages (from jupyter-server) (4.13.0)

Requirement already satisfied: argon2-cffi>=21.1 in /scratch/jupyter/venv/lib/python3.12/site-packages (from jupyter-server) (25.1.0)

Requirement already satisfied: jupyter-client>=7.4.4 in /scratch/jupyter/venv/lib/python3.12/site-packages (from jupyter-server) (8.8.0)

Requirement already satisfied: jupyter-events>=0.11.0 in /scratch/jupyter/venv/lib/python3.12/site-packages (from jupyter-server) (0.12.1)

Requirement already satisfied: jupyter-server-terminals>=0.4.4 in /scratch/jupyter/venv/lib/python3.12/site-packages (from jupyter-server) (0.5.4)

Requirement already satisfied: nbconvert>=6.4.4 in /scratch/jupyter/venv/lib/python3.12/site-packages (from jupyter-server) (7.17.1)

Requirement already satisfied: nbformat>=5.3.0 in /scratch/jupyter/venv/lib/python3.12/site-packages (from jupyter-server) (5.10.4)

Requirement already satisfied: prometheus-client>=0.9 in /scratch/jupyter/venv/lib/python3.12/site-packages (from jupyter-server) (0.25.0)

Requirement already satisfied: pyzmq>=24 in /scratch/jupyter/venv/lib/python3.12/site-packages (from jupyter-server) (27.1.0)

Requirement already satisfied: send2trash>=1.8.2 in /scratch/jupyter/venv/lib/python3.12/site-packages (from jupyter-server) (2.1.0)

Requirement already satisfied: terminado>=0.8.3 in /scratch/jupyter/venv/lib/python3.12/site-packages (from jupyter-server) (0.18.1)

Requirement already satisfied: websocket-client>=1.7 in /scratch/jupyter/venv/lib/python3.12/site-packages (from jupyter-server) (1.9.0)

Requirement already satisfied: certifi in /scratch/jupyter/venv/lib/python3.12/site-packages (from httpx<1,>=0.25.0->jupyterlab) (2026.4.22)

Requirement already satisfied: httpcore==1.* in /scratch/jupyter/venv/lib/python3.12/site-packages (from httpx<1,>=0.25.0->jupyterlab) (1.0.9)

Requirement already satisfied: idna in /scratch/jupyter/venv/lib/python3.12/site-packages (from httpx<1,>=0.25.0->jupyterlab) (3.15)

Requirement already satisfied: h11>=0.16 in /scratch/jupyter/venv/lib/python3.12/site-packages (from httpcore==1.*->httpx<1,>=0.25.0->jupyterlab) (0.16.0)

Requirement already satisfied: babel>=2.10 in /scratch/jupyter/venv/lib/python3.12/site-packages (from jupyterlab-server<3,>=2.28.0->jupyterlab) (2.18.0)

Requirement already satisfied: json5>=0.9.0 in /scratch/jupyter/venv/lib/python3.12/site-packages (from jupyterlab-server<3,>=2.28.0->jupyterlab) (0.14.0)

Requirement already satisfied: jsonschema>=4.18.0 in /scratch/jupyter/venv/lib/python3.12/site-packages (from jupyterlab-server<3,>=2.28.0->jupyterlab) (4.26.0)

Requirement already satisfied: comm>=0.1.1 in /scratch/jupyter/venv/lib/python3.12/site-packages (from ipykernel) (0.2.3)

Requirement already satisfied: debugpy>=1.6.5 in /scratch/jupyter/venv/lib/python3.12/site-packages (from ipykernel) (1.8.20)

Requirement already satisfied: ipython>=7.23.1 in /scratch/jupyter/venv/lib/python3.12/site-packages (from ipykernel) (9.13.0)

Requirement already satisfied: matplotlib-inline>=0.1 in /scratch/jupyter/venv/lib/python3.12/site-packages (from ipykernel) (0.2.2)

Requirement already satisfied: nest-asyncio>=1.4 in /scratch/jupyter/venv/lib/python3.12/site-packages (from ipykernel) (1.6.0)

Requirement already satisfied: psutil>=5.7 in /scratch/jupyter/venv/lib/python3.12/site-packages (from ipykernel) (7.2.2)

Requirement already satisfied: widgetsnbextension~=4.0.14 in /scratch/jupyter/venv/lib/python3.12/site-packages (from ipywidgets) (4.0.15)

Requirement already satisfied: jupyterlab_widgets~=3.0.15 in /scratch/jupyter/venv/lib/python3.12/site-packages (from ipywidgets) (3.0.16)

Requirement already satisfied: python-dateutil>=2.8.2 in /scratch/jupyter/venv/lib/python3.12/site-packages (from pandas) (2.9.0.post0)

Requirement already satisfied: polars-runtime-32==1.40.1 in /scratch/jupyter/venv/lib/python3.12/site-packages (from polars) (1.40.1)

Requirement already satisfied: contourpy>=1.0.1 in /scratch/jupyter/venv/lib/python3.12/site-packages (from matplotlib) (1.3.3)

Requirement already satisfied: cycler>=0.10 in /scratch/jupyter/venv/lib/python3.12/site-packages (from matplotlib) (0.12.1)

Requirement already satisfied: fonttools>=4.22.0 in /scratch/jupyter/venv/lib/python3.12/site-packages (from matplotlib) (4.63.0)

Requirement already satisfied: kiwisolver>=1.3.1 in /scratch/jupyter/venv/lib/python3.12/site-packages (from matplotlib) (1.5.0)

Requirement already satisfied: pillow>=8 in /scratch/jupyter/venv/lib/python3.12/site-packages (from matplotlib) (12.2.0)

Requirement already satisfied: pyparsing>=3 in /scratch/jupyter/venv/lib/python3.12/site-packages (from matplotlib) (3.3.2)

Requirement already satisfied: narwhals>=1.15.1 in /scratch/jupyter/venv/lib/python3.12/site-packages (from plotly) (2.21.2)

Requirement already satisfied: joblib>=1.3.0 in /scratch/jupyter/venv/lib/python3.12/site-packages (from scikit-learn) (1.5.3)

Requirement already satisfied: threadpoolctl>=3.2.0 in /scratch/jupyter/venv/lib/python3.12/site-packages (from scikit-learn) (3.6.0)

Requirement already satisfied: patsy>=0.5.6 in /scratch/jupyter/venv/lib/python3.12/site-packages (from statsmodels) (1.0.2)

Requirement already satisfied: markdown-it-py>=2.2.0 in /scratch/jupyter/venv/lib/python3.12/site-packages (from rich) (4.2.0)

Requirement already satisfied: pygments<3.0.0,>=2.13.0 in /scratch/jupyter/venv/lib/python3.12/site-packages (from rich) (2.20.0)

Requirement already satisfied: charset_normalizer<4,>=2 in /scratch/jupyter/venv/lib/python3.12/site-packages (from requests) (3.4.7)

Requirement already satisfied: urllib3<3,>=1.26 in /scratch/jupyter/venv/lib/python3.12/site-packages (from requests) (2.7.0)

Requirement already satisfied: aiohappyeyeballs>=2.5.0 in /scratch/jupyter/venv/lib/python3.12/site-packages (from aiohttp) (2.6.1)

Requirement already satisfied: aiosignal>=1.4.0 in /scratch/jupyter/venv/lib/python3.12/site-packages (from aiohttp) (1.4.0)

Requirement already satisfied: attrs>=17.3.0 in /scratch/jupyter/venv/lib/python3.12/site-packages (from aiohttp) (26.1.0)

Requirement already satisfied: frozenlist>=1.1.1 in /scratch/jupyter/venv/lib/python3.12/site-packages (from aiohttp) (1.8.0)

Requirement already satisfied: multidict<7.0,>=4.5 in /scratch/jupyter/venv/lib/python3.12/site-packages (from aiohttp) (6.7.1)

Requirement already satisfied: propcache>=0.2.0 in /scratch/jupyter/venv/lib/python3.12/site-packages (from aiohttp) (0.5.2)

Requirement already satisfied: yarl<2.0,>=1.17.0 in /scratch/jupyter/venv/lib/python3.12/site-packages (from aiohttp) (1.23.0)

Requirement already satisfied: click>=8.0.0 in /scratch/jupyter/venv/lib/python3.12/site-packages (from black) (8.4.0)

Requirement already satisfied: mypy-extensions>=0.4.3 in /scratch/jupyter/venv/lib/python3.12/site-packages (from black) (1.1.0)

Requirement already satisfied: pathspec>=1.0.0 in /scratch/jupyter/venv/lib/python3.12/site-packages (from black) (1.1.1)

Requirement already satisfied: platformdirs>=2 in /scratch/jupyter/venv/lib/python3.12/site-packages (from black) (4.9.6)

Requirement already satisfied: pytokens~=0.4.0 in /scratch/jupyter/venv/lib/python3.12/site-packages (from black) (0.4.1)

Requirement already satisfied: typing_extensions>=4.6.0 in /scratch/jupyter/venv/lib/python3.12/site-packages (from mypy) (4.15.0)

Requirement already satisfied: librt>=0.11.0 in /scratch/jupyter/venv/lib/python3.12/site-packages (from mypy) (0.11.0)

Requirement already satisfied: ast-serialize<1.0.0,>=0.3.0 in /scratch/jupyter/venv/lib/python3.12/site-packages (from mypy) (0.5.0)

Requirement already satisfied: iniconfig>=1.0.1 in /scratch/jupyter/venv/lib/python3.12/site-packages (from pytest) (2.3.0)

Requirement already satisfied: pluggy<2,>=1.5 in /scratch/jupyter/venv/lib/python3.12/site-packages (from pytest) (1.6.0)

Requirement already satisfied: decorator in /scratch/jupyter/venv/lib/python3.12/site-packages (from ipdb) (5.3.1)

Requirement already satisfied: argon2-cffi-bindings in /scratch/jupyter/venv/lib/python3.12/site-packages (from argon2-cffi>=21.1->jupyter-server) (25.1.0)

Requirement already satisfied: ipython-pygments-lexers>=1.0.0 in /scratch/jupyter/venv/lib/python3.12/site-packages (from ipython>=7.23.1->ipykernel) (1.1.1)

Requirement already satisfied: jedi>=0.18.2 in /scratch/jupyter/venv/lib/python3.12/site-packages (from ipython>=7.23.1->ipykernel) (0.20.0)

Requirement already satisfied: pexpect>4.6 in /scratch/jupyter/venv/lib/python3.12/site-packages (from ipython>=7.23.1->ipykernel) (4.9.0)

Requirement already satisfied: prompt_toolkit<3.1.0,>=3.0.41 in /scratch/jupyter/venv/lib/python3.12/site-packages (from ipython>=7.23.1->ipykernel) (3.0.52)

Requirement already satisfied: stack_data>=0.6.0 in /scratch/jupyter/venv/lib/python3.12/site-packages (from ipython>=7.23.1->ipykernel) (0.6.3)

Requirement already satisfied: wcwidth in /scratch/jupyter/venv/lib/python3.12/site-packages (from prompt_toolkit<3.1.0,>=3.0.41->ipython>=7.23.1->ipykernel) (0.7.0)

Requirement already satisfied: parso<0.9.0,>=0.8.6 in /scratch/jupyter/venv/lib/python3.12/site-packages (from jedi>=0.18.2->ipython>=7.23.1->ipykernel) (0.8.7)

Requirement already satisfied: MarkupSafe>=2.0 in /scratch/jupyter/venv/lib/python3.12/site-packages (from jinja2>=3.0.3->jupyterlab) (3.0.3)

Requirement already satisfied: jsonschema-specifications>=2023.03.6 in /scratch/jupyter/venv/lib/python3.12/site-packages (from jsonschema>=4.18.0->jupyterlab-server<3,>=2.28.0->jupyterlab) (2025.9.1)

Requirement already satisfied: referencing>=0.28.4 in /scratch/jupyter/venv/lib/python3.12/site-packages (from jsonschema>=4.18.0->jupyterlab-server<3,>=2.28.0->jupyterlab) (0.37.0)

Requirement already satisfied: rpds-py>=0.25.0 in /scratch/jupyter/venv/lib/python3.12/site-packages (from jsonschema>=4.18.0->jupyterlab-server<3,>=2.28.0->jupyterlab) (0.30.0)

Requirement already satisfied: python-json-logger>=2.0.4 in /scratch/jupyter/venv/lib/python3.12/site-packages (from jupyter-events>=0.11.0->jupyter-server) (4.1.0)

Requirement already satisfied: pyyaml>=5.3 in /scratch/jupyter/venv/lib/python3.12/site-packages (from jupyter-events>=0.11.0->jupyter-server) (6.0.3)

Requirement already satisfied: rfc3339-validator in /scratch/jupyter/venv/lib/python3.12/site-packages (from jupyter-events>=0.11.0->jupyter-server) (0.1.4)

Requirement already satisfied: rfc3986-validator>=0.1.1 in /scratch/jupyter/venv/lib/python3.12/site-packages (from jupyter-events>=0.11.0->jupyter-server) (0.1.1)

Requirement already satisfied: fqdn in /scratch/jupyter/venv/lib/python3.12/site-packages (from jsonschema[format-nongpl]>=4.18.0->jupyter-events>=0.11.0->jupyter-server) (1.5.1)

Requirement already satisfied: isoduration in /scratch/jupyter/venv/lib/python3.12/site-packages (from jsonschema[format-nongpl]>=4.18.0->jupyter-events>=0.11.0->jupyter-server) (20.11.0)

Requirement already satisfied: jsonpointer>1.13 in /scratch/jupyter/venv/lib/python3.12/site-packages (from jsonschema[format-nongpl]>=4.18.0->jupyter-events>=0.11.0->jupyter-server) (3.1.1)

Requirement already satisfied: rfc3987-syntax>=1.1.0 in /scratch/jupyter/venv/lib/python3.12/site-packages (from jsonschema[format-nongpl]>=4.18.0->jupyter-events>=0.11.0->jupyter-server) (1.1.0)

Requirement already satisfied: uri-template in /scratch/jupyter/venv/lib/python3.12/site-packages (from jsonschema[format-nongpl]>=4.18.0->jupyter-events>=0.11.0->jupyter-server) (1.3.0)

Requirement already satisfied: webcolors>=24.6.0 in /scratch/jupyter/venv/lib/python3.12/site-packages (from jsonschema[format-nongpl]>=4.18.0->jupyter-events>=0.11.0->jupyter-server) (25.10.0)

Requirement already satisfied: mdurl~=0.1 in /scratch/jupyter/venv/lib/python3.12/site-packages (from markdown-it-py>=2.2.0->rich) (0.1.2)

Requirement already satisfied: beautifulsoup4 in /scratch/jupyter/venv/lib/python3.12/site-packages (from nbconvert>=6.4.4->jupyter-server) (4.14.3)

Requirement already satisfied: bleach!=5.0.0 in /scratch/jupyter/venv/lib/python3.12/site-packages (from bleach[css]!=5.0.0->nbconvert>=6.4.4->jupyter-server) (6.3.0)

Requirement already satisfied: defusedxml in /scratch/jupyter/venv/lib/python3.12/site-packages (from nbconvert>=6.4.4->jupyter-server) (0.7.1)

Requirement already satisfied: jupyterlab-pygments in /scratch/jupyter/venv/lib/python3.12/site-packages (from nbconvert>=6.4.4->jupyter-server) (0.3.0)

Requirement already satisfied: mistune<4,>=2.0.3 in /scratch/jupyter/venv/lib/python3.12/site-packages (from nbconvert>=6.4.4->jupyter-server) (3.2.1)

Requirement already satisfied: nbclient>=0.5.0 in /scratch/jupyter/venv/lib/python3.12/site-packages (from nbconvert>=6.4.4->jupyter-server) (0.10.4)

Requirement already satisfied: pandocfilters>=1.4.1 in /scratch/jupyter/venv/lib/python3.12/site-packages (from nbconvert>=6.4.4->jupyter-server) (1.5.1)

Requirement already satisfied: webencodings in /scratch/jupyter/venv/lib/python3.12/site-packages (from bleach!=5.0.0->bleach[css]!=5.0.0->nbconvert>=6.4.4->jupyter-server) (0.5.1)

Requirement already satisfied: tinycss2<1.5,>=1.1.0 in /scratch/jupyter/venv/lib/python3.12/site-packages (from bleach[css]!=5.0.0->nbconvert>=6.4.4->jupyter-server) (1.4.0)

Requirement already satisfied: fastjsonschema>=2.15 in /scratch/jupyter/venv/lib/python3.12/site-packages (from nbformat>=5.3.0->jupyter-server) (2.21.2)

Requirement already satisfied: ptyprocess>=0.5 in /scratch/jupyter/venv/lib/python3.12/site-packages (from pexpect>4.6->ipython>=7.23.1->ipykernel) (0.7.0)

Requirement already satisfied: six>=1.5 in /scratch/jupyter/venv/lib/python3.12/site-packages (from python-dateutil>=2.8.2->pandas) (1.17.0)

Requirement already satisfied: lark>=1.2.2 in /scratch/jupyter/venv/lib/python3.12/site-packages (from rfc3987-syntax>=1.1.0->jsonschema[format-nongpl]>=4.18.0->jupyter-events>=0.11.0->jupyter-server) (1.3.1)

Requirement already satisfied: executing>=1.2.0 in /scratch/jupyter/venv/lib/python3.12/site-packages (from stack_data>=0.6.0->ipython>=7.23.1->ipykernel) (2.2.1)

Requirement already satisfied: asttokens>=2.1.0 in /scratch/jupyter/venv/lib/python3.12/site-packages (from stack_data>=0.6.0->ipython>=7.23.1->ipykernel) (3.0.1)

Requirement already satisfied: pure-eval in /scratch/jupyter/venv/lib/python3.12/site-packages (from stack_data>=0.6.0->ipython>=7.23.1->ipykernel) (0.2.3)

Requirement already satisfied: cffi>=1.0.1 in /scratch/jupyter/venv/lib/python3.12/site-packages (from argon2-cffi-bindings->argon2-cffi>=21.1->jupyter-server) (2.0.0)

Requirement already satisfied: pycparser in /scratch/jupyter/venv/lib/python3.12/site-packages (from cffi>=1.0.1->argon2-cffi-bindings->argon2-cffi>=21.1->jupyter-server) (3.0)

Requirement already satisfied: soupsieve>=1.6.1 in /scratch/jupyter/venv/lib/python3.12/site-packages (from beautifulsoup4->nbconvert>=6.4.4->jupyter-server) (2.8.3)

Requirement already satisfied: arrow>=0.15.0 in /scratch/jupyter/venv/lib/python3.12/site-packages (from isoduration->jsonschema[format-nongpl]>=4.18.0->jupyter-events>=0.11.0->jupyter-server) (1.4.0)

Requirement already satisfied: tzdata in /scratch/jupyter/venv/lib/python3.12/site-packages (from arrow>=0.15.0->isoduration->jsonschema[format-nongpl]>=4.18.0->jupyter-events>=0.11.0->jupyter-server) (2026.2)

Installed kernelspec airgap-py3.12 in /root/.local/share/jupyter/kernels/airgap-py3.12

[1;32m[install][0m Jupyter venv ready at /scratch/jupyter/venv

[1;32m[install][0m Start with: bash ~/start-jupyter.sh  (or run in tmux for persistence)



[1;35m== Desktop environment (XFCE4 + xrdp) ==[0m

[1;32m[install][0m Configuring xrdp to launch XFCE4 session

info: The user `xrdp' is already a member of `ssl-cert'.

[1;32m[install][0m xrdp listening on port 3389

[1;32m[install][0m XFCE4 session set for: root (and skeleton for new users)

[1;32m[install][0m polkit rule installed (sudo group can power-off/reboot from XFCE)

[1;32m[install][0m Desktop setup complete.

[1;32m[install][0m Connect via RDP to port 3389 with your Linux username/password.



[1;35m== K3s: common setup ==[0m

[1;32m[install][0m INSTALL_K3S=0; skipping K3s.



[1;35m== K3s: server install ==[0m



[1;35m== K3s: agent install ==[0m



[1;35m== Fixing /scratch ownership ==[0m

[1;32m[install][0m /scratch chown -R -> leesihun:leesihun

[1;32m[install][0m Symlinked llama-cli/llama-server into /usr/local/bin/



[1;35m== Post-install verification ==[0m



[1;36m-- Toolchain --[0m

  [1;32m[ PASS ][0m gcc                              /usr/bin/gcc :: gcc (Ubuntu 13.3.0-6ubuntu2~24.04.1) 13.3.0

  [1;32m[ PASS ][0m g++                              /usr/bin/g++ :: g++ (Ubuntu 13.3.0-6ubuntu2~24.04.1) 13.3.0

  [1;32m[ PASS ][0m make                             /usr/bin/make :: GNU Make 4.3

  [1;32m[ PASS ][0m cmake                            /usr/bin/cmake :: cmake version 3.28.3

  [1;32m[ PASS ][0m git                              /usr/bin/git :: git version 2.43.0

  [1;32m[ PASS ][0m python3.12                       /usr/bin/python3.12 :: Python 3.12.3

  [1;32m[ PASS ][0m pip                              /usr/bin/pip3 :: pip 24.0 from /usr/lib/python3/dist-packages/pip (python 3.12)



[1;36m-- NVIDIA / CUDA --[0m



================ INSTALL DIAGNOSTICS ================

Started UTC : 2026-05-19T12:08:10Z

Finished UTC: 2026-05-19T12:19:51Z

Exit code   : 18

Script      : /home/leesihun/home_dir/install-all.sh

Bundle dir  : /home/leesihun/home_dir/GPU_server_downloads

Transcript  : /home/leesihun/home_dir/install-all-20260519T120810Z.log

Diagnostics : /home/leesihun/home_dir/install-diagnostics-20260519T120810Z.log



[BAD] Script exit: installer exited with code 18

      cause: command failed with exit 18: out=$("$bin" $flag 2>&1)

      check: rerun the command after fixing the error above

[OK] Bundle layout: found debs/ and apps/

[OK] Host compatibility: ubuntu 24.04 / amd64 matches bundle metadata

[OK] Disk space /: 700G free on /dev/nvme3n1p3

[OK] Kernel state: running kernel 6.8.0-117-generic (matches newest installed)

[OK] Bundle checksums: startup SHA256 verification completed before installation continued

      check: cd /home/leesihun/home_dir/GPU_server_downloads && sha256sum --quiet -c meta/SHA256SUMS

[OK] Wheel requirements: inference: 351 package pin(s) written to /home/leesihun/home_dir/GPU_server_downloads/wheels/inference/requirements.txt

[OK] Wheel requirements: jupyter: 151 package pin(s) written to /home/leesihun/home_dir/GPU_server_downloads/wheels/jupyter/requirements.txt

[OK] Wheel requirements: llamacpp: 100 package pin(s) written to /home/leesihun/home_dir/GPU_server_downloads/wheels/llamacpp/requirements.txt

[OK] Wheel requirements: training: 152 package pin(s) written to /home/leesihun/home_dir/GPU_server_downloads/wheels/training/requirements.txt

[OK] dpkg state: no half-installed or unconfigured packages detected

[BAD] APT package list: 4/122 listed package(s) missing: nvidia-container-toolkit nvidia-container-toolkit-base libnvidia-container1 libnvidia-container-tools

      cause: The bundled local apt repo failed, dependencies were unavailable, or packages were removed later.

      check: grep -n '^' /home/leesihun/home_dir/GPU_server_downloads/meta/apt-packages.txt; dpkg-query -W <package>

[OK] APT source cleanup: no leftover airgap-bundle.list

[OK] Python 3.12: Python 3.12.3

[OK] CUDA toolkit: /usr/local/cuda-13.0 exists

[OK] CUDA symlink: /usr/local/cuda → /usr/local/cuda-13.0

[WARN] CUDA profile.d: /etc/profile.d/cuda-*.sh missing

      cause: New shells will not have CUDA on PATH automatically.

      check: echo 'export PATH=/usr/local/cuda-13.0/bin:$PATH' | sudo tee /etc/profile.d/cuda-13-0.sh

[OK] CUDA ldconfig: 6 CUDA libs in linker cache (libcudart/cublas/cudnn-class)

[OK] nvcc: Cuda compilation tools, release 13.0, V13.0.88

[OK] NCCL: 2.30.4 (lib: /usr/lib/x86_64-linux-gnu/libnccl.so.2)

[BAD] NVIDIA driver: nvidia-smi cannot see GPUs

      cause: Driver/kernel modules are not ready, a reboot is needed, Secure Boot blocked DKMS, or no GPU is present. See NVIDIA kmod / DKMS / Secure Boot checks below.

      check: nvidia-smi; mokutil --sb-state; dmesg | grep -i nvidia | tail -n 40

[OK] NVIDIA kmod: 4 module(s) loaded; driver=595.58.03

[WARN] NVIDIA driver branch: loaded=595, userspace=580

      cause: Kernel module and userspace driver are from different branches. nvidia-smi will report 'Driver/library version mismatch'. Reboot to load the new kernel module.

      check: sudo reboot; or: sudo rmmod nvidia_uvm nvidia_drm nvidia_modeset nvidia && sudo modprobe nvidia

[OK] NVIDIA driver branch consistency: single branch installed: 580

[WARN] DKMS detail: 13 installed, 15 NOT installed

      cause: Some DKMS modules failed to build/install. Common causes: Mellanox OFED (iser/isert/mlnx-nfsrdma) vs newer kernel headers, or NVIDIA module not yet built post-install.

      check: sudo dkms autoinstall; sudo dkms status; sudo dmesg | grep -iE 'dkms|module'

      DKMS: iser/25.10.OFED.25.10.2.4.1.1-1, 6.8.0-107-generic, x86_64: installed (Original modules exist)

      DKMS: iser/25.10.OFED.25.10.2.4.1.1-1, 6.8.0-110-generic, x86_64: installed (Original modules exist)

      DKMS: iser/25.10.OFED.25.10.2.4.1.1-1, 6.8.0-117-generic, x86_64: installed (Original modules exist)

      DKMS: isert/25.10.OFED.25.10.2.4.1.1-1, 6.8.0-107-generic, x86_64: installed (Original modules exist)

      DKMS: isert/25.10.OFED.25.10.2.4.1.1-1, 6.8.0-110-generic, x86_64: installed (Original modules exist)

      DKMS: isert/25.10.OFED.25.10.2.4.1.1-1, 6.8.0-117-generic, x86_64: installed (Original modules exist)

      DKMS: mlnx-nfsrdma/25.10.OFED.25.10.2.4.1.1-1, 6.8.0-107-generic, x86_64: installed (Original modules exist)

      DKMS: mlnx-nfsrdma/25.10.OFED.25.10.2.4.1.1-1, 6.8.0-110-generic, x86_64: installed (Original modules exist)

      DKMS: mlnx-nfsrdma/25.10.OFED.25.10.2.4.1.1-1, 6.8.0-117-generic, x86_64: installed (Original modules exist)

      DKMS: mlnx-ofed-kernel/25.10.OFED.25.10.2.4.1.1-1, 6.8.0-107-generic, x86_64: installed (Original modules exist)

      DKMS: mlnx-ofed-kernel/25.10.OFED.25.10.2.4.1.1-1, 6.8.0-110-generic, x86_64: installed (Original modules exist)

      DKMS: mlnx-ofed-kernel/25.10.OFED.25.10.2.4.1.1-1, 6.8.0-117-generic, x86_64: installed (Original modules exist)

      DKMS: srp/25.10.OFED.25.10.2.4.1.1-1, 6.8.0-107-generic, x86_64: installed (Original modules exist)

      DKMS: srp/25.10.OFED.25.10.2.4.1.1-1, 6.8.0-110-generic, x86_64: installed (Original modules exist)

      DKMS: srp/25.10.OFED.25.10.2.4.1.1-1, 6.8.0-117-generic, x86_64: installed (Original modules exist)

[OK] Secure Boot: SecureBoot disabled

[BAD] Fabric Manager: nvidia-fabricmanager NOT active on 2-GPU NVSwitch box — multi-GPU collectives will fall back to PCIe (silent ~20x slowdown)

      cause: Most common cause: driver kmod not loaded — reboot needed after install. Other: NVSwitch hardware unreachable.

      check: sudo systemctl status nvidia-fabricmanager; sudo journalctl -u nvidia-fabricmanager -n 80

[OK] Persistence daemon: nvidia-persistenced active

[OK] DCGM: nvidia-dcgm active (use 'dcgmi discovery -l' / 'dcgmi diag -r 1')

[OK] nccl-tests: all_reduce_perf installed (run: all_reduce_perf -b 8 -e 8G -f 2 -g $(nvidia-smi -L | wc -l))

[BAD] NVIDIA Container Toolkit: nvidia-ctk command not found

      cause: Container toolkit was in the bundle manifest but did not install.

      check: dpkg -l 'nvidia-container*'; command -v nvidia-ctk

[OK] VS Code: 

[OK] Chrome: Google Chrome 148.0.7778.167 

[OK] Firefox: Mozilla Firefox 150.0.3

[OK] Node.js: v22.22.3

[OK] npm: 10.9.8

[OK] Bun: 1.3.14

[OK] Opencode: opencode command exists

[OK] LLM inference venv: modules present: torch, vllm, fastapi, transformers

      check: /scratch/llm_inference/venv/bin/python -m pip check

[WARN] LLM inference venv pip check: opentelemetry-proto 1.41.1 has requirement protobuf<7.0,>=5.0, but you have protobuf 4.25.9.

opencv-python-headless 4.13.0.92 has requirement numpy>=2; python_version >= "3.9", but you have numpy 1.26.4.

cryptography 48.0.0 has requirement cffi>=2.0.0; platform_python_implementation != "PyPy", but you have cffi 1.16.0.

vllm 0.21.0 has requirement aiohttp>=3.13.3, but you have aiohttp 3.9.5.

vllm 0.21.0 has requirement protobuf!=6.30.*,!=6.31.*,!=6.32.*,!=6.33.0.*,!=6.33.1.*,!=6.33.2.*,!=6.33.3.*,!=6.33.4.*,>=5.29.6, but you have protobuf 4.25.9.

vllm 0.21.0 has requirement pydantic>=2.12.0, but you have pydantic 2.11.10.

vllm 0.21.0 has requirement torch==2.11.0, but you have torch 2.6.0+cpu.

vllm 0.21.0 has requirement torchvision==0.26.0, but you have torchvision 0.21.0+cpu.

      cause: Installed Python packages have dependency conflicts.

      check: /scratch/llm_inference/venv/bin/python -m pip check

[WARN] LLM inference venv torch+CUDA: torch=2.6.0+cpu cuda_runtime=None cuda_available=False device_count=0

      cause: torch is installed but cannot see CUDA: NVIDIA driver not loaded, kernel module missing, or a CPU-only torch wheel was installed.

      check: nvidia-smi; /scratch/llm_inference/venv/bin/python -c 'import torch; print(torch.version.cuda, torch.cuda.is_available())'

[OK] General training venv: modules present: torch, torch_geometric, numpy, h5py, scipy

      check: /scratch/general_training/venv/bin/python -m pip check

[OK] General training venv pip check: No broken requirements found.

[WARN] General training venv torch+CUDA: /scratch/general_training/venv/lib/python3.12/site-packages/torch/cuda/__init__.py:180: UserWarning: CUDA initialization: Unexpected error from cudaGetDeviceCount(). Did you run some cuda functions before calling NumCudaDevices() that might have already set an error? Error 803: system has unsupported display driver / cuda driver combination (Triggered internally at /pytorch/c10/cuda/CUDAFunctions.cpp:119.)

  return torch._C._cuda_getDeviceCount() > 0

torch=2.11.0+cu130 cuda_runtime=13.0 cuda_available=False device_count=0

      cause: torch is installed but cannot see CUDA: NVIDIA driver not loaded, kernel module missing, or a CPU-only torch wheel was installed.

      check: nvidia-smi; /scratch/general_training/venv/bin/python -c 'import torch; print(torch.version.cuda, torch.cuda.is_available())'

[OK] Jupyter venv: modules present: jupyterlab, notebook, ipykernel, pandas

      check: /scratch/jupyter/venv/bin/python -m pip check

[OK] Jupyter launcher: /root/start-jupyter.sh exists

[OK] llama.cpp: 0.00.003.255 E ggml_cuda_init: failed to initialize CUDA: system has unsupported display driver / cuda driver combination

[OK] XFCE4: startxfce4 command exists

[OK] xrdp: service is active on the host

[OK] xrdp session: /etc/xrdp/startwm.sh launches XFCE4

[SKIP] K3s: INSTALL_K3S=0

[OK] Inference prefix: /scratch/llm_inference (9.1G)

[OK] Training prefix: /scratch/general_training (6.6G)

[OK] Jupyter prefix: /scratch/jupyter (1.2G)

[OK] llama.cpp prefix: /scratch/llama.cpp (2.8G)

[WARN] service:nvidia-fabricmanager: installed but failed

unknown

      cause: Service unit exists but is not active. May need start, reboot, or has failed.

      check: sudo systemctl status nvidia-fabricmanager; journalctl -u nvidia-fabricmanager -n 80

[OK] service:nvidia-persistenced: active

[OK] service:nvidia-dcgm: active

[OK] service:xrdp: active

[OK] service:xrdp-sesman: active

[OK] service:ssh: active

[WARN] Install log errors: 10 error-like line(s) in transcript (showing tail)

      cause: These were surfaced during install. Cross-reference with BAD lines above to determine impact.

      check: grep -nE 'E:|dpkg: error|FATAL' /home/leesihun/home_dir/install-all-20260519T120810Z.log | less

      233:E: Unable to locate package nvidia-container-toolkit

      234:E: Unable to locate package nvidia-container-toolkit-base

      235:E: Unable to locate package libnvidia-container1

      236:E: Unable to locate package libnvidia-container-tools

      352:dpkg: error processing archive /home/leesihun/home_dir/GPU_server_downloads/debs/libnvidia-cfg1-580_580.159.04-1ubuntu1_amd64.deb (--install):

      458:dpkg: error processing archive /home/leesihun/home_dir/GPU_server_downloads/debs/nvidia-dkms-580-open_580.159.04-1ubuntu1_amd64.deb (--install):

      465:dpkg: error processing archive /home/leesihun/home_dir/GPU_server_downloads/debs/nvidia-kernel-common-580_580.159.04-1ubuntu1_amd64.deb (--install):

      471:dpkg: error processing archive /home/leesihun/home_dir/GPU_server_downloads/debs/nvidia-kernel-source-580-open_580.159.04-1ubuntu1_amd64.deb (--install):

      480:dpkg: error processing archive /home/leesihun/home_dir/GPU_server_downloads/debs/xserver-xorg-video-nvidia-580_580.159.04-1ubuntu1_amd64.deb (--install):

      779:Errors were encountered while processing:

[WARN] Installer warnings: 22 warning(s) were raised during the run

      cause: These are the warnings emitted while installing; some may be acceptable skips.

      check: read this diagnostics file and the terminal output above it

      warning 01: Local apt install failed; falling back to dpkg multi-pass.

      warning 02: ALLOW_DPKG_FALLBACK=1 set; force-installing all bundled .debs.

      warning 03: DKMS: iser/25.10.OFED.25.10.2.4.1.1-1, 6.8.0-107-generic, x86_64: installed (Original modules exist)  (pre-existing module; not installed by this script)

      warning 04: DKMS: iser/25.10.OFED.25.10.2.4.1.1-1, 6.8.0-110-generic, x86_64: installed (Original modules exist)  (pre-existing module; not installed by this script)

      warning 05: DKMS: iser/25.10.OFED.25.10.2.4.1.1-1, 6.8.0-117-generic, x86_64: installed (Original modules exist)  (pre-existing module; not installed by this script)

      warning 06: DKMS: isert/25.10.OFED.25.10.2.4.1.1-1, 6.8.0-107-generic, x86_64: installed (Original modules exist)  (pre-existing module; not installed by this script)

      warning 07: DKMS: isert/25.10.OFED.25.10.2.4.1.1-1, 6.8.0-110-generic, x86_64: installed (Original modules exist)  (pre-existing module; not installed by this script)

      warning 08: DKMS: isert/25.10.OFED.25.10.2.4.1.1-1, 6.8.0-117-generic, x86_64: installed (Original modules exist)  (pre-existing module; not installed by this script)

      warning 09: DKMS: mlnx-nfsrdma/25.10.OFED.25.10.2.4.1.1-1, 6.8.0-107-generic, x86_64: installed (Original modules exist)  (pre-existing module; not installed by this script)

      warning 10: DKMS: mlnx-nfsrdma/25.10.OFED.25.10.2.4.1.1-1, 6.8.0-110-generic, x86_64: installed (Original modules exist)  (pre-existing module; not installed by this script)

      warning 11: DKMS: mlnx-nfsrdma/25.10.OFED.25.10.2.4.1.1-1, 6.8.0-117-generic, x86_64: installed (Original modules exist)  (pre-existing module; not installed by this script)

      warning 12: DKMS: mlnx-ofed-kernel/25.10.OFED.25.10.2.4.1.1-1, 6.8.0-107-generic, x86_64: installed (Original modules exist)  (pre-existing module; not installed by this script)

      warning 13: DKMS: mlnx-ofed-kernel/25.10.OFED.25.10.2.4.1.1-1, 6.8.0-110-generic, x86_64: installed (Original modules exist)  (pre-existing module; not installed by this script)

      warning 14: DKMS: mlnx-ofed-kernel/25.10.OFED.25.10.2.4.1.1-1, 6.8.0-117-generic, x86_64: installed (Original modules exist)  (pre-existing module; not installed by this script)

      warning 15: DKMS: srp/25.10.OFED.25.10.2.4.1.1-1, 6.8.0-107-generic, x86_64: installed (Original modules exist)  (pre-existing module; not installed by this script)

      warning 16: DKMS: srp/25.10.OFED.25.10.2.4.1.1-1, 6.8.0-110-generic, x86_64: installed (Original modules exist)  (pre-existing module; not installed by this script)

      warning 17: DKMS: srp/25.10.OFED.25.10.2.4.1.1-1, 6.8.0-117-generic, x86_64: installed (Original modules exist)  (pre-existing module; not installed by this script)

      warning 18: DKMS build failures above are typically Mellanox OFED/kernel version mismatches on the host — rebuild manually: sudo dkms autoinstall

      warning 19: nvidia-smi exists but no GPU is visible yet; reboot may be required after driver install.

      warning 20: nvidia-fabricmanager failed to start. Recent journal:

      warning 21: Service is enabled and will retry after reboot. If it still fails, check NVSwitch fabric init in dmesg.

      warning 22: Inference venv has dependency conflicts.



################ WHAT FAILED (BAD) ################

These items did NOT install correctly. Address them in order:



   1. [Script exit]

      what : installer exited with code 18

      why  : command failed with exit 18: out=$("$bin" $flag 2>&1)

      fix  : rerun the command after fixing the error above



   2. [APT package list]

      what : 4/122 listed package(s) missing: nvidia-container-toolkit nvidia-container-toolkit-base libnvidia-container1 libnvidia-container-tools

      why  : The bundled local apt repo failed, dependencies were unavailable, or packages were removed later.

      fix  : grep -n '^' /home/leesihun/home_dir/GPU_server_downloads/meta/apt-packages.txt; dpkg-query -W <package>



   3. [NVIDIA driver]

      what : nvidia-smi cannot see GPUs

      why  : Driver/kernel modules are not ready, a reboot is needed, Secure Boot blocked DKMS, or no GPU is present. See NVIDIA kmod / DKMS / Secure Boot checks below.

      fix  : nvidia-smi; mokutil --sb-state; dmesg | grep -i nvidia | tail -n 40



   4. [Fabric Manager]

      what : nvidia-fabricmanager NOT active on 2-GPU NVSwitch box — multi-GPU collectives will fall back to PCIe (silent ~20x slowdown)

      why  : Most common cause: driver kmod not loaded — reboot needed after install. Other: NVSwitch hardware unreachable.

      fix  : sudo systemctl status nvidia-fabricmanager; sudo journalctl -u nvidia-fabricmanager -n 80



   5. [NVIDIA Container Toolkit]

      what : nvidia-ctk command not found

      why  : Container toolkit was in the bundle manifest but did not install.

      fix  : dpkg -l 'nvidia-container*'; command -v nvidia-ctk





############### WHAT NEEDS REVIEW (WARN) ###############

These items installed but have caveats:



   1. [CUDA profile.d] /etc/profile.d/cuda-*.sh missing

      why  : New shells will not have CUDA on PATH automatically.

      fix  : echo 'export PATH=/usr/local/cuda-13.0/bin:$PATH' | sudo tee /etc/profile.d/cuda-13-0.sh

   2. [NVIDIA driver branch] loaded=595, userspace=580

      why  : Kernel module and userspace driver are from different branches. nvidia-smi will report 'Driver/library version mismatch'. Reboot to load the new kernel module.

      fix  : sudo reboot; or: sudo rmmod nvidia_uvm nvidia_drm nvidia_modeset nvidia && sudo modprobe nvidia

   3. [DKMS detail] 13 installed, 15 NOT installed

      why  : Some DKMS modules failed to build/install. Common causes: Mellanox OFED (iser/isert/mlnx-nfsrdma) vs newer kernel headers, or NVIDIA module not yet built post-install.

      fix  : sudo dkms autoinstall; sudo dkms status; sudo dmesg | grep -iE 'dkms|module'

   4. [LLM inference venv pip check] opentelemetry-proto 1.41.1 has requirement protobuf<7.0,>=5.0, but you have protobuf 4.25.9.

   5. [LLM inference venv torch+CUDA] torch=2.6.0+cpu cuda_runtime=None cuda_available=False device_count=0

      why  : torch is installed but cannot see CUDA: NVIDIA driver not loaded, kernel module missing, or a CPU-only torch wheel was installed.

      fix  : nvidia-smi; /scratch/llm_inference/venv/bin/python -c 'import torch; print(torch.version.cuda, torch.cuda.is_available())'

   6. [General training venv torch+CUDA] /scratch/general_training/venv/lib/python3.12/site-packages/torch/cuda/__init__.py:180: UserWarning: CUDA initialization: Unexpected error from cudaGetDeviceCount(). Did you run some cuda functions before calling NumCudaDevices() that might have already set an error? Error 803: system has unsupported display driver / cuda driver combination (Triggered internally at /pytorch/c10/cuda/CUDAFunctions.cpp:119.)

   7. [service:nvidia-fabricmanager] installed but failed

   8. [Install log errors] 10 error-like line(s) in transcript (showing tail)

      why  : These were surfaced during install. Cross-reference with BAD lines above to determine impact.

      fix  : grep -nE 'E:|dpkg: error|FATAL' /home/leesihun/home_dir/install-all-20260519T120810Z.log | less

   9. [Installer warnings] 22 warning(s) were raised during the run

      why  : These are the warnings emitted while installing; some may be acceptable skips.

      fix  : read this diagnostics file and the terminal output above it





Result counts: OK=48 WARN=9 BAD=5 SKIP=1

Overall: NEEDS ATTENTION  (5 failed item(s) listed above)

Failures file: /home/leesihun/home_dir/install-diagnostics-20260519T120810Z-failures.txt



Useful next checks:

  tail -n 200 /home/leesihun/home_dir/install-all-20260519T120810Z.log

  grep -nE 'ERROR|BAD|failed|not found|Unable|E: ' /home/leesihun/home_dir/install-all-20260519T120810Z.log | tail -n 80

  nvidia-smi && nvcc --version

  source /scratch/llm_inference/venv/bin/activate && python -m pip check

  source /scratch/general_training/venv/bin/activate && python -m pip check

  /scratch/llama.cpp/build/bin/llama-server -m /path/to/model.gguf --host 0.0.0.0 --port 8080

  bash /root/start-jupyter.sh

  sudo systemctl status xrdp

=====================================================

Full transcript saved to: /home/leesihun/home_dir/install-all-20260519T120810Z.log

Diagnostics summary saved to: /home/leesihun/home_dir/install-diagnostics-20260519T120810Z.log









# Install failures captured at 2026-05-19T12:20:02Z

# Transcript: /home/leesihun/home_dir/install-all-20260519T120810Z.log

#

[1] AREA: Script exit

    DETAIL: installer exited with code 18

    CAUSE: command failed with exit 18: out=$("$bin" $flag 2>&1)

    CHECK: rerun the command after fixing the error above



[2] AREA: APT package list

    DETAIL: 4/122 listed package(s) missing: nvidia-container-toolkit nvidia-container-toolkit-base libnvidia-container1 libnvidia-container-tools

    CAUSE: The bundled local apt repo failed, dependencies were unavailable, or packages were removed later.

    CHECK: grep -n '^' /home/leesihun/home_dir/GPU_server_downloads/meta/apt-packages.txt; dpkg-query -W <package>



[3] AREA: NVIDIA driver

    DETAIL: nvidia-smi cannot see GPUs

    CAUSE: Driver/kernel modules are not ready, a reboot is needed, Secure Boot blocked DKMS, or no GPU is present. See NVIDIA kmod / DKMS / Secure Boot checks below.

    CHECK: nvidia-smi; mokutil --sb-state; dmesg | grep -i nvidia | tail -n 40



[4] AREA: Fabric Manager

    DETAIL: nvidia-fabricmanager NOT active on 2-GPU NVSwitch box — multi-GPU collectives will fall back to PCIe (silent ~20x slowdown)

    CAUSE: Most common cause: driver kmod not loaded — reboot needed after install. Other: NVSwitch hardware unreachable.

    CHECK: sudo systemctl status nvidia-fabricmanager; sudo journalctl -u nvidia-fabricmanager -n 80



[5] AREA: NVIDIA Container Toolkit

    DETAIL: nvidia-ctk command not found

    CAUSE: Container toolkit was in the bundle manifest but did not install.

    CHECK: dpkg -l 'nvidia-container*'; command -v nvidia-ctk

















================ INSTALL DIAGNOSTICS ================

Started UTC : 2026-05-19T12:08:10Z

Finished UTC: 2026-05-19T12:19:51Z

Exit code   : 18

Script      : /home/leesihun/home_dir/install-all.sh

Bundle dir  : /home/leesihun/home_dir/GPU_server_downloads

Transcript  : /home/leesihun/home_dir/install-all-20260519T120810Z.log

Diagnostics : /home/leesihun/home_dir/install-diagnostics-20260519T120810Z.log



[BAD] Script exit: installer exited with code 18

      cause: command failed with exit 18: out=$("$bin" $flag 2>&1)

      check: rerun the command after fixing the error above

[OK] Bundle layout: found debs/ and apps/

[OK] Host compatibility: ubuntu 24.04 / amd64 matches bundle metadata

[OK] Disk space /: 700G free on /dev/nvme3n1p3

[OK] Kernel state: running kernel 6.8.0-117-generic (matches newest installed)

[OK] Bundle checksums: startup SHA256 verification completed before installation continued

      check: cd /home/leesihun/home_dir/GPU_server_downloads && sha256sum --quiet -c meta/SHA256SUMS

[OK] Wheel requirements: inference: 351 package pin(s) written to /home/leesihun/home_dir/GPU_server_downloads/wheels/inference/requirements.txt

[OK] Wheel requirements: jupyter: 151 package pin(s) written to /home/leesihun/home_dir/GPU_server_downloads/wheels/jupyter/requirements.txt

[OK] Wheel requirements: llamacpp: 100 package pin(s) written to /home/leesihun/home_dir/GPU_server_downloads/wheels/llamacpp/requirements.txt

[OK] Wheel requirements: training: 152 package pin(s) written to /home/leesihun/home_dir/GPU_server_downloads/wheels/training/requirements.txt

[OK] dpkg state: no half-installed or unconfigured packages detected

[BAD] APT package list: 4/122 listed package(s) missing: nvidia-container-toolkit nvidia-container-toolkit-base libnvidia-container1 libnvidia-container-tools

      cause: The bundled local apt repo failed, dependencies were unavailable, or packages were removed later.

      check: grep -n '^' /home/leesihun/home_dir/GPU_server_downloads/meta/apt-packages.txt; dpkg-query -W <package>

[OK] APT source cleanup: no leftover airgap-bundle.list

[OK] Python 3.12: Python 3.12.3

[OK] CUDA toolkit: /usr/local/cuda-13.0 exists

[OK] CUDA symlink: /usr/local/cuda → /usr/local/cuda-13.0

[WARN] CUDA profile.d: /etc/profile.d/cuda-*.sh missing

      cause: New shells will not have CUDA on PATH automatically.

      check: echo 'export PATH=/usr/local/cuda-13.0/bin:$PATH' | sudo tee /etc/profile.d/cuda-13-0.sh

[OK] CUDA ldconfig: 6 CUDA libs in linker cache (libcudart/cublas/cudnn-class)

[OK] nvcc: Cuda compilation tools, release 13.0, V13.0.88

[OK] NCCL: 2.30.4 (lib: /usr/lib/x86_64-linux-gnu/libnccl.so.2)

[BAD] NVIDIA driver: nvidia-smi cannot see GPUs

      cause: Driver/kernel modules are not ready, a reboot is needed, Secure Boot blocked DKMS, or no GPU is present. See NVIDIA kmod / DKMS / Secure Boot checks below.

      check: nvidia-smi; mokutil --sb-state; dmesg | grep -i nvidia | tail -n 40

[OK] NVIDIA kmod: 4 module(s) loaded; driver=595.58.03

[WARN] NVIDIA driver branch: loaded=595, userspace=580

      cause: Kernel module and userspace driver are from different branches. nvidia-smi will report 'Driver/library version mismatch'. Reboot to load the new kernel module.

      check: sudo reboot; or: sudo rmmod nvidia_uvm nvidia_drm nvidia_modeset nvidia && sudo modprobe nvidia

[OK] NVIDIA driver branch consistency: single branch installed: 580

[WARN] DKMS detail: 13 installed, 15 NOT installed

      cause: Some DKMS modules failed to build/install. Common causes: Mellanox OFED (iser/isert/mlnx-nfsrdma) vs newer kernel headers, or NVIDIA module not yet built post-install.

      check: sudo dkms autoinstall; sudo dkms status; sudo dmesg | grep -iE 'dkms|module'

      DKMS: iser/25.10.OFED.25.10.2.4.1.1-1, 6.8.0-107-generic, x86_64: installed (Original modules exist)

      DKMS: iser/25.10.OFED.25.10.2.4.1.1-1, 6.8.0-110-generic, x86_64: installed (Original modules exist)

      DKMS: iser/25.10.OFED.25.10.2.4.1.1-1, 6.8.0-117-generic, x86_64: installed (Original modules exist)

      DKMS: isert/25.10.OFED.25.10.2.4.1.1-1, 6.8.0-107-generic, x86_64: installed (Original modules exist)

      DKMS: isert/25.10.OFED.25.10.2.4.1.1-1, 6.8.0-110-generic, x86_64: installed (Original modules exist)

      DKMS: isert/25.10.OFED.25.10.2.4.1.1-1, 6.8.0-117-generic, x86_64: installed (Original modules exist)

      DKMS: mlnx-nfsrdma/25.10.OFED.25.10.2.4.1.1-1, 6.8.0-107-generic, x86_64: installed (Original modules exist)

      DKMS: mlnx-nfsrdma/25.10.OFED.25.10.2.4.1.1-1, 6.8.0-110-generic, x86_64: installed (Original modules exist)

      DKMS: mlnx-nfsrdma/25.10.OFED.25.10.2.4.1.1-1, 6.8.0-117-generic, x86_64: installed (Original modules exist)

      DKMS: mlnx-ofed-kernel/25.10.OFED.25.10.2.4.1.1-1, 6.8.0-107-generic, x86_64: installed (Original modules exist)

      DKMS: mlnx-ofed-kernel/25.10.OFED.25.10.2.4.1.1-1, 6.8.0-110-generic, x86_64: installed (Original modules exist)

      DKMS: mlnx-ofed-kernel/25.10.OFED.25.10.2.4.1.1-1, 6.8.0-117-generic, x86_64: installed (Original modules exist)

      DKMS: srp/25.10.OFED.25.10.2.4.1.1-1, 6.8.0-107-generic, x86_64: installed (Original modules exist)

      DKMS: srp/25.10.OFED.25.10.2.4.1.1-1, 6.8.0-110-generic, x86_64: installed (Original modules exist)

      DKMS: srp/25.10.OFED.25.10.2.4.1.1-1, 6.8.0-117-generic, x86_64: installed (Original modules exist)

[OK] Secure Boot: SecureBoot disabled

[BAD] Fabric Manager: nvidia-fabricmanager NOT active on 2-GPU NVSwitch box — multi-GPU collectives will fall back to PCIe (silent ~20x slowdown)

      cause: Most common cause: driver kmod not loaded — reboot needed after install. Other: NVSwitch hardware unreachable.

      check: sudo systemctl status nvidia-fabricmanager; sudo journalctl -u nvidia-fabricmanager -n 80

[OK] Persistence daemon: nvidia-persistenced active

[OK] DCGM: nvidia-dcgm active (use 'dcgmi discovery -l' / 'dcgmi diag -r 1')

[OK] nccl-tests: all_reduce_perf installed (run: all_reduce_perf -b 8 -e 8G -f 2 -g $(nvidia-smi -L | wc -l))

[BAD] NVIDIA Container Toolkit: nvidia-ctk command not found

      cause: Container toolkit was in the bundle manifest but did not install.

      check: dpkg -l 'nvidia-container*'; command -v nvidia-ctk

[OK] VS Code: 

[OK] Chrome: Google Chrome 148.0.7778.167 

[OK] Firefox: Mozilla Firefox 150.0.3

[OK] Node.js: v22.22.3

[OK] npm: 10.9.8

[OK] Bun: 1.3.14

[OK] Opencode: opencode command exists

[OK] LLM inference venv: modules present: torch, vllm, fastapi, transformers

      check: /scratch/llm_inference/venv/bin/python -m pip check

[WARN] LLM inference venv pip check: opentelemetry-proto 1.41.1 has requirement protobuf<7.0,>=5.0, but you have protobuf 4.25.9.

opencv-python-headless 4.13.0.92 has requirement numpy>=2; python_version >= "3.9", but you have numpy 1.26.4.

cryptography 48.0.0 has requirement cffi>=2.0.0; platform_python_implementation != "PyPy", but you have cffi 1.16.0.

vllm 0.21.0 has requirement aiohttp>=3.13.3, but you have aiohttp 3.9.5.

vllm 0.21.0 has requirement protobuf!=6.30.*,!=6.31.*,!=6.32.*,!=6.33.0.*,!=6.33.1.*,!=6.33.2.*,!=6.33.3.*,!=6.33.4.*,>=5.29.6, but you have protobuf 4.25.9.

vllm 0.21.0 has requirement pydantic>=2.12.0, but you have pydantic 2.11.10.

vllm 0.21.0 has requirement torch==2.11.0, but you have torch 2.6.0+cpu.

vllm 0.21.0 has requirement torchvision==0.26.0, but you have torchvision 0.21.0+cpu.

      cause: Installed Python packages have dependency conflicts.

      check: /scratch/llm_inference/venv/bin/python -m pip check

[WARN] LLM inference venv torch+CUDA: torch=2.6.0+cpu cuda_runtime=None cuda_available=False device_count=0

      cause: torch is installed but cannot see CUDA: NVIDIA driver not loaded, kernel module missing, or a CPU-only torch wheel was installed.

      check: nvidia-smi; /scratch/llm_inference/venv/bin/python -c 'import torch; print(torch.version.cuda, torch.cuda.is_available())'

[OK] General training venv: modules present: torch, torch_geometric, numpy, h5py, scipy

      check: /scratch/general_training/venv/bin/python -m pip check

[OK] General training venv pip check: No broken requirements found.

[WARN] General training venv torch+CUDA: /scratch/general_training/venv/lib/python3.12/site-packages/torch/cuda/__init__.py:180: UserWarning: CUDA initialization: Unexpected error from cudaGetDeviceCount(). Did you run some cuda functions before calling NumCudaDevices() that might have already set an error? Error 803: system has unsupported display driver / cuda driver combination (Triggered internally at /pytorch/c10/cuda/CUDAFunctions.cpp:119.)

  return torch._C._cuda_getDeviceCount() > 0

torch=2.11.0+cu130 cuda_runtime=13.0 cuda_available=False device_count=0

      cause: torch is installed but cannot see CUDA: NVIDIA driver not loaded, kernel module missing, or a CPU-only torch wheel was installed.

      check: nvidia-smi; /scratch/general_training/venv/bin/python -c 'import torch; print(torch.version.cuda, torch.cuda.is_available())'

[OK] Jupyter venv: modules present: jupyterlab, notebook, ipykernel, pandas

      check: /scratch/jupyter/venv/bin/python -m pip check

[OK] Jupyter launcher: /root/start-jupyter.sh exists

[OK] llama.cpp: 0.00.003.255 E ggml_cuda_init: failed to initialize CUDA: system has unsupported display driver / cuda driver combination

[OK] XFCE4: startxfce4 command exists

[OK] xrdp: service is active on the host

[OK] xrdp session: /etc/xrdp/startwm.sh launches XFCE4

[SKIP] K3s: INSTALL_K3S=0

[OK] Inference prefix: /scratch/llm_inference (9.1G)

[OK] Training prefix: /scratch/general_training (6.6G)

[OK] Jupyter prefix: /scratch/jupyter (1.2G)

[OK] llama.cpp prefix: /scratch/llama.cpp (2.8G)

[WARN] service:nvidia-fabricmanager: installed but failed

unknown

      cause: Service unit exists but is not active. May need start, reboot, or has failed.

      check: sudo systemctl status nvidia-fabricmanager; journalctl -u nvidia-fabricmanager -n 80

[OK] service:nvidia-persistenced: active

[OK] service:nvidia-dcgm: active

[OK] service:xrdp: active

[OK] service:xrdp-sesman: active

[OK] service:ssh: active

[WARN] Install log errors: 10 error-like line(s) in transcript (showing tail)

      cause: These were surfaced during install. Cross-reference with BAD lines above to determine impact.

      check: grep -nE 'E:|dpkg: error|FATAL' /home/leesihun/home_dir/install-all-20260519T120810Z.log | less

      233:E: Unable to locate package nvidia-container-toolkit

      234:E: Unable to locate package nvidia-container-toolkit-base

      235:E: Unable to locate package libnvidia-container1

      236:E: Unable to locate package libnvidia-container-tools

      352:dpkg: error processing archive /home/leesihun/home_dir/GPU_server_downloads/debs/libnvidia-cfg1-580_580.159.04-1ubuntu1_amd64.deb (--install):

      458:dpkg: error processing archive /home/leesihun/home_dir/GPU_server_downloads/debs/nvidia-dkms-580-open_580.159.04-1ubuntu1_amd64.deb (--install):

      465:dpkg: error processing archive /home/leesihun/home_dir/GPU_server_downloads/debs/nvidia-kernel-common-580_580.159.04-1ubuntu1_amd64.deb (--install):

      471:dpkg: error processing archive /home/leesihun/home_dir/GPU_server_downloads/debs/nvidia-kernel-source-580-open_580.159.04-1ubuntu1_amd64.deb (--install):

      480:dpkg: error processing archive /home/leesihun/home_dir/GPU_server_downloads/debs/xserver-xorg-video-nvidia-580_580.159.04-1ubuntu1_amd64.deb (--install):

      779:Errors were encountered while processing:

[WARN] Installer warnings: 22 warning(s) were raised during the run

      cause: These are the warnings emitted while installing; some may be acceptable skips.

      check: read this diagnostics file and the terminal output above it

      warning 01: Local apt install failed; falling back to dpkg multi-pass.

      warning 02: ALLOW_DPKG_FALLBACK=1 set; force-installing all bundled .debs.

      warning 03: DKMS: iser/25.10.OFED.25.10.2.4.1.1-1, 6.8.0-107-generic, x86_64: installed (Original modules exist)  (pre-existing module; not installed by this script)

      warning 04: DKMS: iser/25.10.OFED.25.10.2.4.1.1-1, 6.8.0-110-generic, x86_64: installed (Original modules exist)  (pre-existing module; not installed by this script)

      warning 05: DKMS: iser/25.10.OFED.25.10.2.4.1.1-1, 6.8.0-117-generic, x86_64: installed (Original modules exist)  (pre-existing module; not installed by this script)

      warning 06: DKMS: isert/25.10.OFED.25.10.2.4.1.1-1, 6.8.0-107-generic, x86_64: installed (Original modules exist)  (pre-existing module; not installed by this script)

      warning 07: DKMS: isert/25.10.OFED.25.10.2.4.1.1-1, 6.8.0-110-generic, x86_64: installed (Original modules exist)  (pre-existing module; not installed by this script)

      warning 08: DKMS: isert/25.10.OFED.25.10.2.4.1.1-1, 6.8.0-117-generic, x86_64: installed (Original modules exist)  (pre-existing module; not installed by this script)

      warning 09: DKMS: mlnx-nfsrdma/25.10.OFED.25.10.2.4.1.1-1, 6.8.0-107-generic, x86_64: installed (Original modules exist)  (pre-existing module; not installed by this script)

      warning 10: DKMS: mlnx-nfsrdma/25.10.OFED.25.10.2.4.1.1-1, 6.8.0-110-generic, x86_64: installed (Original modules exist)  (pre-existing module; not installed by this script)

      warning 11: DKMS: mlnx-nfsrdma/25.10.OFED.25.10.2.4.1.1-1, 6.8.0-117-generic, x86_64: installed (Original modules exist)  (pre-existing module; not installed by this script)

      warning 12: DKMS: mlnx-ofed-kernel/25.10.OFED.25.10.2.4.1.1-1, 6.8.0-107-generic, x86_64: installed (Original modules exist)  (pre-existing module; not installed by this script)

      warning 13: DKMS: mlnx-ofed-kernel/25.10.OFED.25.10.2.4.1.1-1, 6.8.0-110-generic, x86_64: installed (Original modules exist)  (pre-existing module; not installed by this script)

      warning 14: DKMS: mlnx-ofed-kernel/25.10.OFED.25.10.2.4.1.1-1, 6.8.0-117-generic, x86_64: installed (Original modules exist)  (pre-existing module; not installed by this script)

      warning 15: DKMS: srp/25.10.OFED.25.10.2.4.1.1-1, 6.8.0-107-generic, x86_64: installed (Original modules exist)  (pre-existing module; not installed by this script)

      warning 16: DKMS: srp/25.10.OFED.25.10.2.4.1.1-1, 6.8.0-110-generic, x86_64: installed (Original modules exist)  (pre-existing module; not installed by this script)

      warning 17: DKMS: srp/25.10.OFED.25.10.2.4.1.1-1, 6.8.0-117-generic, x86_64: installed (Original modules exist)  (pre-existing module; not installed by this script)

      warning 18: DKMS build failures above are typically Mellanox OFED/kernel version mismatches on the host — rebuild manually: sudo dkms autoinstall

      warning 19: nvidia-smi exists but no GPU is visible yet; reboot may be required after driver install.

      warning 20: nvidia-fabricmanager failed to start. Recent journal:

      warning 21: Service is enabled and will retry after reboot. If it still fails, check NVSwitch fabric init in dmesg.

      warning 22: Inference venv has dependency conflicts.



################ WHAT FAILED (BAD) ################

These items did NOT install correctly. Address them in order:



   1. [Script exit]

      what : installer exited with code 18

      why  : command failed with exit 18: out=$("$bin" $flag 2>&1)

      fix  : rerun the command after fixing the error above



   2. [APT package list]

      what : 4/122 listed package(s) missing: nvidia-container-toolkit nvidia-container-toolkit-base libnvidia-container1 libnvidia-container-tools

      why  : The bundled local apt repo failed, dependencies were unavailable, or packages were removed later.

      fix  : grep -n '^' /home/leesihun/home_dir/GPU_server_downloads/meta/apt-packages.txt; dpkg-query -W <package>



   3. [NVIDIA driver]

      what : nvidia-smi cannot see GPUs

      why  : Driver/kernel modules are not ready, a reboot is needed, Secure Boot blocked DKMS, or no GPU is present. See NVIDIA kmod / DKMS / Secure Boot checks below.

      fix  : nvidia-smi; mokutil --sb-state; dmesg | grep -i nvidia | tail -n 40



   4. [Fabric Manager]

      what : nvidia-fabricmanager NOT active on 2-GPU NVSwitch box — multi-GPU collectives will fall back to PCIe (silent ~20x slowdown)

      why  : Most common cause: driver kmod not loaded — reboot needed after install. Other: NVSwitch hardware unreachable.

      fix  : sudo systemctl status nvidia-fabricmanager; sudo journalctl -u nvidia-fabricmanager -n 80



   5. [NVIDIA Container Toolkit]

      what : nvidia-ctk command not found

      why  : Container toolkit was in the bundle manifest but did not install.

      fix  : dpkg -l 'nvidia-container*'; command -v nvidia-ctk





############### WHAT NEEDS REVIEW (WARN) ###############

These items installed but have caveats:



   1. [CUDA profile.d] /etc/profile.d/cuda-*.sh missing

      why  : New shells will not have CUDA on PATH automatically.

      fix  : echo 'export PATH=/usr/local/cuda-13.0/bin:$PATH' | sudo tee /etc/profile.d/cuda-13-0.sh

   2. [NVIDIA driver branch] loaded=595, userspace=580

      why  : Kernel module and userspace driver are from different branches. nvidia-smi will report 'Driver/library version mismatch'. Reboot to load the new kernel module.

      fix  : sudo reboot; or: sudo rmmod nvidia_uvm nvidia_drm nvidia_modeset nvidia && sudo modprobe nvidia

   3. [DKMS detail] 13 installed, 15 NOT installed

      why  : Some DKMS modules failed to build/install. Common causes: Mellanox OFED (iser/isert/mlnx-nfsrdma) vs newer kernel headers, or NVIDIA module not yet built post-install.

      fix  : sudo dkms autoinstall; sudo dkms status; sudo dmesg | grep -iE 'dkms|module'

   4. [LLM inference venv pip check] opentelemetry-proto 1.41.1 has requirement protobuf<7.0,>=5.0, but you have protobuf 4.25.9.

   5. [LLM inference venv torch+CUDA] torch=2.6.0+cpu cuda_runtime=None cuda_available=False device_count=0

      why  : torch is installed but cannot see CUDA: NVIDIA driver not loaded, kernel module missing, or a CPU-only torch wheel was installed.

      fix  : nvidia-smi; /scratch/llm_inference/venv/bin/python -c 'import torch; print(torch.version.cuda, torch.cuda.is_available())'

   6. [General training venv torch+CUDA] /scratch/general_training/venv/lib/python3.12/site-packages/torch/cuda/__init__.py:180: UserWarning: CUDA initialization: Unexpected error from cudaGetDeviceCount(). Did you run some cuda functions before calling NumCudaDevices() that might have already set an error? Error 803: system has unsupported display driver / cuda driver combination (Triggered internally at /pytorch/c10/cuda/CUDAFunctions.cpp:119.)

   7. [service:nvidia-fabricmanager] installed but failed

   8. [Install log errors] 10 error-like line(s) in transcript (showing tail)

      why  : These were surfaced during install. Cross-reference with BAD lines above to determine impact.

      fix  : grep -nE 'E:|dpkg: error|FATAL' /home/leesihun/home_dir/install-all-20260519T120810Z.log | less

   9. [Installer warnings] 22 warning(s) were raised during the run

      why  : These are the warnings emitted while installing; some may be acceptable skips.

      fix  : read this diagnostics file and the terminal output above it





Result counts: OK=48 WARN=9 BAD=5 SKIP=1

Overall: NEEDS ATTENTION  (5 failed item(s) listed above)

Failures file: /home/leesihun/home_dir/install-diagnostics-20260519T120810Z-failures.txt



Useful next checks:

  tail -n 200 /home/leesihun/home_dir/install-all-20260519T120810Z.log

  grep -nE 'ERROR|BAD|failed|not found|Unable|E: ' /home/leesihun/home_dir/install-all-20260519T120810Z.log | tail -n 80

  nvidia-smi && nvcc --version

  source /scratch/llm_inference/venv/bin/activate && python -m pip check

  source /scratch/general_training/venv/bin/activate && python -m pip check

  /scratch/llama.cpp/build/bin/llama-server -m /path/to/model.gguf --host 0.0.0.0 --port 8080

  bash /root/start-jupyter.sh

  sudo systemctl status xrdp

=====================================================

Full transcript saved to: /home/leesihun/home_dir/install-all-20260519T120810Z.log

Diagnostics summary saved to: /home/leesihun/home_dir/install-diagnostics-20260519T120810Z.log





